{"timestamp":"2026-06-11T11:16:02.788668Z","level":"info","event":"::group::Pre Execute","logger":"task","filename":"task_runner.py","lineno":1926}
{"timestamp":"2026-06-11T11:16:06.798736Z","level":"info","event":"DAG bundles loaded: dags-folder, example_dags","run_id":"manual__2026-06-11T11:15:47.219248+00:00","map_index":-1,"ti_id":"019eb665-37d6-7a64-859a-9a6881997bef","task_id":"run_tbank_parser","try_number":1,"dag_id":"daily_data_update","logger":"airflow.dag_processing.bundles.manager.DagBundlesManager","filename":"manager.py","lineno":209}
{"timestamp":"2026-06-11T11:16:06.800896Z","level":"info","event":"Filling up the DagBag from /opt/airflow/dags/update_data.py","run_id":"manual__2026-06-11T11:15:47.219248+00:00","map_index":-1,"ti_id":"019eb665-37d6-7a64-859a-9a6881997bef","task_id":"run_tbank_parser","try_number":1,"dag_id":"daily_data_update","logger":"airflow.dag_processing.dagbag.BundleDagBag","filename":"dagbag.py","lineno":469}
{"timestamp":"2026-06-11T11:16:07.003156Z","level":"info","event":"Задача создана: run_tbank_parser","logger":"task.stdout"}
{"timestamp":"2026-06-11T11:16:06.999220Z","level":"warning","event":"The `airflow.operators.python.PythonOperator` attribute is deprecated. Please use `'airflow.providers.standard.operators.python.PythonOperator'`.","category":"UserWarning","filename":"/opt/airflow/dags/update_data.py","lineno":48,"run_id":"manual__2026-06-11T11:15:47.219248+00:00","map_index":-1,"ti_id":"019eb665-37d6-7a64-859a-9a6881997bef","task_id":"run_tbank_parser","try_number":1,"dag_id":"daily_data_update","logger":"py.warnings"}
{"timestamp":"2026-06-11T11:16:07.171982Z","level":"info","event":"Task instance is in running state","logger":"task.stdout"}
{"timestamp":"2026-06-11T11:16:07.180579Z","level":"info","event":" Previous state of the Task instance: TaskInstanceState.QUEUED","logger":"task.stdout"}
{"timestamp":"2026-06-11T11:16:07.184202Z","level":"info","event":"Current task name:run_tbank_parser","logger":"task.stdout"}
{"timestamp":"2026-06-11T11:16:07.184461Z","level":"info","event":"Dag name:daily_data_update","logger":"task.stdout"}
{"timestamp":"2026-06-11T11:16:07.170421Z","level":"info","event":"::endgroup::","run_id":"manual__2026-06-11T11:15:47.219248+00:00","map_index":-1,"ti_id":"019eb665-37d6-7a64-859a-9a6881997bef","task_id":"run_tbank_parser","try_number":1,"dag_id":"daily_data_update","logger":"task","filename":"task_runner.py","lineno":1727}
{"timestamp":"2026-06-11T11:16:07.184800Z","level":"info","event":"Запуск парсинга","logger":"task.stdout"}
{"timestamp":"2026-06-11T11:16:07.184893Z","level":"info","event":"","logger":"task.stdout"}
{"timestamp":"2026-06-11T11:16:07.184979Z","level":"info","event":"\u001b[36m================================================================================","logger":"task.stdout"}
{"timestamp":"2026-06-11T11:16:07.185061Z","level":"info","event":"\u001b[36mT-BANK KNOWLEDGE BASE PARSER & CLEANER","logger":"task.stdout"}
{"timestamp":"2026-06-11T11:16:07.185146Z","level":"info","event":"\u001b[36m================================================================================\u001b[0m","logger":"task.stdout"}
{"timestamp":"2026-06-11T11:16:07.185245Z","level":"info","event":"","logger":"task.stdout"}
{"timestamp":"2026-06-11T11:16:07.185350Z","level":"info","event":"\u001b[33m📥 ЭТАП 1: ПАРСИНГ","logger":"task.stdout"}
{"timestamp":"2026-06-11T11:16:07.185426Z","level":"info","event":"","logger":"task.stdout"}
{"timestamp":"2026-06-11T11:16:07.185499Z","level":"info","event":"","logger":"task.stdout"}
{"timestamp":"2026-06-11T11:16:07.185576Z","level":"info","event":"\u001b[36m================================================================================","logger":"task.stdout"}
{"timestamp":"2026-06-11T11:16:07.185656Z","level":"info","event":"\u001b[36m🚀 T-Bank Knowledge Parser","logger":"task.stdout"}
{"timestamp":"2026-06-11T11:16:07.185737Z","level":"info","event":"\u001b[36m================================================================================\u001b[0m","logger":"task.stdout"}
{"timestamp":"2026-06-11T11:16:07.185894Z","level":"info","event":"\u001b[32m📁 tbank_knowledge","logger":"task.stdout"}
{"timestamp":"2026-06-11T11:16:07.185966Z","level":"info","event":"\u001b[32m🌐 https://www.tbank.ru/invest/help/educate/how-it-works/","logger":"task.stdout"}
{"timestamp":"2026-06-11T11:16:07.186077Z","level":"info","event":"\u001b[33m📊 Глубина: 4","logger":"task.stdout"}
{"timestamp":"2026-06-11T11:16:07.186200Z","level":"info","event":"","logger":"task.stdout"}
{"timestamp":"2026-06-11T11:16:07.201900Z","level":"info","event":"","logger":"task.stdout"}
{"timestamp":"2026-06-11T11:16:07.202134Z","level":"info","event":"\u001b[36m[Глубина 0/4] https://www.tbank.ru/invest/help/educate/how-it-works/","logger":"task.stdout"}
{"timestamp":"2026-06-11T11:16:07.202253Z","level":"info","event":"\u001b[33m⬇️  https://www.tbank.ru/invest/help/educate/how-it-works/","logger":"task.stdout"}
{"timestamp":"2026-06-11T11:16:07.972397Z","level":"info","event":"\u001b[32m✅ 604246 байт","logger":"task.stdout"}
{"timestamp":"2026-06-11T11:16:08.133493Z","level":"info","event":"\u001b[32m   228 параграфов, 8847 символов","logger":"task.stdout"}
{"timestamp":"2026-06-11T11:16:08.137363Z","level":"info","event":"\u001b[36m💾 001_как_работает_рынок_ценных_бумаг.json","logger":"task.stdout"}
{"timestamp":"2026-06-11T11:16:08.140863Z","level":"info","event":"\u001b[32m✅ Статья #1: Как работает рынок ценных бумаг","logger":"task.stdout"}
{"timestamp":"2026-06-11T11:16:08.146239Z","level":"error","event":"\rПрогресс парсинга: 0стр [00:00, ?стр/s]","logger":"task.stderr"}
{"timestamp":"2026-06-11T11:16:08.163734Z","level":"error","event":"\rФильтрация ссылок:   0%|          | 0/385 [00:00<?, ?it/s]\u001b[A","logger":"task.stderr"}
{"timestamp":"2026-06-11T11:16:08.163974Z","level":"info","event":"\u001b[32m   Новых ссылок: 32","logger":"task.stdout"}
{"timestamp":"2026-06-11T11:16:08.164144Z","level":"info","event":"","logger":"task.stdout"}
{"timestamp":"2026-06-11T11:16:08.164296Z","level":"info","event":"\u001b[36m  [Глубина 1/4] https://www.tbank.ru/invest/help/educate/how-it-works/what-is-exchange/how-it-works/","logger":"task.stdout"}
{"timestamp":"2026-06-11T11:16:09.171124Z","level":"info","event":"\u001b[33m⬇️  https://www.tbank.ru/invest/help/educate/how-it-works/what-is-exchange/how-it-works/","logger":"task.stdout"}
{"timestamp":"2026-06-11T11:16:09.944534Z","level":"info","event":"\u001b[32m✅ 800113 байт","logger":"task.stdout"}
{"timestamp":"2026-06-11T11:16:10.253289Z","level":"info","event":"\u001b[32m   272 параграфов, 18868 символов","logger":"task.stdout"}
{"timestamp":"2026-06-11T11:16:10.266738Z","level":"info","event":"\u001b[36m💾 002_как_работает_фондовый_рынок.json","logger":"task.stdout"}
{"timestamp":"2026-06-11T11:16:10.267532Z","level":"info","event":"\u001b[32m✅ Статья #2: Как работает фондовый рынок","logger":"task.stdout"}
{"timestamp":"2026-06-11T11:16:10.279953Z","level":"error","event":"\r                                                          \u001b[A","logger":"task.stderr"}
{"timestamp":"2026-06-11T11:16:10.281499Z","level":"error","event":"\rФильтрация ссылок:   0%|          | 0/386 [00:00<?, ?it/s]\u001b[A","logger":"task.stderr"}
{"timestamp":"2026-06-11T11:16:10.281757Z","level":"info","event":"\u001b[32m   Новых ссылок: 30","logger":"task.stdout"}
{"timestamp":"2026-06-11T11:16:10.283140Z","level":"info","event":"","logger":"task.stdout"}
{"timestamp":"2026-06-11T11:16:10.283433Z","level":"info","event":"\u001b[36m    [Глубина 2/4] https://www.tbank.ru/invest/help/educate/how-it-works/what-is-exchange/exchange-types/","logger":"task.stdout"}
{"timestamp":"2026-06-11T11:16:11.300942Z","level":"info","event":"\u001b[33m⬇️  https://www.tbank.ru/invest/help/educate/how-it-works/what-is-exchange/exchange-types/","logger":"task.stdout"}
{"timestamp":"2026-06-11T11:16:12.548882Z","level":"info","event":"\u001b[32m✅ 729462 байт","logger":"task.stdout"}
{"timestamp":"2026-06-11T11:16:12.555256Z","level":"info","event":"\u001b[32m   277 параграфов, 16055 символов","logger":"task.stdout"}
{"timestamp":"2026-06-11T11:16:12.556463Z","level":"info","event":"\u001b[36m💾 003_виды_бирж.json","logger":"task.stdout"}
{"timestamp":"2026-06-11T11:16:12.556581Z","level":"info","event":"\u001b[32m✅ Статья #3: Виды бирж","logger":"task.stdout"}
{"timestamp":"2026-06-11T11:16:12.556668Z","level":"info","event":"\u001b[32m   Новых ссылок: 34","logger":"task.stdout"}
{"timestamp":"2026-06-11T11:16:12.556761Z","level":"info","event":"","logger":"task.stdout"}
{"timestamp":"2026-06-11T11:16:12.556821Z","level":"info","event":"\u001b[36m      [Глубина 3/4] https://www.tbank.ru/invest/help/educate/how-it-works/what-is-exchange/investment-features/?card=q6","logger":"task.stdout"}
{"timestamp":"2026-06-11T11:16:12.556974Z","level":"error","event":"\r                                                          \u001b[A","logger":"task.stderr"}
{"timestamp":"2026-06-11T11:16:12.557066Z","level":"error","event":"\rФильтрация ссылок:   0%|          | 0/391 [00:00<?, ?it/s]\u001b[A","logger":"task.stderr"}
{"timestamp":"2026-06-11T11:16:13.477976Z","level":"info","event":"\u001b[33m⬇️  https://www.tbank.ru/invest/help/educate/how-it-works/what-is-exchange/investment-features/?card=q6","logger":"task.stdout"}
{"timestamp":"2026-06-11T11:16:14.418156Z","level":"info","event":"\u001b[32m✅ 776402 байт","logger":"task.stdout"}
{"timestamp":"2026-06-11T11:16:14.518885Z","level":"info","event":"\u001b[32m   273 параграфов, 18040 символов","logger":"task.stdout"}
{"timestamp":"2026-06-11T11:16:14.522479Z","level":"info","event":"\u001b[36m💾 004_особенности_инвестирования_на_бирже.json","logger":"task.stdout"}
{"timestamp":"2026-06-11T11:16:14.525386Z","level":"info","event":"\u001b[32m✅ Статья #4: Особенности инвестирования на бирже","logger":"task.stdout"}
{"timestamp":"2026-06-11T11:16:14.526212Z","level":"error","event":"\r                                                          \u001b[A","logger":"task.stderr"}
{"timestamp":"2026-06-11T11:16:14.532331Z","level":"error","event":"\rФильтрация ссылок:   0%|          | 0/391 [00:00<?, ?it/s]\u001b[A","logger":"task.stderr"}
{"timestamp":"2026-06-11T11:16:14.532753Z","level":"info","event":"\u001b[32m   Новых ссылок: 32","logger":"task.stdout"}
{"timestamp":"2026-06-11T11:16:14.533446Z","level":"info","event":"","logger":"task.stdout"}
{"timestamp":"2026-06-11T11:16:14.533642Z","level":"info","event":"\u001b[36m        [Глубина 4/4] https://www.tbank.ru/invest/help/educate/how-it-works/ways-to-invest/ipo-n-buyback/","logger":"task.stdout"}
{"timestamp":"2026-06-11T11:16:15.537808Z","level":"info","event":"\u001b[33m⬇️  https://www.tbank.ru/invest/help/educate/how-it-works/ways-to-invest/ipo-n-buyback/","logger":"task.stdout"}
{"timestamp":"2026-06-11T11:16:16.456956Z","level":"info","event":"\u001b[32m✅ 773264 байт","logger":"task.stdout"}
{"timestamp":"2026-06-11T11:16:16.617348Z","level":"info","event":"\u001b[32m   267 параграфов, 17673 символов","logger":"task.stdout"}
{"timestamp":"2026-06-11T11:16:16.620483Z","level":"info","event":"\u001b[36m💾 005_размещение_и_выкуп_акций.json","logger":"task.stdout"}
{"timestamp":"2026-06-11T11:16:16.620775Z","level":"info","event":"\u001b[32m✅ Статья #5: Размещение и выкуп акций","logger":"task.stdout"}
{"timestamp":"2026-06-11T11:16:16.620898Z","level":"info","event":"","logger":"task.stdout"}
{"timestamp":"2026-06-11T11:16:16.620996Z","level":"info","event":"\u001b[36m        [Глубина 4/4] https://www.tbank.ru/invest/help/brokerage/account/about-bs/pros-n-cons/?card=q4","logger":"task.stdout"}
{"timestamp":"2026-06-11T11:16:17.623015Z","level":"info","event":"\u001b[33m⬇️  https://www.tbank.ru/invest/help/brokerage/account/about-bs/pros-n-cons/?card=q4","logger":"task.stdout"}
{"timestamp":"2026-06-11T11:16:18.867380Z","level":"info","event":"\u001b[32m✅ 776744 байт","logger":"task.stdout"}
{"timestamp":"2026-06-11T11:16:18.937719Z","level":"info","event":"\u001b[32m   273 параграфов, 18040 символов","logger":"task.stdout"}
{"timestamp":"2026-06-11T11:16:18.940598Z","level":"info","event":"\u001b[36m💾 006_особенности_инвестирования_на_бирже.json","logger":"task.stdout"}
{"timestamp":"2026-06-11T11:16:18.940725Z","level":"info","event":"\u001b[32m✅ Статья #6: Особенности инвестирования на бирже","logger":"task.stdout"}
{"timestamp":"2026-06-11T11:16:18.940802Z","level":"info","event":"","logger":"task.stdout"}
{"timestamp":"2026-06-11T11:16:18.940858Z","level":"info","event":"\u001b[36m        [Глубина 4/4] https://www.tbank.ru/invest/help/educate/how-it-works/rookie-advice/liquidity/","logger":"task.stdout"}
{"timestamp":"2026-06-11T11:16:19.943042Z","level":"info","event":"\u001b[33m⬇️  https://www.tbank.ru/invest/help/educate/how-it-works/rookie-advice/liquidity/","logger":"task.stdout"}
{"timestamp":"2026-06-11T11:16:20.323867Z","level":"info","event":"\u001b[32m✅ 1064749 байт","logger":"task.stdout"}
{"timestamp":"2026-06-11T11:16:20.434289Z","level":"info","event":"\u001b[32m   353 параграфов, 33922 символов","logger":"task.stdout"}
{"timestamp":"2026-06-11T11:16:20.437126Z","level":"info","event":"\u001b[36m💾 007_что_такое_ликвидность.json","logger":"task.stdout"}
{"timestamp":"2026-06-11T11:16:20.437265Z","level":"info","event":"\u001b[32m✅ Статья #7: Что такое ликвидность","logger":"task.stdout"}
{"timestamp":"2026-06-11T11:16:20.437384Z","level":"info","event":"","logger":"task.stdout"}
{"timestamp":"2026-06-11T11:16:20.437466Z","level":"info","event":"\u001b[36m        [Глубина 4/4] https://www.tbank.ru/invest/help/educate/how-it-works/what-is-exchange/investment-features/?card=q2","logger":"task.stdout"}
{"timestamp":"2026-06-11T11:16:21.449927Z","level":"info","event":"\u001b[33m⬇️  https://www.tbank.ru/invest/help/educate/how-it-works/what-is-exchange/investment-features/?card=q2","logger":"task.stdout"}
{"timestamp":"2026-06-11T11:16:22.439565Z","level":"info","event":"\u001b[32m✅ 776846 байт","logger":"task.stdout"}
{"timestamp":"2026-06-11T11:16:22.564164Z","level":"info","event":"\u001b[32m   273 параграфов, 18040 символов","logger":"task.stdout"}
{"timestamp":"2026-06-11T11:16:22.567121Z","level":"info","event":"\u001b[36m💾 008_особенности_инвестирования_на_бирже.json","logger":"task.stdout"}
{"timestamp":"2026-06-11T11:16:22.567285Z","level":"info","event":"\u001b[32m✅ Статья #8: Особенности инвестирования на бирже","logger":"task.stdout"}
{"timestamp":"2026-06-11T11:16:22.567374Z","level":"info","event":"","logger":"task.stdout"}
{"timestamp":"2026-06-11T11:16:22.567466Z","level":"info","event":"\u001b[36m        [Глубина 4/4] https://www.tbank.ru/invest/help/educate/tax-issues/deduction/tax-exemption/","logger":"task.stdout"}
{"timestamp":"2026-06-11T11:16:23.568373Z","level":"info","event":"\u001b[33m⬇️  https://www.tbank.ru/invest/help/educate/tax-issues/deduction/tax-exemption/","logger":"task.stdout"}
{"timestamp":"2026-06-11T11:16:23.846516Z","level":"info","event":"\u001b[32m✅ 743569 байт","logger":"task.stdout"}
{"timestamp":"2026-06-11T11:16:23.931512Z","level":"info","event":"\u001b[32m   297 параграфов, 17635 символов","logger":"task.stdout"}
{"timestamp":"2026-06-11T11:16:23.936805Z","level":"info","event":"\u001b[36m💾 009_льгота_на_долгосрочное_владение_ценными_бумагами_лдв.json","logger":"task.stdout"}
{"timestamp":"2026-06-11T11:16:23.937286Z","level":"info","event":"\u001b[32m✅ Статья #9: Льгота на долгосрочное владение ценными бумагами (","logger":"task.stdout"}
{"timestamp":"2026-06-11T11:16:23.937582Z","level":"info","event":"","logger":"task.stdout"}
{"timestamp":"2026-06-11T11:16:23.937736Z","level":"info","event":"\u001b[36m        [Глубина 4/4] https://www.tbank.ru/invest/help/educate/how-it-works/ways-to-invest/bonds-profit/","logger":"task.stdout"}
{"timestamp":"2026-06-11T11:16:24.942862Z","level":"info","event":"\u001b[33m⬇️  https://www.tbank.ru/invest/help/educate/how-it-works/ways-to-invest/bonds-profit/","logger":"task.stdout"}
{"timestamp":"2026-06-11T11:16:26.025613Z","level":"info","event":"\u001b[32m✅ 773941 байт","logger":"task.stdout"}
{"timestamp":"2026-06-11T11:16:26.230691Z","level":"info","event":"\u001b[32m   282 параграфов, 18043 символов","logger":"task.stdout"}
{"timestamp":"2026-06-11T11:16:26.293349Z","level":"info","event":"\u001b[36m💾 010_как_заработать_на_облигациях.json","logger":"task.stdout"}
{"timestamp":"2026-06-11T11:16:26.299413Z","level":"info","event":"\u001b[32m✅ Статья #10: Как заработать на облигациях","logger":"task.stdout"}
{"timestamp":"2026-06-11T11:16:26.396362Z","level":"info","event":"","logger":"task.stdout"}
{"timestamp":"2026-06-11T11:16:26.396788Z","level":"info","event":"\u001b[33m💾 Checkpoint: 10 статей (31.2/мин)","logger":"task.stdout"}
{"timestamp":"2026-06-11T11:16:26.397009Z","level":"info","event":"","logger":"task.stdout"}
{"timestamp":"2026-06-11T11:16:26.397203Z","level":"info","event":"","logger":"task.stdout"}
{"timestamp":"2026-06-11T11:16:26.397461Z","level":"info","event":"\u001b[36m        [Глубина 4/4] https://www.tbank.ru/invest/help/educate/how-it-works/rookie-advice/when-buy-stocks/","logger":"task.stdout"}
{"timestamp":"2026-06-11T11:16:27.419152Z","level":"info","event":"\u001b[33m⬇️  https://www.tbank.ru/invest/help/educate/how-it-works/rookie-advice/when-buy-stocks/","logger":"task.stdout"}
{"timestamp":"2026-06-11T11:16:28.634128Z","level":"info","event":"\u001b[32m✅ 1060446 байт","logger":"task.stdout"}
{"timestamp":"2026-06-11T11:16:28.856804Z","level":"info","event":"\u001b[32m   366 параграфов, 32244 символов","logger":"task.stdout"}
{"timestamp":"2026-06-11T11:16:28.901005Z","level":"info","event":"\u001b[36m💾 011_как_начать_торговать_на_бирже.json","logger":"task.stdout"}
{"timestamp":"2026-06-11T11:16:28.904066Z","level":"info","event":"\u001b[32m✅ Статья #11: Как начать торговать на бирже","logger":"task.stdout"}
{"timestamp":"2026-06-11T11:16:28.905502Z","level":"info","event":"","logger":"task.stdout"}
{"timestamp":"2026-06-11T11:16:28.905693Z","level":"info","event":"\u001b[36m        [Глубина 4/4] https://www.tbank.ru/invest/help/educate/how-it-works/what-is-exchange/investment-features/?card=q9","logger":"task.stdout"}
{"timestamp":"2026-06-11T11:16:29.905250Z","level":"info","event":"\u001b[33m⬇️  https://www.tbank.ru/invest/help/educate/how-it-works/what-is-exchange/investment-features/?card=q9","logger":"task.stdout"}
{"timestamp":"2026-06-11T11:16:30.908550Z","level":"info","event":"\u001b[32m✅ 776598 байт","logger":"task.stdout"}
{"timestamp":"2026-06-11T11:16:31.122339Z","level":"info","event":"\u001b[32m   273 параграфов, 18040 символов","logger":"task.stdout"}
{"timestamp":"2026-06-11T11:16:31.129155Z","level":"info","event":"\u001b[36m💾 012_особенности_инвестирования_на_бирже.json","logger":"task.stdout"}
{"timestamp":"2026-06-11T11:16:31.132143Z","level":"info","event":"\u001b[32m✅ Статья #12: Особенности инвестирования на бирже","logger":"task.stdout"}
{"timestamp":"2026-06-11T11:16:31.132438Z","level":"info","event":"","logger":"task.stdout"}
{"timestamp":"2026-06-11T11:16:31.132600Z","level":"info","event":"\u001b[36m        [Глубина 4/4] https://www.tbank.ru/invest/help/","logger":"task.stdout"}
{"timestamp":"2026-06-11T11:16:32.194155Z","level":"info","event":"\u001b[33m⬇️  https://www.tbank.ru/invest/help/","logger":"task.stdout"}
{"timestamp":"2026-06-11T11:16:33.316070Z","level":"info","event":"\u001b[32m✅ 752950 байт","logger":"task.stdout"}
{"timestamp":"2026-06-11T11:16:33.718109Z","level":"info","event":"\u001b[32m   290 параграфов, 10908 символов","logger":"task.stdout"}
{"timestamp":"2026-06-11T11:16:34.101624Z","level":"info","event":"\u001b[36m💾 013_тпомощь_инвестиции.json","logger":"task.stdout"}
{"timestamp":"2026-06-11T11:16:34.109077Z","level":"info","event":"\u001b[32m✅ Статья #13: Т‑Помощь. Инвестиции","logger":"task.stdout"}
{"timestamp":"2026-06-11T11:16:34.109314Z","level":"info","event":"","logger":"task.stdout"}
{"timestamp":"2026-06-11T11:16:34.109620Z","level":"info","event":"\u001b[36m        [Глубина 4/4] https://www.tbank.ru/invest/help/educate/how-it-works/ways-to-invest/stocks/","logger":"task.stdout"}
{"timestamp":"2026-06-11T11:16:34.763475Z","level":"info","event":"\u001b[33m⬇️  https://www.tbank.ru/invest/help/educate/how-it-works/ways-to-invest/stocks/","logger":"task.stdout"}
{"timestamp":"2026-06-11T11:16:35.779364Z","level":"info","event":"\u001b[32m✅ 800232 байт","logger":"task.stdout"}
{"timestamp":"2026-06-11T11:16:36.114089Z","level":"info","event":"\u001b[32m   288 параграфов, 19183 символов","logger":"task.stdout"}
{"timestamp":"2026-06-11T11:16:36.123439Z","level":"info","event":"\u001b[36m💾 014_что_такое_акции.json","logger":"task.stdout"}
{"timestamp":"2026-06-11T11:16:36.123878Z","level":"info","event":"\u001b[32m✅ Статья #14: Что такое акции","logger":"task.stdout"}
{"timestamp":"2026-06-11T11:16:36.124283Z","level":"info","event":"","logger":"task.stdout"}
{"timestamp":"2026-06-11T11:16:36.124819Z","level":"info","event":"\u001b[36m        [Глубина 4/4] https://www.tbank.ru/invest/help/educate/how-it-works/what-is-exchange/trading-modes/","logger":"task.stdout"}
{"timestamp":"2026-06-11T11:16:37.133672Z","level":"info","event":"\u001b[33m⬇️  https://www.tbank.ru/invest/help/educate/how-it-works/what-is-exchange/trading-modes/","logger":"task.stdout"}
{"timestamp":"2026-06-11T11:16:38.186375Z","level":"info","event":"\u001b[32m✅ 696870 байт","logger":"task.stdout"}
{"timestamp":"2026-06-11T11:16:38.338590Z","level":"info","event":"\u001b[32m   254 параграфов, 14664 символов","logger":"task.stdout"}
{"timestamp":"2026-06-11T11:16:38.346022Z","level":"info","event":"\u001b[36m💾 015_режимы_торгов.json","logger":"task.stdout"}
{"timestamp":"2026-06-11T11:16:38.346227Z","level":"info","event":"\u001b[32m✅ Статья #15: Режимы торгов","logger":"task.stdout"}
{"timestamp":"2026-06-11T11:16:38.346343Z","level":"info","event":"","logger":"task.stdout"}
{"timestamp":"2026-06-11T11:16:38.346533Z","level":"info","event":"\u001b[36m        [Глубина 4/4] https://www.tbank.ru/invest/help/educate/how-it-works/what-is-exchange/exchange-members/","logger":"task.stdout"}
{"timestamp":"2026-06-11T11:16:39.402219Z","level":"info","event":"\u001b[33m⬇️  https://www.tbank.ru/invest/help/educate/how-it-works/what-is-exchange/exchange-members/","logger":"task.stdout"}
{"timestamp":"2026-06-11T11:16:40.727922Z","level":"info","event":"\u001b[32m✅ 731048 байт","logger":"task.stdout"}
{"timestamp":"2026-06-11T11:16:40.733822Z","level":"info","event":"\u001b[32m   269 параграфов, 15927 символов","logger":"task.stdout"}
{"timestamp":"2026-06-11T11:16:40.734088Z","level":"info","event":"\u001b[36m💾 016_участники_рынка_ценных_бумаг.json","logger":"task.stdout"}
{"timestamp":"2026-06-11T11:16:40.734292Z","level":"info","event":"\u001b[32m✅ Статья #16: Участники рынка ценных бумаг","logger":"task.stdout"}
{"timestamp":"2026-06-11T11:16:40.734410Z","level":"info","event":"","logger":"task.stdout"}
{"timestamp":"2026-06-11T11:16:40.734515Z","level":"info","event":"\u001b[36m        [Глубина 4/4] https://www.tbank.ru/invest/help/educate/how-it-works/ways-to-invest/dividend-yield/","logger":"task.stdout"}
{"timestamp":"2026-06-11T11:16:41.456082Z","level":"info","event":"\u001b[33m⬇️  https://www.tbank.ru/invest/help/educate/how-it-works/ways-to-invest/dividend-yield/","logger":"task.stdout"}
{"timestamp":"2026-06-11T11:16:42.025746Z","level":"info","event":"\u001b[32m✅ 874837 байт","logger":"task.stdout"}
{"timestamp":"2026-06-11T11:16:42.377627Z","level":"info","event":"\u001b[32m   296 параграфов, 24092 символов","logger":"task.stdout"}
{"timestamp":"2026-06-11T11:16:42.387540Z","level":"info","event":"\u001b[36m💾 017_дивидендный_доход_по_акциям.json","logger":"task.stdout"}
{"timestamp":"2026-06-11T11:16:42.388611Z","level":"info","event":"\u001b[32m✅ Статья #17: Дивидендный доход по акциям","logger":"task.stdout"}
{"timestamp":"2026-06-11T11:16:42.389224Z","level":"info","event":"","logger":"task.stdout"}
{"timestamp":"2026-06-11T11:16:42.392974Z","level":"info","event":"\u001b[36m        [Глубина 4/4] https://www.tbank.ru/invest/help/educate/how-it-works/what-is-exchange/investment-features/?card=overnight","logger":"task.stdout"}
{"timestamp":"2026-06-11T11:16:43.395882Z","level":"info","event":"\u001b[33m⬇️  https://www.tbank.ru/invest/help/educate/how-it-works/what-is-exchange/investment-features/?card=overnight","logger":"task.stdout"}
{"timestamp":"2026-06-11T11:16:43.839379Z","level":"info","event":"\u001b[32m✅ 777109 байт","logger":"task.stdout"}
{"timestamp":"2026-06-11T11:16:48.804666Z","level":"info","event":"\u001b[32m   273 параграфов, 18040 символов","logger":"task.stdout"}
{"timestamp":"2026-06-11T11:16:49.184057Z","level":"info","event":"\u001b[36m💾 018_особенности_инвестирования_на_бирже.json","logger":"task.stdout"}
{"timestamp":"2026-06-11T11:16:49.186769Z","level":"info","event":"\u001b[32m✅ Статья #18: Особенности инвестирования на бирже","logger":"task.stdout"}
{"timestamp":"2026-06-11T11:16:49.187528Z","level":"info","event":"","logger":"task.stdout"}
{"timestamp":"2026-06-11T11:16:49.188492Z","level":"info","event":"\u001b[36m        [Глубина 4/4] https://www.tbank.ru/invest/help/brokerage/account/forts/about/?card=q1","logger":"task.stdout"}
{"timestamp":"2026-06-11T11:16:49.900935Z","level":"info","event":"\u001b[33m⬇️  https://www.tbank.ru/invest/help/brokerage/account/forts/about/?card=q1","logger":"task.stdout"}
{"timestamp":"2026-06-11T11:16:50.909929Z","level":"info","event":"\u001b[32m✅ 690437 байт","logger":"task.stdout"}
{"timestamp":"2026-06-11T11:16:51.080756Z","level":"info","event":"\u001b[32m   246 параграфов, 12490 символов","logger":"task.stdout"}
{"timestamp":"2026-06-11T11:16:51.090756Z","level":"info","event":"\u001b[36m💾 019_как_работает_срочный_рынок.json","logger":"task.stdout"}
{"timestamp":"2026-06-11T11:16:51.091168Z","level":"info","event":"\u001b[32m✅ Статья #19: Как работает срочный рынок","logger":"task.stdout"}
{"timestamp":"2026-06-11T11:16:51.091451Z","level":"info","event":"","logger":"task.stdout"}
{"timestamp":"2026-06-11T11:16:51.091656Z","level":"info","event":"\u001b[36m        [Глубина 4/4] https://www.tbank.ru/invest/help/educate/how-it-works/ways-to-invest/stocks-profit/","logger":"task.stdout"}
{"timestamp":"2026-06-11T11:16:52.178351Z","level":"info","event":"\u001b[33m⬇️  https://www.tbank.ru/invest/help/educate/how-it-works/ways-to-invest/stocks-profit/","logger":"task.stdout"}
{"timestamp":"2026-06-11T11:16:53.243906Z","level":"info","event":"\u001b[32m✅ 762645 байт","logger":"task.stdout"}
{"timestamp":"2026-06-11T11:16:53.489324Z","level":"info","event":"\u001b[32m   267 параграфов, 17053 символов","logger":"task.stdout"}
{"timestamp":"2026-06-11T11:16:53.504323Z","level":"info","event":"\u001b[36m💾 020_как_заработать_на_акциях.json","logger":"task.stdout"}
{"timestamp":"2026-06-11T11:16:53.505316Z","level":"info","event":"\u001b[32m✅ Статья #20: Как заработать на акциях","logger":"task.stdout"}
{"timestamp":"2026-06-11T11:16:53.548443Z","level":"info","event":"","logger":"task.stdout"}
{"timestamp":"2026-06-11T11:16:53.549099Z","level":"info","event":"\u001b[33m💾 Checkpoint: 20 статей (25.9/мин)","logger":"task.stdout"}
{"timestamp":"2026-06-11T11:16:53.549548Z","level":"info","event":"","logger":"task.stdout"}
{"timestamp":"2026-06-11T11:16:53.549747Z","level":"info","event":"","logger":"task.stdout"}
{"timestamp":"2026-06-11T11:16:53.549858Z","level":"info","event":"\u001b[36m        [Глубина 4/4] https://www.tbank.ru/invest/help/educate/how-it-works/ways-to-invest/bonds/","logger":"task.stdout"}
{"timestamp":"2026-06-11T11:16:54.555263Z","level":"info","event":"\u001b[33m⬇️  https://www.tbank.ru/invest/help/educate/how-it-works/ways-to-invest/bonds/","logger":"task.stdout"}
{"timestamp":"2026-06-11T11:16:54.887417Z","level":"info","event":"\u001b[32m✅ 946342 байт","logger":"task.stdout"}
{"timestamp":"2026-06-11T11:16:55.264296Z","level":"info","event":"\u001b[32m   327 параграфов, 28335 символов","logger":"task.stdout"}
{"timestamp":"2026-06-11T11:16:55.277464Z","level":"info","event":"\u001b[36m💾 021_что_такое_облигации.json","logger":"task.stdout"}
{"timestamp":"2026-06-11T11:16:55.277886Z","level":"info","event":"\u001b[32m✅ Статья #21: Что такое облигации","logger":"task.stdout"}
{"timestamp":"2026-06-11T11:16:55.278022Z","level":"info","event":"","logger":"task.stdout"}
{"timestamp":"2026-06-11T11:16:55.278313Z","level":"info","event":"\u001b[36m        [Глубина 4/4] https://www.tbank.ru/invest/help/educate/how-it-works/what-is-exchange/investment-features/?card=q4","logger":"task.stdout"}
{"timestamp":"2026-06-11T11:16:56.279891Z","level":"info","event":"\u001b[33m⬇️  https://www.tbank.ru/invest/help/educate/how-it-works/what-is-exchange/investment-features/?card=q4","logger":"task.stdout"}
{"timestamp":"2026-06-11T11:16:57.307530Z","level":"info","event":"\u001b[32m✅ 776511 байт","logger":"task.stdout"}
{"timestamp":"2026-06-11T11:16:57.371719Z","level":"info","event":"\u001b[32m   273 параграфов, 18040 символов","logger":"task.stdout"}
{"timestamp":"2026-06-11T11:16:57.378338Z","level":"info","event":"\u001b[36m💾 022_особенности_инвестирования_на_бирже.json","logger":"task.stdout"}
{"timestamp":"2026-06-11T11:16:57.378885Z","level":"info","event":"\u001b[32m✅ Статья #22: Особенности инвестирования на бирже","logger":"task.stdout"}
{"timestamp":"2026-06-11T11:16:57.379268Z","level":"info","event":"","logger":"task.stdout"}
{"timestamp":"2026-06-11T11:16:57.379441Z","level":"info","event":"\u001b[36m        [Глубина 4/4] https://www.tbank.ru/invest/help/educate/how-it-works/what-is-exchange/","logger":"task.stdout"}
{"timestamp":"2026-06-11T11:16:58.389906Z","level":"info","event":"\u001b[33m⬇️  https://www.tbank.ru/invest/help/educate/how-it-works/what-is-exchange/","logger":"task.stdout"}
{"timestamp":"2026-06-11T11:16:59.128182Z","level":"info","event":"\u001b[32m✅ 610742 байт","logger":"task.stdout"}
{"timestamp":"2026-06-11T11:16:59.197083Z","level":"info","event":"\u001b[32m   243 параграфов, 9361 символов","logger":"task.stdout"}
{"timestamp":"2026-06-11T11:16:59.199120Z","level":"info","event":"\u001b[36m💾 023_что_такое_биржа.json","logger":"task.stdout"}
{"timestamp":"2026-06-11T11:16:59.199218Z","level":"info","event":"\u001b[32m✅ Статья #23: Что такое биржа","logger":"task.stdout"}
{"timestamp":"2026-06-11T11:16:59.199301Z","level":"info","event":"","logger":"task.stdout"}
{"timestamp":"2026-06-11T11:16:59.199373Z","level":"info","event":"\u001b[36m        [Глубина 4/4] https://www.tbank.ru/invest/help/educate/how-it-works/ways-to-invest/coupon-yield/","logger":"task.stdout"}
{"timestamp":"2026-06-11T11:17:00.210367Z","level":"info","event":"\u001b[33m⬇️  https://www.tbank.ru/invest/help/educate/how-it-works/ways-to-invest/coupon-yield/","logger":"task.stdout"}
{"timestamp":"2026-06-11T11:17:00.575249Z","level":"info","event":"\u001b[32m✅ 751912 байт","logger":"task.stdout"}
{"timestamp":"2026-06-11T11:17:00.823706Z","level":"info","event":"\u001b[32m   269 параграфов, 15475 символов","logger":"task.stdout"}
{"timestamp":"2026-06-11T11:17:00.850358Z","level":"info","event":"\u001b[36m💾 024_купонный_доход_по_облигациям.json","logger":"task.stdout"}
{"timestamp":"2026-06-11T11:17:00.851068Z","level":"info","event":"\u001b[32m✅ Статья #24: Купонный доход по облигациям","logger":"task.stdout"}
{"timestamp":"2026-06-11T11:17:00.851973Z","level":"info","event":"","logger":"task.stdout"}
{"timestamp":"2026-06-11T11:17:00.852325Z","level":"info","event":"\u001b[36m        [Глубина 4/4] https://www.tbank.ru/invest/help/educate/how-it-works/ways-to-invest/state-bonds/","logger":"task.stdout"}
{"timestamp":"2026-06-11T11:17:01.853251Z","level":"info","event":"\u001b[33m⬇️  https://www.tbank.ru/invest/help/educate/how-it-works/ways-to-invest/state-bonds/","logger":"task.stdout"}
{"timestamp":"2026-06-11T11:17:02.195288Z","level":"info","event":"\u001b[32m✅ 815313 байт","logger":"task.stdout"}
{"timestamp":"2026-06-11T11:17:02.380527Z","level":"info","event":"\u001b[32m   295 параграфов, 21088 символов","logger":"task.stdout"}
{"timestamp":"2026-06-11T11:17:02.385245Z","level":"info","event":"\u001b[36m💾 025_что_такое_офз.json","logger":"task.stdout"}
{"timestamp":"2026-06-11T11:17:02.385737Z","level":"info","event":"\u001b[32m✅ Статья #25: Что такое ОФЗ","logger":"task.stdout"}
{"timestamp":"2026-06-11T11:17:02.386403Z","level":"info","event":"","logger":"task.stdout"}
{"timestamp":"2026-06-11T11:17:02.386732Z","level":"info","event":"\u001b[36m        [Глубина 4/4] https://www.tbank.ru/invest/help/educate/how-it-works/rookie-advice/fraud-alert/","logger":"task.stdout"}
{"timestamp":"2026-06-11T11:17:03.390457Z","level":"info","event":"\u001b[33m⬇️  https://www.tbank.ru/invest/help/educate/how-it-works/rookie-advice/fraud-alert/","logger":"task.stdout"}
{"timestamp":"2026-06-11T11:17:03.687570Z","level":"info","event":"\u001b[32m✅ 778258 байт","logger":"task.stdout"}
{"timestamp":"2026-06-11T11:17:03.757451Z","level":"info","event":"\u001b[32m   273 параграфов, 19218 символов","logger":"task.stdout"}
{"timestamp":"2026-06-11T11:17:03.760358Z","level":"info","event":"\u001b[36m💾 026_риск_манипуляций_на_бирже.json","logger":"task.stdout"}
{"timestamp":"2026-06-11T11:17:03.760492Z","level":"info","event":"\u001b[32m✅ Статья #26: Риск манипуляций на бирже","logger":"task.stdout"}
{"timestamp":"2026-06-11T11:17:03.760580Z","level":"info","event":"","logger":"task.stdout"}
{"timestamp":"2026-06-11T11:17:03.760655Z","level":"info","event":"\u001b[36m        [Глубина 4/4] https://www.tbank.ru/invest/help/educate/how-it-works/rookie-advice/fundamental/","logger":"task.stdout"}
{"timestamp":"2026-06-11T11:17:04.764053Z","level":"info","event":"\u001b[33m⬇️  https://www.tbank.ru/invest/help/educate/how-it-works/rookie-advice/fundamental/","logger":"task.stdout"}
{"timestamp":"2026-06-11T11:17:05.775202Z","level":"info","event":"\u001b[32m✅ 1265968 байт","logger":"task.stdout"}
{"timestamp":"2026-06-11T11:17:05.945901Z","level":"info","event":"\u001b[32m   424 параграфов, 41934 символов","logger":"task.stdout"}
{"timestamp":"2026-06-11T11:17:05.964697Z","level":"info","event":"\u001b[36m💾 027_фундаментальный_анализ_ценных_бумаг.json","logger":"task.stdout"}
{"timestamp":"2026-06-11T11:17:05.965564Z","level":"info","event":"\u001b[32m✅ Статья #27: Фундаментальный анализ ценных бумаг","logger":"task.stdout"}
{"timestamp":"2026-06-11T11:17:05.966091Z","level":"info","event":"","logger":"task.stdout"}
{"timestamp":"2026-06-11T11:17:05.966560Z","level":"info","event":"\u001b[36m        [Глубина 4/4] https://www.tbank.ru/invest/help/educate/qualification/about/terms/","logger":"task.stdout"}
{"timestamp":"2026-06-11T11:17:06.968401Z","level":"info","event":"\u001b[33m⬇️  https://www.tbank.ru/invest/help/educate/qualification/about/terms/","logger":"task.stdout"}
{"timestamp":"2026-06-11T11:17:07.842713Z","level":"info","event":"\u001b[32m✅ 816208 байт","logger":"task.stdout"}
{"timestamp":"2026-06-11T11:17:07.930886Z","level":"info","event":"\u001b[32m   340 параграфов, 21165 символов","logger":"task.stdout"}
{"timestamp":"2026-06-11T11:17:07.941954Z","level":"info","event":"\u001b[36m💾 028_что_нужно_для_статуса_квалифицированного_инвестора.json","logger":"task.stdout"}
{"timestamp":"2026-06-11T11:17:07.942323Z","level":"info","event":"\u001b[32m✅ Статья #28: Что нужно для статуса квалифицированного инвестора","logger":"task.stdout"}
{"timestamp":"2026-06-11T11:17:07.942659Z","level":"info","event":"","logger":"task.stdout"}
{"timestamp":"2026-06-11T11:17:07.942894Z","level":"info","event":"\u001b[36m        [Глубина 4/4] https://www.tbank.ru/invest/help/educate/how-it-works/what-is-exchange/investment-features/?card=q3","logger":"task.stdout"}
{"timestamp":"2026-06-11T11:17:08.947670Z","level":"info","event":"\u001b[33m⬇️  https://www.tbank.ru/invest/help/educate/how-it-works/what-is-exchange/investment-features/?card=q3","logger":"task.stdout"}
{"timestamp":"2026-06-11T11:17:10.238458Z","level":"info","event":"\u001b[32m✅ 776819 байт","logger":"task.stdout"}
{"timestamp":"2026-06-11T11:17:10.316352Z","level":"info","event":"\u001b[32m   273 параграфов, 18040 символов","logger":"task.stdout"}
{"timestamp":"2026-06-11T11:17:10.322849Z","level":"info","event":"\u001b[36m💾 029_особенности_инвестирования_на_бирже.json","logger":"task.stdout"}
{"timestamp":"2026-06-11T11:17:10.323314Z","level":"info","event":"\u001b[32m✅ Статья #29: Особенности инвестирования на бирже","logger":"task.stdout"}
{"timestamp":"2026-06-11T11:17:10.323378Z","level":"info","event":"","logger":"task.stdout"}
{"timestamp":"2026-06-11T11:17:10.323432Z","level":"info","event":"\u001b[36m        [Глубина 4/4] https://www.tbank.ru/invest/help/educate/how-it-works/ways-to-invest/funds/","logger":"task.stdout"}
{"timestamp":"2026-06-11T11:17:11.324718Z","level":"info","event":"\u001b[33m⬇️  https://www.tbank.ru/invest/help/educate/how-it-works/ways-to-invest/funds/","logger":"task.stdout"}
{"timestamp":"2026-06-11T11:17:11.736790Z","level":"info","event":"\u001b[32m✅ 842021 байт","logger":"task.stdout"}
{"timestamp":"2026-06-11T11:17:11.825333Z","level":"info","event":"\u001b[32m   299 параграфов, 22380 символов","logger":"task.stdout"}
{"timestamp":"2026-06-11T11:17:11.827619Z","level":"info","event":"\u001b[36m💾 030_что_такое_фонды_etf_и_бпиф.json","logger":"task.stdout"}
{"timestamp":"2026-06-11T11:17:11.827854Z","level":"info","event":"\u001b[32m✅ Статья #30: Что такое фонды ETF и БПИФ","logger":"task.stdout"}
{"timestamp":"2026-06-11T11:17:11.848321Z","level":"info","event":"","logger":"task.stdout"}
{"timestamp":"2026-06-11T11:17:11.848527Z","level":"info","event":"\u001b[33m💾 Checkpoint: 30 статей (27.8/мин)","logger":"task.stdout"}
{"timestamp":"2026-06-11T11:17:11.848702Z","level":"info","event":"","logger":"task.stdout"}
{"timestamp":"2026-06-11T11:17:11.848765Z","level":"info","event":"","logger":"task.stdout"}
{"timestamp":"2026-06-11T11:17:11.848815Z","level":"info","event":"\u001b[36m        [Глубина 4/4] https://www.tbank.ru/invest/help/educate/","logger":"task.stdout"}
{"timestamp":"2026-06-11T11:17:12.859322Z","level":"info","event":"\u001b[33m⬇️  https://www.tbank.ru/invest/help/educate/","logger":"task.stdout"}
{"timestamp":"2026-06-11T11:17:13.812917Z","level":"info","event":"\u001b[32m✅ 562568 байт","logger":"task.stdout"}
{"timestamp":"2026-06-11T11:17:13.873972Z","level":"info","event":"\u001b[32m   248 параграфов, 9913 символов","logger":"task.stdout"}
{"timestamp":"2026-06-11T11:17:13.876054Z","level":"info","event":"\u001b[36m💾 031_полезное_для_инвесторов.json","logger":"task.stdout"}
{"timestamp":"2026-06-11T11:17:13.876167Z","level":"info","event":"\u001b[32m✅ Статья #31: Полезное для инвесторов","logger":"task.stdout"}
{"timestamp":"2026-06-11T11:17:13.876256Z","level":"info","event":"","logger":"task.stdout"}
{"timestamp":"2026-06-11T11:17:13.876350Z","level":"info","event":"\u001b[36m        [Глубина 4/4] https://www.tbank.ru/invest/help/educate/how-it-works/what-is-exchange/exchange-types/?card=q7","logger":"task.stdout"}
{"timestamp":"2026-06-11T11:17:14.888004Z","level":"info","event":"\u001b[33m⬇️  https://www.tbank.ru/invest/help/educate/how-it-works/what-is-exchange/exchange-types/?card=q7","logger":"task.stdout"}
{"timestamp":"2026-06-11T11:17:15.943742Z","level":"info","event":"\u001b[32m✅ 729944 байт","logger":"task.stdout"}
{"timestamp":"2026-06-11T11:17:16.034747Z","level":"info","event":"\u001b[32m   277 параграфов, 16055 символов","logger":"task.stdout"}
{"timestamp":"2026-06-11T11:17:16.036872Z","level":"info","event":"\u001b[36m💾 032_виды_бирж.json","logger":"task.stdout"}
{"timestamp":"2026-06-11T11:17:16.037006Z","level":"info","event":"\u001b[32m✅ Статья #32: Виды бирж","logger":"task.stdout"}
{"timestamp":"2026-06-11T11:17:16.037092Z","level":"info","event":"","logger":"task.stdout"}
{"timestamp":"2026-06-11T11:17:16.037193Z","level":"info","event":"\u001b[36m        [Глубина 4/4] https://www.tbank.ru/invest/help/educate/how-it-works/what-is-exchange/type-of-securities/","logger":"task.stdout"}
{"timestamp":"2026-06-11T11:17:17.038655Z","level":"info","event":"\u001b[33m⬇️  https://www.tbank.ru/invest/help/educate/how-it-works/what-is-exchange/type-of-securities/","logger":"task.stdout"}
{"timestamp":"2026-06-11T11:17:18.067515Z","level":"info","event":"\u001b[32m✅ 848212 байт","logger":"task.stdout"}
{"timestamp":"2026-06-11T11:17:18.155357Z","level":"info","event":"\u001b[32m   301 параграфов, 21134 символов","logger":"task.stdout"}
{"timestamp":"2026-06-11T11:17:18.157658Z","level":"info","event":"\u001b[36m💾 033_эмиссионные_ценные_бумаги_виды_и_признаки.json","logger":"task.stdout"}
{"timestamp":"2026-06-11T11:17:18.157759Z","level":"info","event":"\u001b[32m✅ Статья #33: Эмиссионные ценные бумаги: виды и признаки","logger":"task.stdout"}
{"timestamp":"2026-06-11T11:17:18.157814Z","level":"info","event":"","logger":"task.stdout"}
{"timestamp":"2026-06-11T11:17:18.157888Z","level":"info","event":"\u001b[36m        [Глубина 4/4] https://www.tbank.ru/invest/help/educate/how-it-works/what-is-exchange/investment-features/?card=q8","logger":"task.stdout"}
{"timestamp":"2026-06-11T11:17:19.163432Z","level":"info","event":"\u001b[33m⬇️  https://www.tbank.ru/invest/help/educate/how-it-works/what-is-exchange/investment-features/?card=q8","logger":"task.stdout"}
{"timestamp":"2026-06-11T11:17:19.928193Z","level":"info","event":"\u001b[32m✅ 776455 байт","logger":"task.stdout"}
{"timestamp":"2026-06-11T11:17:19.979646Z","level":"info","event":"\u001b[32m   273 параграфов, 18040 символов","logger":"task.stdout"}
{"timestamp":"2026-06-11T11:17:19.982643Z","level":"info","event":"\u001b[36m💾 034_особенности_инвестирования_на_бирже.json","logger":"task.stdout"}
{"timestamp":"2026-06-11T11:17:19.982920Z","level":"info","event":"\u001b[32m✅ Статья #34: Особенности инвестирования на бирже","logger":"task.stdout"}
{"timestamp":"2026-06-11T11:17:19.983035Z","level":"info","event":"","logger":"task.stdout"}
{"timestamp":"2026-06-11T11:17:19.983118Z","level":"info","event":"\u001b[36m        [Глубина 4/4] https://www.tbank.ru/invest/help/educate/how-it-works/rookie-advice/portfolio-n-risk/","logger":"task.stdout"}
{"timestamp":"2026-06-11T11:17:20.984393Z","level":"info","event":"\u001b[33m⬇️  https://www.tbank.ru/invest/help/educate/how-it-works/rookie-advice/portfolio-n-risk/","logger":"task.stdout"}
{"timestamp":"2026-06-11T11:17:22.103374Z","level":"info","event":"\u001b[32m✅ 861924 байт","logger":"task.stdout"}
{"timestamp":"2026-06-11T11:17:22.222501Z","level":"info","event":"\u001b[32m   286 параграфов, 22370 символов","logger":"task.stdout"}
{"timestamp":"2026-06-11T11:17:22.224725Z","level":"info","event":"\u001b[36m💾 035_сбалансированный_портфель_и_минимизация_рисков.json","logger":"task.stdout"}
{"timestamp":"2026-06-11T11:17:22.224834Z","level":"info","event":"\u001b[32m✅ Статья #35: Сбалансированный портфель и минимизация рисков","logger":"task.stdout"}
{"timestamp":"2026-06-11T11:17:22.224891Z","level":"info","event":"","logger":"task.stdout"}
{"timestamp":"2026-06-11T11:17:22.224938Z","level":"info","event":"\u001b[36m        [Глубина 4/4] https://www.tbank.ru/invest/help/educate/how-it-works/ways-to-invest/types-of-coupons/","logger":"task.stdout"}
{"timestamp":"2026-06-11T11:17:23.225386Z","level":"info","event":"\u001b[33m⬇️  https://www.tbank.ru/invest/help/educate/how-it-works/ways-to-invest/types-of-coupons/","logger":"task.stdout"}
{"timestamp":"2026-06-11T11:17:23.892321Z","level":"info","event":"\u001b[32m✅ 739553 байт","logger":"task.stdout"}
{"timestamp":"2026-06-11T11:17:23.964803Z","level":"info","event":"\u001b[32m   269 параграфов, 16916 символов","logger":"task.stdout"}
{"timestamp":"2026-06-11T11:17:23.966571Z","level":"info","event":"\u001b[36m💾 036_типы_купонов_по_облигациям.json","logger":"task.stdout"}
{"timestamp":"2026-06-11T11:17:23.966645Z","level":"info","event":"\u001b[32m✅ Статья #36: Типы купонов по облигациям","logger":"task.stdout"}
{"timestamp":"2026-06-11T11:17:23.966694Z","level":"info","event":"","logger":"task.stdout"}
{"timestamp":"2026-06-11T11:17:23.966740Z","level":"info","event":"\u001b[36m      [Глубина 3/4] https://www.tbank.ru/invest/help/brokerage/account/forts/futures/?card=q1","logger":"task.stdout"}
{"timestamp":"2026-06-11T11:17:24.972053Z","level":"info","event":"\u001b[33m⬇️  https://www.tbank.ru/invest/help/brokerage/account/forts/futures/?card=q1","logger":"task.stdout"}
{"timestamp":"2026-06-11T11:17:25.297965Z","level":"info","event":"\u001b[32m✅ 815097 байт","logger":"task.stdout"}
{"timestamp":"2026-06-11T11:17:25.391901Z","level":"info","event":"\u001b[32m   286 параграфов, 20828 символов","logger":"task.stdout"}
{"timestamp":"2026-06-11T11:17:25.394969Z","level":"info","event":"\u001b[36m💾 037_как_устроен_фьючерсный_рынок.json","logger":"task.stdout"}
{"timestamp":"2026-06-11T11:17:25.395154Z","level":"info","event":"\u001b[32m✅ Статья #37: Как устроен фьючерсный рынок","logger":"task.stdout"}
{"timestamp":"2026-06-11T11:17:25.402131Z","level":"error","event":"\r                                                          \u001b[A","logger":"task.stderr"}
{"timestamp":"2026-06-11T11:17:25.415898Z","level":"error","event":"\rФильтрация ссылок:   0%|          | 0/385 [00:00<?, ?it/s]\u001b[A","logger":"task.stderr"}
{"timestamp":"2026-06-11T11:17:25.416231Z","level":"info","event":"\u001b[32m   Новых ссылок: 23","logger":"task.stdout"}
{"timestamp":"2026-06-11T11:17:25.416382Z","level":"info","event":"","logger":"task.stdout"}
{"timestamp":"2026-06-11T11:17:25.416517Z","level":"info","event":"\u001b[36m        [Глубина 4/4] https://www.tbank.ru/invest/help/brokerage/account/get-bs/tariff/","logger":"task.stdout"}
{"timestamp":"2026-06-11T11:17:26.418615Z","level":"info","event":"\u001b[33m⬇️  https://www.tbank.ru/invest/help/brokerage/account/get-bs/tariff/","logger":"task.stdout"}
{"timestamp":"2026-06-11T11:17:27.424752Z","level":"info","event":"\u001b[32m✅ 828274 байт","logger":"task.stdout"}
{"timestamp":"2026-06-11T11:17:27.656810Z","level":"info","event":"\u001b[32m   282 параграфов, 16742 символов","logger":"task.stdout"}
{"timestamp":"2026-06-11T11:17:27.663504Z","level":"info","event":"\u001b[36m💾 038_тарифы_для_брокерского_счета_и_иис.json","logger":"task.stdout"}
{"timestamp":"2026-06-11T11:17:27.664127Z","level":"info","event":"\u001b[32m✅ Статья #38: Тарифы для брокерского счета и ИИС","logger":"task.stdout"}
{"timestamp":"2026-06-11T11:17:27.664494Z","level":"info","event":"","logger":"task.stdout"}
{"timestamp":"2026-06-11T11:17:27.664962Z","level":"info","event":"\u001b[36m        [Глубина 4/4] https://www.tbank.ru/invest/help/brokerage/account/","logger":"task.stdout"}
{"timestamp":"2026-06-11T11:17:28.669813Z","level":"info","event":"\u001b[33m⬇️  https://www.tbank.ru/invest/help/brokerage/account/","logger":"task.stdout"}
{"timestamp":"2026-06-11T11:17:28.967391Z","level":"info","event":"\u001b[32m✅ 667718 байт","logger":"task.stdout"}
{"timestamp":"2026-06-11T11:17:29.090593Z","level":"info","event":"\u001b[32m   249 параграфов, 9727 символов","logger":"task.stdout"}
{"timestamp":"2026-06-11T11:17:29.098549Z","level":"info","event":"\u001b[36m💾 039_брокерский_счет.json","logger":"task.stdout"}
{"timestamp":"2026-06-11T11:17:29.099803Z","level":"info","event":"\u001b[32m✅ Статья #39: Брокерский счет","logger":"task.stdout"}
{"timestamp":"2026-06-11T11:17:29.100639Z","level":"info","event":"","logger":"task.stdout"}
{"timestamp":"2026-06-11T11:17:29.100848Z","level":"info","event":"\u001b[36m        [Глубина 4/4] https://www.tbank.ru/invest/help/brokerage/account/forts/futures/?card=q4","logger":"task.stdout"}
{"timestamp":"2026-06-11T11:17:30.104974Z","level":"info","event":"\u001b[33m⬇️  https://www.tbank.ru/invest/help/brokerage/account/forts/futures/?card=q4","logger":"task.stdout"}
{"timestamp":"2026-06-11T11:17:31.125044Z","level":"info","event":"\u001b[32m✅ 814782 байт","logger":"task.stdout"}
{"timestamp":"2026-06-11T11:17:31.462960Z","level":"info","event":"\u001b[32m   286 параграфов, 20828 символов","logger":"task.stdout"}
{"timestamp":"2026-06-11T11:17:31.491132Z","level":"info","event":"\u001b[36m💾 040_как_устроен_фьючерсный_рынок.json","logger":"task.stdout"}
{"timestamp":"2026-06-11T11:17:31.493645Z","level":"info","event":"\u001b[32m✅ Статья #40: Как устроен фьючерсный рынок","logger":"task.stdout"}
{"timestamp":"2026-06-11T11:17:31.705084Z","level":"info","event":"","logger":"task.stdout"}
{"timestamp":"2026-06-11T11:17:31.710960Z","level":"info","event":"\u001b[33m💾 Checkpoint: 40 статей (28.4/мин)","logger":"task.stdout"}
{"timestamp":"2026-06-11T11:17:31.711189Z","level":"info","event":"","logger":"task.stdout"}
{"timestamp":"2026-06-11T11:17:31.711341Z","level":"info","event":"","logger":"task.stdout"}
{"timestamp":"2026-06-11T11:17:31.711601Z","level":"info","event":"\u001b[36m        [Глубина 4/4] https://www.tbank.ru/invest/help/brokerage/account/trade-on-bs/withdraw-money/","logger":"task.stdout"}
{"timestamp":"2026-06-11T11:17:32.704459Z","level":"info","event":"\u001b[33m⬇️  https://www.tbank.ru/invest/help/brokerage/account/trade-on-bs/withdraw-money/","logger":"task.stdout"}
{"timestamp":"2026-06-11T11:17:33.189460Z","level":"info","event":"\u001b[32m✅ 960491 байт","logger":"task.stdout"}
{"timestamp":"2026-06-11T11:17:33.345125Z","level":"info","event":"\u001b[32m   356 параграфов, 25011 символов","logger":"task.stdout"}
{"timestamp":"2026-06-11T11:17:33.356353Z","level":"info","event":"\u001b[36m💾 041_как_вывести_деньги_с_брокерского_счета.json","logger":"task.stdout"}
{"timestamp":"2026-06-11T11:17:33.356487Z","level":"info","event":"\u001b[32m✅ Статья #41: Как вывести деньги с брокерского счета","logger":"task.stdout"}
{"timestamp":"2026-06-11T11:17:33.356645Z","level":"info","event":"","logger":"task.stdout"}
{"timestamp":"2026-06-11T11:17:33.356730Z","level":"info","event":"\u001b[36m        [Глубина 4/4] https://www.tbank.ru/invest/help/brokerage/account/margin/about/?card=q7","logger":"task.stdout"}
{"timestamp":"2026-06-11T11:17:34.361740Z","level":"info","event":"\u001b[33m⬇️  https://www.tbank.ru/invest/help/brokerage/account/margin/about/?card=q7","logger":"task.stdout"}
{"timestamp":"2026-06-11T11:17:35.849749Z","level":"info","event":"\u001b[32m✅ 1335067 байт","logger":"task.stdout"}
{"timestamp":"2026-06-11T11:17:35.950614Z","level":"info","event":"\u001b[32m   400 параграфов, 38337 символов","logger":"task.stdout"}
{"timestamp":"2026-06-11T11:17:35.957472Z","level":"info","event":"\u001b[36m💾 042_как_устроена_маржинальная_торговля.json","logger":"task.stdout"}
{"timestamp":"2026-06-11T11:17:35.957905Z","level":"info","event":"\u001b[32m✅ Статья #42: Как устроена маржинальная торговля","logger":"task.stdout"}
{"timestamp":"2026-06-11T11:17:35.958013Z","level":"info","event":"","logger":"task.stdout"}
{"timestamp":"2026-06-11T11:17:35.958069Z","level":"info","event":"\u001b[36m        [Глубина 4/4] https://www.tbank.ru/invest/help/brokerage/account/about-bs/what-is-it/","logger":"task.stdout"}
{"timestamp":"2026-06-11T11:17:36.959217Z","level":"info","event":"\u001b[33m⬇️  https://www.tbank.ru/invest/help/brokerage/account/about-bs/what-is-it/","logger":"task.stdout"}
{"timestamp":"2026-06-11T11:17:37.736834Z","level":"info","event":"\u001b[32m✅ 751879 байт","logger":"task.stdout"}
{"timestamp":"2026-06-11T11:17:37.838303Z","level":"info","event":"\u001b[32m   253 параграфов, 16571 символов","logger":"task.stdout"}
{"timestamp":"2026-06-11T11:17:37.842129Z","level":"info","event":"\u001b[36m💾 043_что_такое_брокерский_счет.json","logger":"task.stdout"}
{"timestamp":"2026-06-11T11:17:37.842259Z","level":"info","event":"\u001b[32m✅ Статья #43: Что такое брокерский счет","logger":"task.stdout"}
{"timestamp":"2026-06-11T11:17:37.842325Z","level":"info","event":"","logger":"task.stdout"}
{"timestamp":"2026-06-11T11:17:37.842374Z","level":"info","event":"\u001b[36m        [Глубина 4/4] https://www.tbank.ru/invest/help/brokerage/account/trade-on-bs/precious-metals/","logger":"task.stdout"}
{"timestamp":"2026-06-11T11:17:38.853062Z","level":"info","event":"\u001b[33m⬇️  https://www.tbank.ru/invest/help/brokerage/account/trade-on-bs/precious-metals/","logger":"task.stdout"}
{"timestamp":"2026-06-11T11:17:39.137602Z","level":"info","event":"\u001b[32m✅ 824924 байт","logger":"task.stdout"}
{"timestamp":"2026-06-11T11:17:39.885856Z","level":"info","event":"\u001b[32m   274 параграфов, 19044 символов","logger":"task.stdout"}
{"timestamp":"2026-06-11T11:17:39.894490Z","level":"info","event":"\u001b[36m💾 044_как_покупать_и_продавать_драгоценные_металлы.json","logger":"task.stdout"}
{"timestamp":"2026-06-11T11:17:39.895790Z","level":"info","event":"\u001b[32m✅ Статья #44: Как покупать и продавать драгоценные металлы","logger":"task.stdout"}
{"timestamp":"2026-06-11T11:17:39.895929Z","level":"info","event":"","logger":"task.stdout"}
{"timestamp":"2026-06-11T11:17:39.896164Z","level":"info","event":"\u001b[36m        [Глубина 4/4] https://www.tbank.ru/invest/help/brokerage/account/forts/futures/?card=q2","logger":"task.stdout"}
{"timestamp":"2026-06-11T11:17:40.901241Z","level":"info","event":"\u001b[33m⬇️  https://www.tbank.ru/invest/help/brokerage/account/forts/futures/?card=q2","logger":"task.stdout"}
{"timestamp":"2026-06-11T11:17:41.933466Z","level":"info","event":"\u001b[32m✅ 814692 байт","logger":"task.stdout"}
{"timestamp":"2026-06-11T11:17:42.127472Z","level":"info","event":"\u001b[32m   286 параграфов, 20828 символов","logger":"task.stdout"}
{"timestamp":"2026-06-11T11:17:42.137716Z","level":"info","event":"\u001b[36m💾 045_как_устроен_фьючерсный_рынок.json","logger":"task.stdout"}
{"timestamp":"2026-06-11T11:17:42.138425Z","level":"info","event":"\u001b[32m✅ Статья #45: Как устроен фьючерсный рынок","logger":"task.stdout"}
{"timestamp":"2026-06-11T11:17:42.139309Z","level":"info","event":"","logger":"task.stdout"}
{"timestamp":"2026-06-11T11:17:42.139986Z","level":"info","event":"\u001b[36m        [Глубина 4/4] https://www.tbank.ru/invest/help/brokerage/account/trade-on-bs/buy-n-sell/","logger":"task.stdout"}
{"timestamp":"2026-06-11T11:17:43.143125Z","level":"info","event":"\u001b[33m⬇️  https://www.tbank.ru/invest/help/brokerage/account/trade-on-bs/buy-n-sell/","logger":"task.stdout"}
{"timestamp":"2026-06-11T11:17:43.467087Z","level":"info","event":"\u001b[32m✅ 806020 байт","logger":"task.stdout"}
{"timestamp":"2026-06-11T11:17:43.752026Z","level":"info","event":"\u001b[32m   261 параграфов, 17456 символов","logger":"task.stdout"}
{"timestamp":"2026-06-11T11:17:43.759515Z","level":"info","event":"\u001b[36m💾 046_как_покупать_и_продавать_ценные_бумаги_и_валюту.json","logger":"task.stdout"}
{"timestamp":"2026-06-11T11:17:43.761188Z","level":"info","event":"\u001b[32m✅ Статья #46: Как покупать и продавать ценные бумаги и валюту","logger":"task.stdout"}
{"timestamp":"2026-06-11T11:17:43.761972Z","level":"info","event":"","logger":"task.stdout"}
{"timestamp":"2026-06-11T11:17:43.763184Z","level":"info","event":"\u001b[36m        [Глубина 4/4] https://www.tbank.ru/invest/help/brokerage/account/forts/","logger":"task.stdout"}
{"timestamp":"2026-06-11T11:17:44.768088Z","level":"info","event":"\u001b[33m⬇️  https://www.tbank.ru/invest/help/brokerage/account/forts/","logger":"task.stdout"}
{"timestamp":"2026-06-11T11:17:45.617107Z","level":"info","event":"\u001b[32m✅ 630234 байт","logger":"task.stdout"}
{"timestamp":"2026-06-11T11:17:45.788531Z","level":"info","event":"\u001b[32m   257 параграфов, 10156 символов","logger":"task.stdout"}
{"timestamp":"2026-06-11T11:17:45.790293Z","level":"info","event":"\u001b[36m💾 047_срочный_рынок.json","logger":"task.stdout"}
{"timestamp":"2026-06-11T11:17:45.790394Z","level":"info","event":"\u001b[32m✅ Статья #47: Срочный рынок","logger":"task.stdout"}
{"timestamp":"2026-06-11T11:17:45.790459Z","level":"info","event":"","logger":"task.stdout"}
{"timestamp":"2026-06-11T11:17:45.790570Z","level":"info","event":"\u001b[36m        [Глубина 4/4] https://www.tbank.ru/invest/help/brokerage/account/forts/trade-futures/","logger":"task.stdout"}
{"timestamp":"2026-06-11T11:17:46.793397Z","level":"info","event":"\u001b[33m⬇️  https://www.tbank.ru/invest/help/brokerage/account/forts/trade-futures/","logger":"task.stdout"}
{"timestamp":"2026-06-11T11:17:47.081620Z","level":"info","event":"\u001b[32m✅ 1094002 байт","logger":"task.stdout"}
{"timestamp":"2026-06-11T11:17:47.164213Z","level":"info","event":"\u001b[32m   331 параграфов, 23768 символов","logger":"task.stdout"}
{"timestamp":"2026-06-11T11:17:47.166359Z","level":"info","event":"\u001b[36m💾 048_как_торговать_фьючерсами.json","logger":"task.stdout"}
{"timestamp":"2026-06-11T11:17:47.166571Z","level":"info","event":"\u001b[32m✅ Статья #48: Как торговать фьючерсами","logger":"task.stdout"}
{"timestamp":"2026-06-11T11:17:47.166654Z","level":"info","event":"","logger":"task.stdout"}
{"timestamp":"2026-06-11T11:17:47.166736Z","level":"info","event":"\u001b[36m        [Глубина 4/4] https://www.tbank.ru/invest/help/brokerage/account/trade-on-bs/bids/","logger":"task.stdout"}
{"timestamp":"2026-06-11T11:17:48.172875Z","level":"info","event":"\u001b[33m⬇️  https://www.tbank.ru/invest/help/brokerage/account/trade-on-bs/bids/","logger":"task.stdout"}
{"timestamp":"2026-06-11T11:17:48.451782Z","level":"info","event":"\u001b[32m✅ 1021705 байт","logger":"task.stdout"}
{"timestamp":"2026-06-11T11:17:48.523472Z","level":"info","event":"\u001b[32m   356 параграфов, 35269 символов","logger":"task.stdout"}
{"timestamp":"2026-06-11T11:17:48.525767Z","level":"info","event":"\u001b[36m💾 049_как_выставлять_биржевые_заявки.json","logger":"task.stdout"}
{"timestamp":"2026-06-11T11:17:48.525954Z","level":"info","event":"\u001b[32m✅ Статья #49: Как выставлять биржевые заявки","logger":"task.stdout"}
{"timestamp":"2026-06-11T11:17:48.526130Z","level":"info","event":"","logger":"task.stdout"}
{"timestamp":"2026-06-11T11:17:48.526289Z","level":"info","event":"\u001b[36m        [Глубина 4/4] https://www.tbank.ru/invest/help/brokerage/account/trade-on-bs/insert-money/","logger":"task.stdout"}
{"timestamp":"2026-06-11T11:17:49.532877Z","level":"info","event":"\u001b[33m⬇️  https://www.tbank.ru/invest/help/brokerage/account/trade-on-bs/insert-money/","logger":"task.stdout"}
{"timestamp":"2026-06-11T11:17:50.521422Z","level":"info","event":"\u001b[32m✅ 751513 байт","logger":"task.stdout"}
{"timestamp":"2026-06-11T11:17:50.629275Z","level":"info","event":"\u001b[32m   270 параграфов, 15970 символов","logger":"task.stdout"}
{"timestamp":"2026-06-11T11:17:50.633852Z","level":"info","event":"\u001b[36m💾 050_как_пополнить_брокерский_счет.json","logger":"task.stdout"}
{"timestamp":"2026-06-11T11:17:50.634300Z","level":"info","event":"\u001b[32m✅ Статья #50: Как пополнить брокерский счет","logger":"task.stdout"}
{"timestamp":"2026-06-11T11:17:50.697996Z","level":"info","event":"","logger":"task.stdout"}
{"timestamp":"2026-06-11T11:17:50.698225Z","level":"info","event":"\u001b[33m💾 Checkpoint: 50 статей (29.0/мин)","logger":"task.stdout"}
{"timestamp":"2026-06-11T11:17:50.698408Z","level":"info","event":"","logger":"task.stdout"}
{"timestamp":"2026-06-11T11:17:50.698570Z","level":"info","event":"","logger":"task.stdout"}
{"timestamp":"2026-06-11T11:17:50.698698Z","level":"info","event":"\u001b[36m        [Глубина 4/4] https://www.tbank.ru/invest/help/brokerage/account/forts/trade-options/","logger":"task.stdout"}
{"timestamp":"2026-06-11T11:17:51.704351Z","level":"info","event":"\u001b[33m⬇️  https://www.tbank.ru/invest/help/brokerage/account/forts/trade-options/","logger":"task.stdout"}
{"timestamp":"2026-06-11T11:17:52.044750Z","level":"info","event":"\u001b[32m✅ 991976 байт","logger":"task.stdout"}
{"timestamp":"2026-06-11T11:17:52.163238Z","level":"info","event":"\u001b[32m   347 параграфов, 25651 символов","logger":"task.stdout"}
{"timestamp":"2026-06-11T11:17:52.171063Z","level":"info","event":"\u001b[36m💾 051_как_торговать_опционами.json","logger":"task.stdout"}
{"timestamp":"2026-06-11T11:17:52.172083Z","level":"info","event":"\u001b[32m✅ Статья #51: Как торговать опционами","logger":"task.stdout"}
{"timestamp":"2026-06-11T11:17:52.173279Z","level":"info","event":"","logger":"task.stdout"}
{"timestamp":"2026-06-11T11:17:52.173426Z","level":"info","event":"\u001b[36m        [Глубина 4/4] https://www.tbank.ru/invest/help/brokerage/account/forts/futures/?card=q3","logger":"task.stdout"}
{"timestamp":"2026-06-11T11:17:53.179881Z","level":"info","event":"\u001b[33m⬇️  https://www.tbank.ru/invest/help/brokerage/account/forts/futures/?card=q3","logger":"task.stdout"}
{"timestamp":"2026-06-11T11:17:54.094744Z","level":"info","event":"\u001b[32m✅ 814781 байт","logger":"task.stdout"}
{"timestamp":"2026-06-11T11:17:54.451640Z","level":"info","event":"\u001b[32m   286 параграфов, 20828 символов","logger":"task.stdout"}
{"timestamp":"2026-06-11T11:17:54.481898Z","level":"info","event":"\u001b[36m💾 052_как_устроен_фьючерсный_рынок.json","logger":"task.stdout"}
{"timestamp":"2026-06-11T11:17:54.486131Z","level":"info","event":"\u001b[32m✅ Статья #52: Как устроен фьючерсный рынок","logger":"task.stdout"}
{"timestamp":"2026-06-11T11:17:54.488342Z","level":"info","event":"","logger":"task.stdout"}
{"timestamp":"2026-06-11T11:17:54.490573Z","level":"info","event":"\u001b[36m        [Глубина 4/4] https://www.tbank.ru/invest/help/brokerage/account/forts/options/","logger":"task.stdout"}
{"timestamp":"2026-06-11T11:17:55.490392Z","level":"info","event":"\u001b[33m⬇️  https://www.tbank.ru/invest/help/brokerage/account/forts/options/","logger":"task.stdout"}
{"timestamp":"2026-06-11T11:17:55.882417Z","level":"info","event":"\u001b[32m✅ 919351 байт","logger":"task.stdout"}
{"timestamp":"2026-06-11T11:17:56.044749Z","level":"info","event":"\u001b[32m   328 параграфов, 24504 символов","logger":"task.stdout"}
{"timestamp":"2026-06-11T11:17:56.054235Z","level":"info","event":"\u001b[36m💾 053_как_устроена_биржа_опционов.json","logger":"task.stdout"}
{"timestamp":"2026-06-11T11:17:56.054457Z","level":"info","event":"\u001b[32m✅ Статья #53: Как устроена биржа опционов","logger":"task.stdout"}
{"timestamp":"2026-06-11T11:17:56.054645Z","level":"info","event":"","logger":"task.stdout"}
{"timestamp":"2026-06-11T11:17:56.055639Z","level":"info","event":"\u001b[36m        [Глубина 4/4] https://www.tbank.ru/invest/help/brokerage/account/get-bs/close/","logger":"task.stdout"}
{"timestamp":"2026-06-11T11:17:57.069396Z","level":"info","event":"\u001b[33m⬇️  https://www.tbank.ru/invest/help/brokerage/account/get-bs/close/","logger":"task.stdout"}
{"timestamp":"2026-06-11T11:17:57.479676Z","level":"info","event":"\u001b[32m✅ 689647 байт","logger":"task.stdout"}
{"timestamp":"2026-06-11T11:17:57.774793Z","level":"info","event":"\u001b[32m   249 параграфов, 14307 символов","logger":"task.stdout"}
{"timestamp":"2026-06-11T11:17:57.799779Z","level":"info","event":"\u001b[36m💾 054_нужно_ли_закрывать_брокерский_счет.json","logger":"task.stdout"}
{"timestamp":"2026-06-11T11:17:57.804120Z","level":"info","event":"\u001b[32m✅ Статья #54: Нужно ли закрывать брокерский счет","logger":"task.stdout"}
{"timestamp":"2026-06-11T11:17:57.805175Z","level":"info","event":"","logger":"task.stdout"}
{"timestamp":"2026-06-11T11:17:57.806465Z","level":"info","event":"\u001b[36m        [Глубина 4/4] https://www.tbank.ru/invest/help/brokerage/account/forts/futures/?card=q5","logger":"task.stdout"}
{"timestamp":"2026-06-11T11:17:58.819184Z","level":"info","event":"\u001b[33m⬇️  https://www.tbank.ru/invest/help/brokerage/account/forts/futures/?card=q5","logger":"task.stdout"}
{"timestamp":"2026-06-11T11:18:00.022873Z","level":"info","event":"\u001b[32m✅ 815049 байт","logger":"task.stdout"}
{"timestamp":"2026-06-11T11:18:00.186662Z","level":"info","event":"\u001b[32m   286 параграфов, 20828 символов","logger":"task.stdout"}
{"timestamp":"2026-06-11T11:18:00.192879Z","level":"info","event":"\u001b[36m💾 055_как_устроен_фьючерсный_рынок.json","logger":"task.stdout"}
{"timestamp":"2026-06-11T11:18:00.193731Z","level":"info","event":"\u001b[32m✅ Статья #55: Как устроен фьючерсный рынок","logger":"task.stdout"}
{"timestamp":"2026-06-11T11:18:00.193958Z","level":"info","event":"","logger":"task.stdout"}
{"timestamp":"2026-06-11T11:18:00.194193Z","level":"info","event":"\u001b[36m        [Глубина 4/4] https://www.tbank.ru/invest/help/brokerage/account/forts/about/","logger":"task.stdout"}
{"timestamp":"2026-06-11T11:18:01.198930Z","level":"info","event":"\u001b[33m⬇️  https://www.tbank.ru/invest/help/brokerage/account/forts/about/","logger":"task.stdout"}
{"timestamp":"2026-06-11T11:18:02.074814Z","level":"info","event":"\u001b[32m✅ 690664 байт","logger":"task.stdout"}
{"timestamp":"2026-06-11T11:18:02.358803Z","level":"info","event":"\u001b[32m   246 параграфов, 12490 символов","logger":"task.stdout"}
{"timestamp":"2026-06-11T11:18:02.367728Z","level":"info","event":"\u001b[36m💾 056_как_работает_срочный_рынок.json","logger":"task.stdout"}
{"timestamp":"2026-06-11T11:18:02.369300Z","level":"info","event":"\u001b[32m✅ Статья #56: Как работает срочный рынок","logger":"task.stdout"}
{"timestamp":"2026-06-11T11:18:02.371249Z","level":"info","event":"","logger":"task.stdout"}
{"timestamp":"2026-06-11T11:18:02.371706Z","level":"info","event":"\u001b[36m        [Глубина 4/4] https://www.tbank.ru/invest/help/brokerage/account/get-bs/requirements/","logger":"task.stdout"}
{"timestamp":"2026-06-11T11:18:03.375875Z","level":"info","event":"\u001b[33m⬇️  https://www.tbank.ru/invest/help/brokerage/account/get-bs/requirements/","logger":"task.stdout"}
{"timestamp":"2026-06-11T11:18:03.654029Z","level":"info","event":"\u001b[32m✅ 737992 байт","logger":"task.stdout"}
{"timestamp":"2026-06-11T11:18:03.777701Z","level":"info","event":"\u001b[32m   265 параграфов, 15702 символов","logger":"task.stdout"}
{"timestamp":"2026-06-11T11:18:03.780803Z","level":"info","event":"\u001b[36m💾 057_как_открыть_брокерский_счет.json","logger":"task.stdout"}
{"timestamp":"2026-06-11T11:18:03.780963Z","level":"info","event":"\u001b[32m✅ Статья #57: Как открыть брокерский счет","logger":"task.stdout"}
{"timestamp":"2026-06-11T11:18:03.781131Z","level":"info","event":"","logger":"task.stdout"}
{"timestamp":"2026-06-11T11:18:03.781234Z","level":"info","event":"\u001b[36m        [Глубина 4/4] https://www.tbank.ru/invest/help/brokerage/","logger":"task.stdout"}
{"timestamp":"2026-06-11T11:18:04.788046Z","level":"info","event":"\u001b[33m⬇️  https://www.tbank.ru/invest/help/brokerage/","logger":"task.stdout"}
{"timestamp":"2026-06-11T11:18:05.571527Z","level":"info","event":"\u001b[32m✅ 523255 байт","logger":"task.stdout"}
{"timestamp":"2026-06-11T11:18:05.626686Z","level":"info","event":"\u001b[32m   210 параграфов, 8203 символов","logger":"task.stdout"}
{"timestamp":"2026-06-11T11:18:05.628941Z","level":"info","event":"\u001b[36m💾 058_инвестиционные_счета.json","logger":"task.stdout"}
{"timestamp":"2026-06-11T11:18:05.629061Z","level":"info","event":"\u001b[32m✅ Статья #58: Инвестиционные счета","logger":"task.stdout"}
{"timestamp":"2026-06-11T11:18:05.629159Z","level":"info","event":"","logger":"task.stdout"}
{"timestamp":"2026-06-11T11:18:05.629224Z","level":"info","event":"\u001b[36m        [Глубина 4/4] https://www.tbank.ru/invest/help/brokerage/account/forts/neo/","logger":"task.stdout"}
{"timestamp":"2026-06-11T11:18:06.634754Z","level":"info","event":"\u001b[33m⬇️  https://www.tbank.ru/invest/help/brokerage/account/forts/neo/","logger":"task.stdout"}
{"timestamp":"2026-06-11T11:18:06.961708Z","level":"info","event":"\u001b[32m✅ 918130 байт","logger":"task.stdout"}
{"timestamp":"2026-06-11T11:18:07.036302Z","level":"info","event":"\u001b[32m   337 параграфов, 23425 символов","logger":"task.stdout"}
{"timestamp":"2026-06-11T11:18:07.038270Z","level":"info","event":"\u001b[36m💾 059_как_работают_неоактивы.json","logger":"task.stdout"}
{"timestamp":"2026-06-11T11:18:07.038374Z","level":"info","event":"\u001b[32m✅ Статья #59: Как работают неоактивы","logger":"task.stdout"}
{"timestamp":"2026-06-11T11:18:07.038445Z","level":"info","event":"","logger":"task.stdout"}
{"timestamp":"2026-06-11T11:18:07.038499Z","level":"info","event":"\u001b[36m        [Глубина 4/4] https://www.tbank.ru/invest/help/brokerage/account/forts/variation-margin/","logger":"task.stdout"}
{"timestamp":"2026-06-11T11:18:08.042217Z","level":"info","event":"\u001b[33m⬇️  https://www.tbank.ru/invest/help/brokerage/account/forts/variation-margin/","logger":"task.stdout"}
{"timestamp":"2026-06-11T11:18:10.426945Z","level":"info","event":"\u001b[32m✅ 769920 байт","logger":"task.stdout"}
{"timestamp":"2026-06-11T11:18:10.527958Z","level":"info","event":"\u001b[32m   300 параграфов, 18883 символов","logger":"task.stdout"}
{"timestamp":"2026-06-11T11:18:10.529870Z","level":"info","event":"\u001b[36m💾 060_как_рассчитывается_вариационная_маржа.json","logger":"task.stdout"}
{"timestamp":"2026-06-11T11:18:10.530086Z","level":"info","event":"\u001b[32m✅ Статья #60: Как рассчитывается вариационная маржа","logger":"task.stdout"}
{"timestamp":"2026-06-11T11:18:10.569079Z","level":"info","event":"","logger":"task.stdout"}
{"timestamp":"2026-06-11T11:18:10.569223Z","level":"info","event":"\u001b[33m💾 Checkpoint: 60 статей (29.2/мин)","logger":"task.stdout"}
{"timestamp":"2026-06-11T11:18:10.569277Z","level":"info","event":"","logger":"task.stdout"}
{"timestamp":"2026-06-11T11:18:10.569324Z","level":"info","event":"","logger":"task.stdout"}
{"timestamp":"2026-06-11T11:18:10.569371Z","level":"info","event":"\u001b[36m      [Глубина 3/4] https://www.tbank.ru/invest/help/educate/how-it-works/what-is-exchange/exchange-types/?card=q1","logger":"task.stdout"}
{"timestamp":"2026-06-11T11:18:11.574242Z","level":"info","event":"\u001b[33m⬇️  https://www.tbank.ru/invest/help/educate/how-it-works/what-is-exchange/exchange-types/?card=q1","logger":"task.stdout"}
{"timestamp":"2026-06-11T11:18:12.564034Z","level":"info","event":"\u001b[32m✅ 729890 байт","logger":"task.stdout"}
{"timestamp":"2026-06-11T11:18:13.049212Z","level":"info","event":"\u001b[32m   277 параграфов, 16055 символов","logger":"task.stdout"}
{"timestamp":"2026-06-11T11:18:13.093498Z","level":"info","event":"\u001b[36m💾 061_виды_бирж.json","logger":"task.stdout"}
{"timestamp":"2026-06-11T11:18:13.100993Z","level":"info","event":"\u001b[32m✅ Статья #61: Виды бирж","logger":"task.stdout"}
{"timestamp":"2026-06-11T11:18:13.122476Z","level":"error","event":"\r                                                          \u001b[A","logger":"task.stderr"}
{"timestamp":"2026-06-11T11:18:13.222724Z","level":"error","event":"\rФильтрация ссылок:   0%|          | 0/391 [00:00<?, ?it/s]\u001b[A","logger":"task.stderr"}
{"timestamp":"2026-06-11T11:18:13.224931Z","level":"info","event":"\u001b[32m   Новых ссылок: 7","logger":"task.stdout"}
{"timestamp":"2026-06-11T11:18:13.225470Z","level":"info","event":"","logger":"task.stdout"}
{"timestamp":"2026-06-11T11:18:13.225847Z","level":"info","event":"\u001b[36m        [Глубина 4/4] https://www.tbank.ru/invest/help/educate/how-it-works/what-is-exchange/exchange-types/?card=q4","logger":"task.stdout"}
{"timestamp":"2026-06-11T11:18:14.240579Z","level":"info","event":"\u001b[33m⬇️  https://www.tbank.ru/invest/help/educate/how-it-works/what-is-exchange/exchange-types/?card=q4","logger":"task.stdout"}
{"timestamp":"2026-06-11T11:18:15.343331Z","level":"info","event":"\u001b[32m✅ 729897 байт","logger":"task.stdout"}
{"timestamp":"2026-06-11T11:18:15.536654Z","level":"info","event":"\u001b[32m   277 параграфов, 16055 символов","logger":"task.stdout"}
{"timestamp":"2026-06-11T11:18:15.650647Z","level":"info","event":"\u001b[36m💾 062_виды_бирж.json","logger":"task.stdout"}
{"timestamp":"2026-06-11T11:18:15.651574Z","level":"info","event":"\u001b[32m✅ Статья #62: Виды бирж","logger":"task.stdout"}
{"timestamp":"2026-06-11T11:18:15.653225Z","level":"info","event":"","logger":"task.stdout"}
{"timestamp":"2026-06-11T11:18:15.653622Z","level":"info","event":"\u001b[36m        [Глубина 4/4] https://www.tbank.ru/invest/help/educate/how-it-works/what-is-exchange/exchange-types/?card=q5","logger":"task.stdout"}
{"timestamp":"2026-06-11T11:18:16.559087Z","level":"info","event":"\u001b[33m⬇️  https://www.tbank.ru/invest/help/educate/how-it-works/what-is-exchange/exchange-types/?card=q5","logger":"task.stdout"}
{"timestamp":"2026-06-11T11:18:17.692307Z","level":"info","event":"\u001b[32m✅ 730490 байт","logger":"task.stdout"}
{"timestamp":"2026-06-11T11:18:17.910714Z","level":"info","event":"\u001b[32m   277 параграфов, 16055 символов","logger":"task.stdout"}
{"timestamp":"2026-06-11T11:18:17.942172Z","level":"info","event":"\u001b[36m💾 063_виды_бирж.json","logger":"task.stdout"}
{"timestamp":"2026-06-11T11:18:17.944513Z","level":"info","event":"\u001b[32m✅ Статья #63: Виды бирж","logger":"task.stdout"}
{"timestamp":"2026-06-11T11:18:17.945111Z","level":"info","event":"","logger":"task.stdout"}
{"timestamp":"2026-06-11T11:18:17.948108Z","level":"info","event":"\u001b[36m        [Глубина 4/4] https://www.tbank.ru/invest/help/educate/how-it-works/what-is-exchange/investment-features/","logger":"task.stdout"}
{"timestamp":"2026-06-11T11:18:18.950645Z","level":"info","event":"\u001b[33m⬇️  https://www.tbank.ru/invest/help/educate/how-it-works/what-is-exchange/investment-features/","logger":"task.stdout"}
{"timestamp":"2026-06-11T11:18:19.934840Z","level":"info","event":"\u001b[32m✅ 776413 байт","logger":"task.stdout"}
{"timestamp":"2026-06-11T11:18:20.042339Z","level":"info","event":"\u001b[32m   273 параграфов, 18040 символов","logger":"task.stdout"}
{"timestamp":"2026-06-11T11:18:20.044905Z","level":"info","event":"\u001b[36m💾 064_особенности_инвестирования_на_бирже.json","logger":"task.stdout"}
{"timestamp":"2026-06-11T11:18:20.045053Z","level":"info","event":"\u001b[32m✅ Статья #64: Особенности инвестирования на бирже","logger":"task.stdout"}
{"timestamp":"2026-06-11T11:18:20.045133Z","level":"info","event":"","logger":"task.stdout"}
{"timestamp":"2026-06-11T11:18:20.045208Z","level":"info","event":"\u001b[36m        [Глубина 4/4] https://www.tbank.ru/invest/help/educate/how-it-works/what-is-exchange/exchange-types/?card=q2","logger":"task.stdout"}
{"timestamp":"2026-06-11T11:18:21.051416Z","level":"info","event":"\u001b[33m⬇️  https://www.tbank.ru/invest/help/educate/how-it-works/what-is-exchange/exchange-types/?card=q2","logger":"task.stdout"}
{"timestamp":"2026-06-11T11:18:21.997730Z","level":"info","event":"\u001b[32m✅ 729837 байт","logger":"task.stdout"}
{"timestamp":"2026-06-11T11:18:22.111510Z","level":"info","event":"\u001b[32m   277 параграфов, 16055 символов","logger":"task.stdout"}
{"timestamp":"2026-06-11T11:18:22.113665Z","level":"info","event":"\u001b[36m💾 065_виды_бирж.json","logger":"task.stdout"}
{"timestamp":"2026-06-11T11:18:22.113769Z","level":"info","event":"\u001b[32m✅ Статья #65: Виды бирж","logger":"task.stdout"}
{"timestamp":"2026-06-11T11:18:22.113828Z","level":"info","event":"","logger":"task.stdout"}
{"timestamp":"2026-06-11T11:18:22.113897Z","level":"info","event":"\u001b[36m        [Глубина 4/4] https://www.tbank.ru/invest/help/educate/how-it-works/what-is-exchange/exchange-types/?card=q6","logger":"task.stdout"}
{"timestamp":"2026-06-11T11:18:23.119200Z","level":"info","event":"\u001b[33m⬇️  https://www.tbank.ru/invest/help/educate/how-it-works/what-is-exchange/exchange-types/?card=q6","logger":"task.stdout"}
{"timestamp":"2026-06-11T11:18:24.088762Z","level":"info","event":"\u001b[32m✅ 729979 байт","logger":"task.stdout"}
{"timestamp":"2026-06-11T11:18:24.164388Z","level":"info","event":"\u001b[32m   277 параграфов, 16055 символов","logger":"task.stdout"}
{"timestamp":"2026-06-11T11:18:24.166900Z","level":"info","event":"\u001b[36m💾 066_виды_бирж.json","logger":"task.stdout"}
{"timestamp":"2026-06-11T11:18:24.167256Z","level":"info","event":"\u001b[32m✅ Статья #66: Виды бирж","logger":"task.stdout"}
{"timestamp":"2026-06-11T11:18:24.168004Z","level":"info","event":"","logger":"task.stdout"}
{"timestamp":"2026-06-11T11:18:24.168261Z","level":"info","event":"\u001b[36m        [Глубина 4/4] https://www.tbank.ru/invest/help/brokerage/account/forts/about/?card=q2","logger":"task.stdout"}
{"timestamp":"2026-06-11T11:18:25.170207Z","level":"info","event":"\u001b[33m⬇️  https://www.tbank.ru/invest/help/brokerage/account/forts/about/?card=q2","logger":"task.stdout"}
{"timestamp":"2026-06-11T11:18:26.190762Z","level":"info","event":"\u001b[32m✅ 690178 байт","logger":"task.stdout"}
{"timestamp":"2026-06-11T11:18:26.318153Z","level":"info","event":"\u001b[32m   246 параграфов, 12490 символов","logger":"task.stdout"}
{"timestamp":"2026-06-11T11:18:26.326261Z","level":"info","event":"\u001b[36m💾 067_как_работает_срочный_рынок.json","logger":"task.stdout"}
{"timestamp":"2026-06-11T11:18:26.326833Z","level":"info","event":"\u001b[32m✅ Статья #67: Как работает срочный рынок","logger":"task.stdout"}
{"timestamp":"2026-06-11T11:18:26.326956Z","level":"info","event":"","logger":"task.stdout"}
{"timestamp":"2026-06-11T11:18:26.327307Z","level":"info","event":"\u001b[36m        [Глубина 4/4] https://www.tbank.ru/invest/help/educate/how-it-works/what-is-exchange/exchange-types/?card=q3","logger":"task.stdout"}
{"timestamp":"2026-06-11T11:18:27.336896Z","level":"info","event":"\u001b[33m⬇️  https://www.tbank.ru/invest/help/educate/how-it-works/what-is-exchange/exchange-types/?card=q3","logger":"task.stdout"}
{"timestamp":"2026-06-11T11:18:28.566158Z","level":"info","event":"\u001b[32m✅ 729692 байт","logger":"task.stdout"}
{"timestamp":"2026-06-11T11:18:28.681588Z","level":"info","event":"\u001b[32m   277 параграфов, 16055 символов","logger":"task.stdout"}
{"timestamp":"2026-06-11T11:18:28.684464Z","level":"info","event":"\u001b[36m💾 068_виды_бирж.json","logger":"task.stdout"}
{"timestamp":"2026-06-11T11:18:28.684615Z","level":"info","event":"\u001b[32m✅ Статья #68: Виды бирж","logger":"task.stdout"}
{"timestamp":"2026-06-11T11:18:28.684727Z","level":"info","event":"","logger":"task.stdout"}
{"timestamp":"2026-06-11T11:18:28.684820Z","level":"info","event":"\u001b[36m    [Глубина 2/4] https://www.tbank.ru/invest/help/brokerage/account/trade-on-bs/get-report/?card=q6","logger":"task.stdout"}
{"timestamp":"2026-06-11T11:18:29.689221Z","level":"info","event":"\u001b[33m⬇️  https://www.tbank.ru/invest/help/brokerage/account/trade-on-bs/get-report/?card=q6","logger":"task.stdout"}
{"timestamp":"2026-06-11T11:18:30.897053Z","level":"info","event":"\u001b[32m✅ 778068 байт","logger":"task.stdout"}
{"timestamp":"2026-06-11T11:18:31.080392Z","level":"info","event":"\u001b[32m   271 параграфов, 17073 символов","logger":"task.stdout"}
{"timestamp":"2026-06-11T11:18:31.087113Z","level":"info","event":"\u001b[36m💾 069_как_получать_отчеты_и_справки.json","logger":"task.stdout"}
{"timestamp":"2026-06-11T11:18:31.087716Z","level":"info","event":"\u001b[32m✅ Статья #69: Как получать отчеты и справки","logger":"task.stdout"}
{"timestamp":"2026-06-11T11:18:31.100742Z","level":"error","event":"\r                                                          \u001b[A","logger":"task.stderr"}
{"timestamp":"2026-06-11T11:18:31.118138Z","level":"error","event":"\rФильтрация ссылок:   0%|          | 0/381 [00:00<?, ?it/s]\u001b[A","logger":"task.stderr"}
{"timestamp":"2026-06-11T11:18:31.119438Z","level":"info","event":"\u001b[32m   Новых ссылок: 15","logger":"task.stdout"}
{"timestamp":"2026-06-11T11:18:31.120105Z","level":"info","event":"","logger":"task.stdout"}
{"timestamp":"2026-06-11T11:18:31.120423Z","level":"info","event":"\u001b[36m      [Глубина 3/4] https://www.tbank.ru/invest/help/educate/broker-report/","logger":"task.stdout"}
{"timestamp":"2026-06-11T11:18:32.131282Z","level":"info","event":"\u001b[33m⬇️  https://www.tbank.ru/invest/help/educate/broker-report/","logger":"task.stdout"}
{"timestamp":"2026-06-11T11:18:32.899997Z","level":"info","event":"\u001b[32m✅ 612369 байт","logger":"task.stdout"}
{"timestamp":"2026-06-11T11:18:34.609854Z","level":"info","event":"\u001b[32m   229 параграфов, 9284 символов","logger":"task.stdout"}
{"timestamp":"2026-06-11T11:18:34.621190Z","level":"info","event":"\u001b[36m💾 070_отчеты_и_справки.json","logger":"task.stdout"}
{"timestamp":"2026-06-11T11:18:34.621638Z","level":"info","event":"\u001b[32m✅ Статья #70: Отчеты и справки","logger":"task.stdout"}
{"timestamp":"2026-06-11T11:18:34.846552Z","level":"info","event":"","logger":"task.stdout"}
{"timestamp":"2026-06-11T11:18:34.848576Z","level":"info","event":"\u001b[33m💾 Checkpoint: 70 статей (28.4/мин)","logger":"task.stdout"}
{"timestamp":"2026-06-11T11:18:34.851810Z","level":"info","event":"","logger":"task.stdout"}
{"timestamp":"2026-06-11T11:18:34.853302Z","level":"error","event":"\r                                                          \u001b[A","logger":"task.stderr"}
{"timestamp":"2026-06-11T11:18:34.861972Z","level":"error","event":"\rФильтрация ссылок:   0%|          | 0/387 [00:00<?, ?it/s]\u001b[A","logger":"task.stderr"}
{"timestamp":"2026-06-11T11:18:34.862277Z","level":"info","event":"\u001b[32m   Новых ссылок: 31","logger":"task.stdout"}
{"timestamp":"2026-06-11T11:18:34.871800Z","level":"info","event":"","logger":"task.stdout"}
{"timestamp":"2026-06-11T11:18:34.871970Z","level":"info","event":"\u001b[36m        [Глубина 4/4] https://www.tbank.ru/invest/help/educate/broker-report/about/read-n-get/?card=q1","logger":"task.stdout"}
{"timestamp":"2026-06-11T11:18:35.861353Z","level":"info","event":"\u001b[33m⬇️  https://www.tbank.ru/invest/help/educate/broker-report/about/read-n-get/?card=q1","logger":"task.stdout"}
{"timestamp":"2026-06-11T11:18:36.953524Z","level":"info","event":"\u001b[32m✅ 1139545 байт","logger":"task.stdout"}
{"timestamp":"2026-06-11T11:18:37.042787Z","level":"info","event":"\u001b[32m   398 параграфов, 29061 символов","logger":"task.stdout"}
{"timestamp":"2026-06-11T11:18:37.049731Z","level":"info","event":"\u001b[36m💾 071_как_читать_брокерский_отчет_от_т_инвестиций.json","logger":"task.stdout"}
{"timestamp":"2026-06-11T11:18:37.049927Z","level":"info","event":"\u001b[32m✅ Статья #71: Как читать брокерский отчет от Т⁠-⁠Инвестиций","logger":"task.stdout"}
{"timestamp":"2026-06-11T11:18:37.050045Z","level":"info","event":"","logger":"task.stdout"}
{"timestamp":"2026-06-11T11:18:37.050141Z","level":"info","event":"\u001b[36m        [Глубина 4/4] https://www.tbank.ru/invest/help/educate/broker-report/about/how-to-get/?card=q1","logger":"task.stdout"}
{"timestamp":"2026-06-11T11:18:38.059206Z","level":"info","event":"\u001b[33m⬇️  https://www.tbank.ru/invest/help/educate/broker-report/about/how-to-get/?card=q1","logger":"task.stdout"}
{"timestamp":"2026-06-11T11:18:39.117785Z","level":"info","event":"\u001b[32m✅ 670843 байт","logger":"task.stdout"}
{"timestamp":"2026-06-11T11:18:39.261519Z","level":"info","event":"\u001b[32m   221 параграфов, 11104 символов","logger":"task.stdout"}
{"timestamp":"2026-06-11T11:18:39.265992Z","level":"info","event":"\u001b[36m💾 072_как_скачать_документы_для_подачи_в_налоговые_органы_и_не_только.json","logger":"task.stdout"}
{"timestamp":"2026-06-11T11:18:39.266270Z","level":"info","event":"\u001b[32m✅ Статья #72: Как скачать документы для подачи в налоговые орган","logger":"task.stdout"}
{"timestamp":"2026-06-11T11:18:39.266374Z","level":"info","event":"","logger":"task.stdout"}
{"timestamp":"2026-06-11T11:18:39.266502Z","level":"info","event":"\u001b[36m        [Глубина 4/4] https://www.tbank.ru/invest/help/educate/broker-report/about/read-n-get/?card=q2","logger":"task.stdout"}
{"timestamp":"2026-06-11T11:18:40.266418Z","level":"info","event":"\u001b[33m⬇️  https://www.tbank.ru/invest/help/educate/broker-report/about/read-n-get/?card=q2","logger":"task.stdout"}
{"timestamp":"2026-06-11T11:18:41.246506Z","level":"info","event":"\u001b[32m✅ 1140057 байт","logger":"task.stdout"}
{"timestamp":"2026-06-11T11:18:41.392809Z","level":"info","event":"\u001b[32m   398 параграфов, 29061 символов","logger":"task.stdout"}
{"timestamp":"2026-06-11T11:18:41.402367Z","level":"info","event":"\u001b[36m💾 073_как_читать_брокерский_отчет_от_т_инвестиций.json","logger":"task.stdout"}
{"timestamp":"2026-06-11T11:18:41.402607Z","level":"info","event":"\u001b[32m✅ Статья #73: Как читать брокерский отчет от Т⁠-⁠Инвестиций","logger":"task.stdout"}
{"timestamp":"2026-06-11T11:18:41.402727Z","level":"info","event":"","logger":"task.stdout"}
{"timestamp":"2026-06-11T11:18:41.402837Z","level":"info","event":"\u001b[36m        [Глубина 4/4] https://www.tbank.ru/invest/help/educate/broker-report/about/how-to-get/?card=q2","logger":"task.stdout"}
{"timestamp":"2026-06-11T11:18:42.407335Z","level":"info","event":"\u001b[33m⬇️  https://www.tbank.ru/invest/help/educate/broker-report/about/how-to-get/?card=q2","logger":"task.stdout"}
{"timestamp":"2026-06-11T11:18:43.250532Z","level":"info","event":"\u001b[32m✅ 671294 байт","logger":"task.stdout"}
{"timestamp":"2026-06-11T11:18:43.325548Z","level":"info","event":"\u001b[32m   221 параграфов, 11104 символов","logger":"task.stdout"}
{"timestamp":"2026-06-11T11:18:43.327099Z","level":"info","event":"\u001b[36m💾 074_как_скачать_документы_для_подачи_в_налоговые_органы_и_не_только.json","logger":"task.stdout"}
{"timestamp":"2026-06-11T11:18:43.327209Z","level":"info","event":"\u001b[32m✅ Статья #74: Как скачать документы для подачи в налоговые орган","logger":"task.stdout"}
{"timestamp":"2026-06-11T11:18:43.327290Z","level":"info","event":"","logger":"task.stdout"}
{"timestamp":"2026-06-11T11:18:43.327338Z","level":"info","event":"\u001b[36m        [Глубина 4/4] https://www.tbank.ru/invest/help/educate/broker-report/about/tax-report/?card=tax-benefit","logger":"task.stdout"}
{"timestamp":"2026-06-11T11:18:44.330527Z","level":"info","event":"\u001b[33m⬇️  https://www.tbank.ru/invest/help/educate/broker-report/about/tax-report/?card=tax-benefit","logger":"task.stdout"}
{"timestamp":"2026-06-11T11:18:45.576844Z","level":"info","event":"\u001b[32m✅ 1022624 байт","logger":"task.stdout"}
{"timestamp":"2026-06-11T11:18:45.646744Z","level":"info","event":"\u001b[32m   333 параграфов, 28163 символов","logger":"task.stdout"}
{"timestamp":"2026-06-11T11:18:45.649289Z","level":"info","event":"\u001b[36m💾 075_как_читать_налоговый_отчет_от_т_инвестиций.json","logger":"task.stdout"}
{"timestamp":"2026-06-11T11:18:45.649392Z","level":"info","event":"\u001b[32m✅ Статья #75: Как читать налоговый отчет от Т⁠-⁠Инвестиций","logger":"task.stdout"}
{"timestamp":"2026-06-11T11:18:45.649470Z","level":"info","event":"","logger":"task.stdout"}
{"timestamp":"2026-06-11T11:18:45.649517Z","level":"info","event":"\u001b[36m        [Глубина 4/4] https://www.tbank.ru/invest/help/educate/broker-report/about/read-n-get/?card=q5","logger":"task.stdout"}
{"timestamp":"2026-06-11T11:18:46.660631Z","level":"info","event":"\u001b[33m⬇️  https://www.tbank.ru/invest/help/educate/broker-report/about/read-n-get/?card=q5","logger":"task.stdout"}
{"timestamp":"2026-06-11T11:18:48.037268Z","level":"info","event":"\u001b[32m✅ 1139832 байт","logger":"task.stdout"}
{"timestamp":"2026-06-11T11:18:48.149606Z","level":"info","event":"\u001b[32m   398 параграфов, 29061 символов","logger":"task.stdout"}
{"timestamp":"2026-06-11T11:18:48.152169Z","level":"info","event":"\u001b[36m💾 076_как_читать_брокерский_отчет_от_т_инвестиций.json","logger":"task.stdout"}
{"timestamp":"2026-06-11T11:18:48.152293Z","level":"info","event":"\u001b[32m✅ Статья #76: Как читать брокерский отчет от Т⁠-⁠Инвестиций","logger":"task.stdout"}
{"timestamp":"2026-06-11T11:18:48.152380Z","level":"info","event":"","logger":"task.stdout"}
{"timestamp":"2026-06-11T11:18:48.152439Z","level":"info","event":"\u001b[36m        [Глубина 4/4] https://www.tbank.ru/invest/help/educate/broker-report/about/get-report/?card=q5","logger":"task.stdout"}
{"timestamp":"2026-06-11T11:18:49.156947Z","level":"info","event":"\u001b[33m⬇️  https://www.tbank.ru/invest/help/educate/broker-report/about/get-report/?card=q5","logger":"task.stdout"}
{"timestamp":"2026-06-11T11:18:50.253505Z","level":"info","event":"\u001b[32m✅ 778180 байт","logger":"task.stdout"}
{"timestamp":"2026-06-11T11:18:50.410934Z","level":"info","event":"\u001b[32m   271 параграфов, 17073 символов","logger":"task.stdout"}
{"timestamp":"2026-06-11T11:18:50.413717Z","level":"info","event":"\u001b[36m💾 077_как_получать_отчеты_и_справки.json","logger":"task.stdout"}
{"timestamp":"2026-06-11T11:18:50.413877Z","level":"info","event":"\u001b[32m✅ Статья #77: Как получать отчеты и справки","logger":"task.stdout"}
{"timestamp":"2026-06-11T11:18:50.413955Z","level":"info","event":"","logger":"task.stdout"}
{"timestamp":"2026-06-11T11:18:50.414024Z","level":"info","event":"\u001b[36m        [Глубина 4/4] https://www.tbank.ru/invest/help/educate/broker-report/about/get-report/?card=q6","logger":"task.stdout"}
{"timestamp":"2026-06-11T11:18:51.424306Z","level":"info","event":"\u001b[33m⬇️  https://www.tbank.ru/invest/help/educate/broker-report/about/get-report/?card=q6","logger":"task.stdout"}
{"timestamp":"2026-06-11T11:18:51.834683Z","level":"info","event":"\u001b[32m✅ 777698 байт","logger":"task.stdout"}
{"timestamp":"2026-06-11T11:18:51.913819Z","level":"info","event":"\u001b[32m   271 параграфов, 17073 символов","logger":"task.stdout"}
{"timestamp":"2026-06-11T11:18:51.917154Z","level":"info","event":"\u001b[36m💾 078_как_получать_отчеты_и_справки.json","logger":"task.stdout"}
{"timestamp":"2026-06-11T11:18:51.917682Z","level":"info","event":"\u001b[32m✅ Статья #78: Как получать отчеты и справки","logger":"task.stdout"}
{"timestamp":"2026-06-11T11:18:51.917778Z","level":"info","event":"","logger":"task.stdout"}
{"timestamp":"2026-06-11T11:18:51.917861Z","level":"info","event":"\u001b[36m        [Глубина 4/4] https://www.tbank.ru/invest/help/educate/broker-report/about/get-report/?card=q9","logger":"task.stdout"}
{"timestamp":"2026-06-11T11:18:52.919895Z","level":"info","event":"\u001b[33m⬇️  https://www.tbank.ru/invest/help/educate/broker-report/about/get-report/?card=q9","logger":"task.stdout"}
{"timestamp":"2026-06-11T11:18:53.196188Z","level":"info","event":"\u001b[32m✅ 778407 байт","logger":"task.stdout"}
{"timestamp":"2026-06-11T11:18:53.320321Z","level":"info","event":"\u001b[32m   271 параграфов, 17073 символов","logger":"task.stdout"}
{"timestamp":"2026-06-11T11:18:53.324082Z","level":"info","event":"\u001b[36m💾 079_как_получать_отчеты_и_справки.json","logger":"task.stdout"}
{"timestamp":"2026-06-11T11:18:53.324329Z","level":"info","event":"\u001b[32m✅ Статья #79: Как получать отчеты и справки","logger":"task.stdout"}
{"timestamp":"2026-06-11T11:18:53.324446Z","level":"info","event":"","logger":"task.stdout"}
{"timestamp":"2026-06-11T11:18:53.324594Z","level":"info","event":"\u001b[36m        [Глубина 4/4] https://www.tbank.ru/invest/help/educate/broker-report/about/how-to-get/","logger":"task.stdout"}
{"timestamp":"2026-06-11T11:18:54.328103Z","level":"info","event":"\u001b[33m⬇️  https://www.tbank.ru/invest/help/educate/broker-report/about/how-to-get/","logger":"task.stdout"}
{"timestamp":"2026-06-11T11:18:55.063066Z","level":"info","event":"\u001b[32m✅ 671707 байт","logger":"task.stdout"}
{"timestamp":"2026-06-11T11:18:55.160471Z","level":"info","event":"\u001b[32m   221 параграфов, 11104 символов","logger":"task.stdout"}
{"timestamp":"2026-06-11T11:18:55.163970Z","level":"info","event":"\u001b[36m💾 080_как_скачать_документы_для_подачи_в_налоговые_органы_и_не_только.json","logger":"task.stdout"}
{"timestamp":"2026-06-11T11:18:55.164342Z","level":"info","event":"\u001b[32m✅ Статья #80: Как скачать документы для подачи в налоговые орган","logger":"task.stdout"}
{"timestamp":"2026-06-11T11:18:55.233125Z","level":"info","event":"","logger":"task.stdout"}
{"timestamp":"2026-06-11T11:18:55.233288Z","level":"info","event":"\u001b[33m💾 Checkpoint: 80 статей (28.6/мин)","logger":"task.stdout"}
{"timestamp":"2026-06-11T11:18:55.233442Z","level":"info","event":"","logger":"task.stdout"}
{"timestamp":"2026-06-11T11:18:55.233558Z","level":"info","event":"","logger":"task.stdout"}
{"timestamp":"2026-06-11T11:18:55.233645Z","level":"info","event":"\u001b[36m        [Глубина 4/4] https://www.tbank.ru/invest/help/educate/broker-report/about/get-report/?card=q4","logger":"task.stdout"}
{"timestamp":"2026-06-11T11:18:56.240587Z","level":"info","event":"\u001b[33m⬇️  https://www.tbank.ru/invest/help/educate/broker-report/about/get-report/?card=q4","logger":"task.stdout"}
{"timestamp":"2026-06-11T11:18:57.066363Z","level":"info","event":"\u001b[32m✅ 778440 байт","logger":"task.stdout"}
{"timestamp":"2026-06-11T11:18:57.130073Z","level":"info","event":"\u001b[32m   271 параграфов, 17073 символов","logger":"task.stdout"}
{"timestamp":"2026-06-11T11:18:57.132133Z","level":"info","event":"\u001b[36m💾 081_как_получать_отчеты_и_справки.json","logger":"task.stdout"}
{"timestamp":"2026-06-11T11:18:57.132291Z","level":"info","event":"\u001b[32m✅ Статья #81: Как получать отчеты и справки","logger":"task.stdout"}
{"timestamp":"2026-06-11T11:18:57.132386Z","level":"info","event":"","logger":"task.stdout"}
{"timestamp":"2026-06-11T11:18:57.132486Z","level":"info","event":"\u001b[36m        [Глубина 4/4] https://www.tbank.ru/invest/help/educate/broker-report/about/tax-report/?card=q2","logger":"task.stdout"}
{"timestamp":"2026-06-11T11:18:58.133732Z","level":"info","event":"\u001b[33m⬇️  https://www.tbank.ru/invest/help/educate/broker-report/about/tax-report/?card=q2","logger":"task.stdout"}
{"timestamp":"2026-06-11T11:18:59.102255Z","level":"info","event":"\u001b[32m✅ 1022537 байт","logger":"task.stdout"}
{"timestamp":"2026-06-11T11:18:59.183867Z","level":"info","event":"\u001b[32m   333 параграфов, 28163 символов","logger":"task.stdout"}
{"timestamp":"2026-06-11T11:18:59.186350Z","level":"info","event":"\u001b[36m💾 082_как_читать_налоговый_отчет_от_т_инвестиций.json","logger":"task.stdout"}
{"timestamp":"2026-06-11T11:18:59.186455Z","level":"info","event":"\u001b[32m✅ Статья #82: Как читать налоговый отчет от Т⁠-⁠Инвестиций","logger":"task.stdout"}
{"timestamp":"2026-06-11T11:18:59.186534Z","level":"info","event":"","logger":"task.stdout"}
{"timestamp":"2026-06-11T11:18:59.186606Z","level":"info","event":"\u001b[36m        [Глубина 4/4] https://www.tbank.ru/invest/help/educate/broker-report/about/read-n-get/?card=q3","logger":"task.stdout"}
{"timestamp":"2026-06-11T11:19:00.190389Z","level":"info","event":"\u001b[33m⬇️  https://www.tbank.ru/invest/help/educate/broker-report/about/read-n-get/?card=q3","logger":"task.stdout"}
{"timestamp":"2026-06-11T11:19:01.258101Z","level":"info","event":"\u001b[32m✅ 1140052 байт","logger":"task.stdout"}
{"timestamp":"2026-06-11T11:19:01.359821Z","level":"info","event":"\u001b[32m   398 параграфов, 29061 символов","logger":"task.stdout"}
{"timestamp":"2026-06-11T11:19:01.372410Z","level":"info","event":"\u001b[36m💾 083_как_читать_брокерский_отчет_от_т_инвестиций.json","logger":"task.stdout"}
{"timestamp":"2026-06-11T11:19:01.373076Z","level":"info","event":"\u001b[32m✅ Статья #83: Как читать брокерский отчет от Т⁠-⁠Инвестиций","logger":"task.stdout"}
{"timestamp":"2026-06-11T11:19:01.373460Z","level":"info","event":"","logger":"task.stdout"}
{"timestamp":"2026-06-11T11:19:01.373633Z","level":"info","event":"\u001b[36m        [Глубина 4/4] https://www.tbank.ru/invest/help/educate/broker-report/about/get-report/","logger":"task.stdout"}
{"timestamp":"2026-06-11T11:19:02.381313Z","level":"info","event":"\u001b[33m⬇️  https://www.tbank.ru/invest/help/educate/broker-report/about/get-report/","logger":"task.stdout"}
{"timestamp":"2026-06-11T11:19:03.280516Z","level":"info","event":"\u001b[32m✅ 778537 байт","logger":"task.stdout"}
{"timestamp":"2026-06-11T11:19:03.401057Z","level":"info","event":"\u001b[32m   271 параграфов, 17073 символов","logger":"task.stdout"}
{"timestamp":"2026-06-11T11:19:03.403480Z","level":"info","event":"\u001b[36m💾 084_как_получать_отчеты_и_справки.json","logger":"task.stdout"}
{"timestamp":"2026-06-11T11:19:03.403675Z","level":"info","event":"\u001b[32m✅ Статья #84: Как получать отчеты и справки","logger":"task.stdout"}
{"timestamp":"2026-06-11T11:19:03.403794Z","level":"info","event":"","logger":"task.stdout"}
{"timestamp":"2026-06-11T11:19:03.403933Z","level":"info","event":"\u001b[36m        [Глубина 4/4] https://www.tbank.ru/invest/help/educate/broker-report/about/tax-report/?card=q1","logger":"task.stdout"}
{"timestamp":"2026-06-11T11:19:04.407688Z","level":"info","event":"\u001b[33m⬇️  https://www.tbank.ru/invest/help/educate/broker-report/about/tax-report/?card=q1","logger":"task.stdout"}
{"timestamp":"2026-06-11T11:19:05.328072Z","level":"info","event":"\u001b[32m✅ 1022212 байт","logger":"task.stdout"}
{"timestamp":"2026-06-11T11:19:05.448353Z","level":"info","event":"\u001b[32m   333 параграфов, 28163 символов","logger":"task.stdout"}
{"timestamp":"2026-06-11T11:19:05.458523Z","level":"info","event":"\u001b[36m💾 085_как_читать_налоговый_отчет_от_т_инвестиций.json","logger":"task.stdout"}
{"timestamp":"2026-06-11T11:19:05.459298Z","level":"info","event":"\u001b[32m✅ Статья #85: Как читать налоговый отчет от Т⁠-⁠Инвестиций","logger":"task.stdout"}
{"timestamp":"2026-06-11T11:19:05.460787Z","level":"info","event":"","logger":"task.stdout"}
{"timestamp":"2026-06-11T11:19:05.461063Z","level":"info","event":"\u001b[36m        [Глубина 4/4] https://www.tbank.ru/invest/help/educate/broker-report/about/read-n-get/?card=q6","logger":"task.stdout"}
{"timestamp":"2026-06-11T11:19:06.461668Z","level":"info","event":"\u001b[33m⬇️  https://www.tbank.ru/invest/help/educate/broker-report/about/read-n-get/?card=q6","logger":"task.stdout"}
{"timestamp":"2026-06-11T11:19:07.693124Z","level":"info","event":"\u001b[32m✅ 1140198 байт","logger":"task.stdout"}
{"timestamp":"2026-06-11T11:19:07.836259Z","level":"info","event":"\u001b[32m   398 параграфов, 29061 символов","logger":"task.stdout"}
{"timestamp":"2026-06-11T11:19:07.842814Z","level":"info","event":"\u001b[36m💾 086_как_читать_брокерский_отчет_от_т_инвестиций.json","logger":"task.stdout"}
{"timestamp":"2026-06-11T11:19:07.843256Z","level":"info","event":"\u001b[32m✅ Статья #86: Как читать брокерский отчет от Т⁠-⁠Инвестиций","logger":"task.stdout"}
{"timestamp":"2026-06-11T11:19:07.843603Z","level":"info","event":"","logger":"task.stdout"}
{"timestamp":"2026-06-11T11:19:07.843862Z","level":"info","event":"\u001b[36m        [Глубина 4/4] https://www.tbank.ru/invest/help/educate/broker-report/about/tax-report/","logger":"task.stdout"}
{"timestamp":"2026-06-11T11:19:08.845435Z","level":"info","event":"\u001b[33m⬇️  https://www.tbank.ru/invest/help/educate/broker-report/about/tax-report/","logger":"task.stdout"}
{"timestamp":"2026-06-11T11:19:09.183140Z","level":"info","event":"\u001b[32m✅ 1022336 байт","logger":"task.stdout"}
{"timestamp":"2026-06-11T11:19:09.381036Z","level":"info","event":"\u001b[32m   333 параграфов, 28163 символов","logger":"task.stdout"}
{"timestamp":"2026-06-11T11:19:09.392891Z","level":"info","event":"\u001b[36m💾 087_как_читать_налоговый_отчет_от_т_инвестиций.json","logger":"task.stdout"}
{"timestamp":"2026-06-11T11:19:09.393315Z","level":"info","event":"\u001b[32m✅ Статья #87: Как читать налоговый отчет от Т⁠-⁠Инвестиций","logger":"task.stdout"}
{"timestamp":"2026-06-11T11:19:09.394011Z","level":"info","event":"","logger":"task.stdout"}
{"timestamp":"2026-06-11T11:19:09.394175Z","level":"info","event":"\u001b[36m        [Глубина 4/4] https://www.tbank.ru/invest/help/educate/broker-report/about/read-n-get/?card=q4","logger":"task.stdout"}
{"timestamp":"2026-06-11T11:19:10.395072Z","level":"info","event":"\u001b[33m⬇️  https://www.tbank.ru/invest/help/educate/broker-report/about/read-n-get/?card=q4","logger":"task.stdout"}
{"timestamp":"2026-06-11T11:19:11.588820Z","level":"info","event":"\u001b[32m✅ 1140220 байт","logger":"task.stdout"}
{"timestamp":"2026-06-11T11:19:11.716923Z","level":"info","event":"\u001b[32m   398 параграфов, 29061 символов","logger":"task.stdout"}
{"timestamp":"2026-06-11T11:19:11.722355Z","level":"info","event":"\u001b[36m💾 088_как_читать_брокерский_отчет_от_т_инвестиций.json","logger":"task.stdout"}
{"timestamp":"2026-06-11T11:19:11.722487Z","level":"info","event":"\u001b[32m✅ Статья #88: Как читать брокерский отчет от Т⁠-⁠Инвестиций","logger":"task.stdout"}
{"timestamp":"2026-06-11T11:19:11.722554Z","level":"info","event":"","logger":"task.stdout"}
{"timestamp":"2026-06-11T11:19:11.722609Z","level":"info","event":"\u001b[36m        [Глубина 4/4] https://www.tbank.ru/invest/help/educate/broker-report/about/tax-report/?card=q3","logger":"task.stdout"}
{"timestamp":"2026-06-11T11:19:12.725470Z","level":"info","event":"\u001b[33m⬇️  https://www.tbank.ru/invest/help/educate/broker-report/about/tax-report/?card=q3","logger":"task.stdout"}
{"timestamp":"2026-06-11T11:19:13.703012Z","level":"info","event":"\u001b[32m✅ 1022444 байт","logger":"task.stdout"}
{"timestamp":"2026-06-11T11:19:13.779494Z","level":"info","event":"\u001b[32m   333 параграфов, 28163 символов","logger":"task.stdout"}
{"timestamp":"2026-06-11T11:19:13.783941Z","level":"info","event":"\u001b[36m💾 089_как_читать_налоговый_отчет_от_т_инвестиций.json","logger":"task.stdout"}
{"timestamp":"2026-06-11T11:19:13.784043Z","level":"info","event":"\u001b[32m✅ Статья #89: Как читать налоговый отчет от Т⁠-⁠Инвестиций","logger":"task.stdout"}
{"timestamp":"2026-06-11T11:19:13.784100Z","level":"info","event":"","logger":"task.stdout"}
{"timestamp":"2026-06-11T11:19:13.784179Z","level":"info","event":"\u001b[36m        [Глубина 4/4] https://www.tbank.ru/invest/help/educate/broker-report/about/get-report/?card=q2","logger":"task.stdout"}
{"timestamp":"2026-06-11T11:19:14.789805Z","level":"info","event":"\u001b[33m⬇️  https://www.tbank.ru/invest/help/educate/broker-report/about/get-report/?card=q2","logger":"task.stdout"}
{"timestamp":"2026-06-11T11:19:15.735635Z","level":"info","event":"\u001b[32m✅ 778335 байт","logger":"task.stdout"}
{"timestamp":"2026-06-11T11:19:15.885516Z","level":"info","event":"\u001b[32m   271 параграфов, 17073 символов","logger":"task.stdout"}
{"timestamp":"2026-06-11T11:19:15.888626Z","level":"info","event":"\u001b[36m💾 090_как_получать_отчеты_и_справки.json","logger":"task.stdout"}
{"timestamp":"2026-06-11T11:19:15.888892Z","level":"info","event":"\u001b[32m✅ Статья #90: Как получать отчеты и справки","logger":"task.stdout"}
{"timestamp":"2026-06-11T11:19:16.054032Z","level":"info","event":"","logger":"task.stdout"}
{"timestamp":"2026-06-11T11:19:16.055247Z","level":"info","event":"\u001b[33m💾 Checkpoint: 90 статей (28.6/мин)","logger":"task.stdout"}
{"timestamp":"2026-06-11T11:19:16.055322Z","level":"info","event":"","logger":"task.stdout"}
{"timestamp":"2026-06-11T11:19:16.055404Z","level":"info","event":"","logger":"task.stdout"}
{"timestamp":"2026-06-11T11:19:16.055472Z","level":"info","event":"\u001b[36m        [Глубина 4/4] https://www.tbank.ru/invest/help/educate/broker-report/about/tax-report/?card=q4","logger":"task.stdout"}
{"timestamp":"2026-06-11T11:19:17.059189Z","level":"info","event":"\u001b[33m⬇️  https://www.tbank.ru/invest/help/educate/broker-report/about/tax-report/?card=q4","logger":"task.stdout"}
{"timestamp":"2026-06-11T11:19:18.022244Z","level":"info","event":"\u001b[32m✅ 1022989 байт","logger":"task.stdout"}
{"timestamp":"2026-06-11T11:19:18.236744Z","level":"info","event":"\u001b[32m   333 параграфов, 28163 символов","logger":"task.stdout"}
{"timestamp":"2026-06-11T11:19:18.241103Z","level":"info","event":"\u001b[36m💾 091_как_читать_налоговый_отчет_от_т_инвестиций.json","logger":"task.stdout"}
{"timestamp":"2026-06-11T11:19:18.241434Z","level":"info","event":"\u001b[32m✅ Статья #91: Как читать налоговый отчет от Т⁠-⁠Инвестиций","logger":"task.stdout"}
{"timestamp":"2026-06-11T11:19:18.241573Z","level":"info","event":"","logger":"task.stdout"}
{"timestamp":"2026-06-11T11:19:18.241757Z","level":"info","event":"\u001b[36m        [Глубина 4/4] https://www.tbank.ru/invest/help/educate/broker-report/about/get-report/?card=q7","logger":"task.stdout"}
{"timestamp":"2026-06-11T11:19:19.246931Z","level":"info","event":"\u001b[33m⬇️  https://www.tbank.ru/invest/help/educate/broker-report/about/get-report/?card=q7","logger":"task.stdout"}
{"timestamp":"2026-06-11T11:19:20.157895Z","level":"info","event":"\u001b[32m✅ 778435 байт","logger":"task.stdout"}
{"timestamp":"2026-06-11T11:19:20.224021Z","level":"info","event":"\u001b[32m   271 параграфов, 17073 символов","logger":"task.stdout"}
{"timestamp":"2026-06-11T11:19:20.225982Z","level":"info","event":"\u001b[36m💾 092_как_получать_отчеты_и_справки.json","logger":"task.stdout"}
{"timestamp":"2026-06-11T11:19:20.226090Z","level":"info","event":"\u001b[32m✅ Статья #92: Как получать отчеты и справки","logger":"task.stdout"}
{"timestamp":"2026-06-11T11:19:20.226181Z","level":"info","event":"","logger":"task.stdout"}
{"timestamp":"2026-06-11T11:19:20.226287Z","level":"info","event":"\u001b[36m        [Глубина 4/4] https://www.tbank.ru/invest/help/educate/broker-report/about/get-report/?card=q1","logger":"task.stdout"}
{"timestamp":"2026-06-11T11:19:21.229436Z","level":"info","event":"\u001b[33m⬇️  https://www.tbank.ru/invest/help/educate/broker-report/about/get-report/?card=q1","logger":"task.stdout"}
{"timestamp":"2026-06-11T11:19:21.933170Z","level":"info","event":"\u001b[32m✅ 777906 байт","logger":"task.stdout"}
{"timestamp":"2026-06-11T11:19:22.006421Z","level":"info","event":"\u001b[32m   271 параграфов, 17073 символов","logger":"task.stdout"}
{"timestamp":"2026-06-11T11:19:22.008496Z","level":"info","event":"\u001b[36m💾 093_как_получать_отчеты_и_справки.json","logger":"task.stdout"}
{"timestamp":"2026-06-11T11:19:22.008645Z","level":"info","event":"\u001b[32m✅ Статья #93: Как получать отчеты и справки","logger":"task.stdout"}
{"timestamp":"2026-06-11T11:19:22.008751Z","level":"info","event":"","logger":"task.stdout"}
{"timestamp":"2026-06-11T11:19:22.008829Z","level":"info","event":"\u001b[36m        [Глубина 4/4] https://www.tbank.ru/invest/help/educate/broker-report/about/get-report/?card=q8","logger":"task.stdout"}
{"timestamp":"2026-06-11T11:19:23.010799Z","level":"info","event":"\u001b[33m⬇️  https://www.tbank.ru/invest/help/educate/broker-report/about/get-report/?card=q8","logger":"task.stdout"}
{"timestamp":"2026-06-11T11:19:23.934248Z","level":"info","event":"\u001b[32m✅ 778179 байт","logger":"task.stdout"}
{"timestamp":"2026-06-11T11:19:23.992212Z","level":"info","event":"\u001b[32m   271 параграфов, 17073 символов","logger":"task.stdout"}
{"timestamp":"2026-06-11T11:19:23.998387Z","level":"info","event":"\u001b[36m💾 094_как_получать_отчеты_и_справки.json","logger":"task.stdout"}
{"timestamp":"2026-06-11T11:19:23.998612Z","level":"info","event":"\u001b[32m✅ Статья #94: Как получать отчеты и справки","logger":"task.stdout"}
{"timestamp":"2026-06-11T11:19:23.998742Z","level":"info","event":"","logger":"task.stdout"}
{"timestamp":"2026-06-11T11:19:23.998884Z","level":"info","event":"\u001b[36m        [Глубина 4/4] https://www.tbank.ru/invest/help/educate/broker-report/about/get-report/?card=iis","logger":"task.stdout"}
{"timestamp":"2026-06-11T11:19:25.005769Z","level":"info","event":"\u001b[33m⬇️  https://www.tbank.ru/invest/help/educate/broker-report/about/get-report/?card=iis","logger":"task.stdout"}
{"timestamp":"2026-06-11T11:19:25.749107Z","level":"info","event":"\u001b[32m✅ 778268 байт","logger":"task.stdout"}
{"timestamp":"2026-06-11T11:19:26.036494Z","level":"info","event":"\u001b[32m   271 параграфов, 17073 символов","logger":"task.stdout"}
{"timestamp":"2026-06-11T11:19:26.038443Z","level":"info","event":"\u001b[36m💾 095_как_получать_отчеты_и_справки.json","logger":"task.stdout"}
{"timestamp":"2026-06-11T11:19:26.038566Z","level":"info","event":"\u001b[32m✅ Статья #95: Как получать отчеты и справки","logger":"task.stdout"}
{"timestamp":"2026-06-11T11:19:26.038645Z","level":"info","event":"","logger":"task.stdout"}
{"timestamp":"2026-06-11T11:19:26.038720Z","level":"info","event":"\u001b[36m        [Глубина 4/4] https://www.tbank.ru/invest/help/educate/broker-report/about/tax-report/?card=q6","logger":"task.stdout"}
{"timestamp":"2026-06-11T11:19:27.040601Z","level":"info","event":"\u001b[33m⬇️  https://www.tbank.ru/invest/help/educate/broker-report/about/tax-report/?card=q6","logger":"task.stdout"}
{"timestamp":"2026-06-11T11:19:27.964382Z","level":"info","event":"\u001b[32m✅ 1022734 байт","logger":"task.stdout"}
{"timestamp":"2026-06-11T11:19:28.100789Z","level":"info","event":"\u001b[32m   333 параграфов, 28163 символов","logger":"task.stdout"}
{"timestamp":"2026-06-11T11:19:28.107037Z","level":"info","event":"\u001b[36m💾 096_как_читать_налоговый_отчет_от_т_инвестиций.json","logger":"task.stdout"}
{"timestamp":"2026-06-11T11:19:28.107243Z","level":"info","event":"\u001b[32m✅ Статья #96: Как читать налоговый отчет от Т⁠-⁠Инвестиций","logger":"task.stdout"}
{"timestamp":"2026-06-11T11:19:28.107356Z","level":"info","event":"","logger":"task.stdout"}
{"timestamp":"2026-06-11T11:19:28.107450Z","level":"info","event":"\u001b[36m        [Глубина 4/4] https://www.tbank.ru/invest/help/educate/broker-report/about/read-n-get/","logger":"task.stdout"}
{"timestamp":"2026-06-11T11:19:29.108659Z","level":"info","event":"\u001b[33m⬇️  https://www.tbank.ru/invest/help/educate/broker-report/about/read-n-get/","logger":"task.stdout"}
{"timestamp":"2026-06-11T11:19:29.476542Z","level":"info","event":"\u001b[32m✅ 1140168 байт","logger":"task.stdout"}
{"timestamp":"2026-06-11T11:19:29.556908Z","level":"info","event":"\u001b[32m   398 параграфов, 29061 символов","logger":"task.stdout"}
{"timestamp":"2026-06-11T11:19:29.559571Z","level":"info","event":"\u001b[36m💾 097_как_читать_брокерский_отчет_от_т_инвестиций.json","logger":"task.stdout"}
{"timestamp":"2026-06-11T11:19:29.559680Z","level":"info","event":"\u001b[32m✅ Статья #97: Как читать брокерский отчет от Т⁠-⁠Инвестиций","logger":"task.stdout"}
{"timestamp":"2026-06-11T11:19:29.559792Z","level":"info","event":"","logger":"task.stdout"}
{"timestamp":"2026-06-11T11:19:29.559863Z","level":"info","event":"\u001b[36m        [Глубина 4/4] https://www.tbank.ru/invest/help/educate/broker-report/about/how-to-get/?card=q3","logger":"task.stdout"}
{"timestamp":"2026-06-11T11:19:30.564888Z","level":"info","event":"\u001b[33m⬇️  https://www.tbank.ru/invest/help/educate/broker-report/about/how-to-get/?card=q3","logger":"task.stdout"}
{"timestamp":"2026-06-11T11:19:31.325791Z","level":"info","event":"\u001b[32m✅ 671181 байт","logger":"task.stdout"}
{"timestamp":"2026-06-11T11:19:31.563382Z","level":"info","event":"\u001b[32m   221 параграфов, 11104 символов","logger":"task.stdout"}
{"timestamp":"2026-06-11T11:19:31.573372Z","level":"info","event":"\u001b[36m💾 098_как_скачать_документы_для_подачи_в_налоговые_органы_и_не_только.json","logger":"task.stdout"}
{"timestamp":"2026-06-11T11:19:31.575028Z","level":"info","event":"\u001b[32m✅ Статья #98: Как скачать документы для подачи в налоговые орган","logger":"task.stdout"}
{"timestamp":"2026-06-11T11:19:31.575715Z","level":"info","event":"","logger":"task.stdout"}
{"timestamp":"2026-06-11T11:19:31.577549Z","level":"info","event":"\u001b[36m        [Глубина 4/4] https://www.tbank.ru/invest/help/educate/broker-report/about/read-n-get/?card=q8","logger":"task.stdout"}
{"timestamp":"2026-06-11T11:19:32.572188Z","level":"info","event":"\u001b[33m⬇️  https://www.tbank.ru/invest/help/educate/broker-report/about/read-n-get/?card=q8","logger":"task.stdout"}
{"timestamp":"2026-06-11T11:19:33.418513Z","level":"info","event":"\u001b[32m✅ 1140073 байт","logger":"task.stdout"}
{"timestamp":"2026-06-11T11:19:33.511635Z","level":"info","event":"\u001b[32m   398 параграфов, 29061 символов","logger":"task.stdout"}
{"timestamp":"2026-06-11T11:19:33.514094Z","level":"info","event":"\u001b[36m💾 099_как_читать_брокерский_отчет_от_т_инвестиций.json","logger":"task.stdout"}
{"timestamp":"2026-06-11T11:19:33.514518Z","level":"info","event":"\u001b[32m✅ Статья #99: Как читать брокерский отчет от Т⁠-⁠Инвестиций","logger":"task.stdout"}
{"timestamp":"2026-06-11T11:19:33.514617Z","level":"info","event":"","logger":"task.stdout"}
{"timestamp":"2026-06-11T11:19:33.514698Z","level":"info","event":"\u001b[36m        [Глубина 4/4] https://www.tbank.ru/invest/help/educate/broker-report/about/read-n-get/?card=q9","logger":"task.stdout"}
{"timestamp":"2026-06-11T11:19:34.519622Z","level":"info","event":"\u001b[33m⬇️  https://www.tbank.ru/invest/help/educate/broker-report/about/read-n-get/?card=q9","logger":"task.stdout"}
{"timestamp":"2026-06-11T11:19:35.515529Z","level":"info","event":"\u001b[32m✅ 1140529 байт","logger":"task.stdout"}
{"timestamp":"2026-06-11T11:19:35.643046Z","level":"info","event":"\u001b[32m   398 параграфов, 29061 символов","logger":"task.stdout"}
{"timestamp":"2026-06-11T11:19:35.654573Z","level":"info","event":"\u001b[36m💾 100_как_читать_брокерский_отчет_от_т_инвестиций.json","logger":"task.stdout"}
{"timestamp":"2026-06-11T11:19:35.654882Z","level":"info","event":"\u001b[32m✅ Статья #100: Как читать брокерский отчет от Т⁠-⁠Инвестиций","logger":"task.stdout"}
{"timestamp":"2026-06-11T11:19:35.793317Z","level":"info","event":"","logger":"task.stdout"}
{"timestamp":"2026-06-11T11:19:35.793489Z","level":"info","event":"\u001b[33m💾 Checkpoint: 100 статей (28.8/мин)","logger":"task.stdout"}
{"timestamp":"2026-06-11T11:19:35.793580Z","level":"info","event":"","logger":"task.stdout"}
{"timestamp":"2026-06-11T11:19:35.793671Z","level":"info","event":"","logger":"task.stdout"}
{"timestamp":"2026-06-11T11:19:35.793764Z","level":"info","event":"\u001b[36m        [Глубина 4/4] https://www.tbank.ru/invest/help/educate/broker-report/about/tax-report/?card=q5","logger":"task.stdout"}
{"timestamp":"2026-06-11T11:19:36.796014Z","level":"info","event":"\u001b[33m⬇️  https://www.tbank.ru/invest/help/educate/broker-report/about/tax-report/?card=q5","logger":"task.stdout"}
{"timestamp":"2026-06-11T11:19:37.802641Z","level":"info","event":"\u001b[32m✅ 1023195 байт","logger":"task.stdout"}
{"timestamp":"2026-06-11T11:19:37.983766Z","level":"info","event":"\u001b[32m   333 параграфов, 28163 символов","logger":"task.stdout"}
{"timestamp":"2026-06-11T11:19:37.990063Z","level":"info","event":"\u001b[36m💾 101_как_читать_налоговый_отчет_от_т_инвестиций.json","logger":"task.stdout"}
{"timestamp":"2026-06-11T11:19:37.990404Z","level":"info","event":"\u001b[32m✅ Статья #101: Как читать налоговый отчет от Т⁠-⁠Инвестиций","logger":"task.stdout"}
{"timestamp":"2026-06-11T11:19:37.990993Z","level":"info","event":"","logger":"task.stdout"}
{"timestamp":"2026-06-11T11:19:37.991368Z","level":"info","event":"\u001b[36m      [Глубина 3/4] https://www.tbank.ru/invest/help/brokerage/account/trade-on-bs/get-report/?card=q8","logger":"task.stdout"}
{"timestamp":"2026-06-11T11:19:39.000331Z","level":"info","event":"\u001b[33m⬇️  https://www.tbank.ru/invest/help/brokerage/account/trade-on-bs/get-report/?card=q8","logger":"task.stdout"}
{"timestamp":"2026-06-11T11:19:39.585157Z","level":"info","event":"\u001b[32m✅ 778762 байт","logger":"task.stdout"}
{"timestamp":"2026-06-11T11:19:39.688374Z","level":"info","event":"\u001b[32m   271 параграфов, 17073 символов","logger":"task.stdout"}
{"timestamp":"2026-06-11T11:19:39.698202Z","level":"info","event":"\u001b[36m💾 102_как_получать_отчеты_и_справки.json","logger":"task.stdout"}
{"timestamp":"2026-06-11T11:19:39.699979Z","level":"info","event":"\u001b[32m✅ Статья #102: Как получать отчеты и справки","logger":"task.stdout"}
{"timestamp":"2026-06-11T11:19:39.702514Z","level":"error","event":"\r                                                          \u001b[A","logger":"task.stderr"}
{"timestamp":"2026-06-11T11:19:39.709848Z","level":"error","event":"\rФильтрация ссылок:   0%|          | 0/381 [00:00<?, ?it/s]\u001b[A","logger":"task.stderr"}
{"timestamp":"2026-06-11T11:19:39.710185Z","level":"info","event":"\u001b[32m   Новых ссылок: 1","logger":"task.stdout"}
{"timestamp":"2026-06-11T11:19:39.710400Z","level":"info","event":"","logger":"task.stdout"}
{"timestamp":"2026-06-11T11:19:39.710535Z","level":"info","event":"\u001b[36m        [Глубина 4/4] https://www.tbank.ru/invest/help/brokerage/account/trade-on-bs/get-report/?card=q5","logger":"task.stdout"}
{"timestamp":"2026-06-11T11:19:40.715177Z","level":"info","event":"\u001b[33m⬇️  https://www.tbank.ru/invest/help/brokerage/account/trade-on-bs/get-report/?card=q5","logger":"task.stdout"}
{"timestamp":"2026-06-11T11:19:41.703224Z","level":"info","event":"\u001b[32m✅ 778273 байт","logger":"task.stdout"}
{"timestamp":"2026-06-11T11:19:41.814192Z","level":"info","event":"\u001b[32m   271 параграфов, 17073 символов","logger":"task.stdout"}
{"timestamp":"2026-06-11T11:19:41.821098Z","level":"info","event":"\u001b[36m💾 103_как_получать_отчеты_и_справки.json","logger":"task.stdout"}
{"timestamp":"2026-06-11T11:19:41.824149Z","level":"info","event":"\u001b[32m✅ Статья #103: Как получать отчеты и справки","logger":"task.stdout"}
{"timestamp":"2026-06-11T11:19:41.824751Z","level":"info","event":"","logger":"task.stdout"}
{"timestamp":"2026-06-11T11:19:41.825023Z","level":"info","event":"\u001b[36m    [Глубина 2/4] https://www.tbank.ru/invest/help/educate/how-it-works/what-is-exchange/how-it-works/?card=q1","logger":"task.stdout"}
{"timestamp":"2026-06-11T11:19:42.827982Z","level":"info","event":"\u001b[33m⬇️  https://www.tbank.ru/invest/help/educate/how-it-works/what-is-exchange/how-it-works/?card=q1","logger":"task.stdout"}
{"timestamp":"2026-06-11T11:19:43.978061Z","level":"info","event":"\u001b[32m✅ 800494 байт","logger":"task.stdout"}
{"timestamp":"2026-06-11T11:19:44.057535Z","level":"info","event":"\u001b[32m   272 параграфов, 18868 символов","logger":"task.stdout"}
{"timestamp":"2026-06-11T11:19:44.061044Z","level":"info","event":"\u001b[36m💾 104_как_работает_фондовый_рынок.json","logger":"task.stdout"}
{"timestamp":"2026-06-11T11:19:44.065956Z","level":"info","event":"\u001b[32m✅ Статья #104: Как работает фондовый рынок","logger":"task.stdout"}
{"timestamp":"2026-06-11T11:19:44.066472Z","level":"info","event":"\u001b[32m   Новых ссылок: 4","logger":"task.stdout"}
{"timestamp":"2026-06-11T11:19:44.066566Z","level":"info","event":"","logger":"task.stdout"}
{"timestamp":"2026-06-11T11:19:44.066656Z","level":"info","event":"\u001b[36m      [Глубина 3/4] https://www.tbank.ru/invest/help/educate/how-it-works/what-is-exchange/how-it-works/?card=q3","logger":"task.stdout"}
{"timestamp":"2026-06-11T11:19:44.066812Z","level":"error","event":"\r                                                          \u001b[A","logger":"task.stderr"}
{"timestamp":"2026-06-11T11:19:44.066877Z","level":"error","event":"\rФильтрация ссылок:   0%|          | 0/386 [00:00<?, ?it/s]\u001b[A","logger":"task.stderr"}
{"timestamp":"2026-06-11T11:19:45.071053Z","level":"info","event":"\u001b[33m⬇️  https://www.tbank.ru/invest/help/educate/how-it-works/what-is-exchange/how-it-works/?card=q3","logger":"task.stdout"}
{"timestamp":"2026-06-11T11:19:46.034087Z","level":"info","event":"\u001b[32m✅ 800412 байт","logger":"task.stdout"}
{"timestamp":"2026-06-11T11:19:46.104154Z","level":"info","event":"\u001b[32m   272 параграфов, 18868 символов","logger":"task.stdout"}
{"timestamp":"2026-06-11T11:19:46.107014Z","level":"info","event":"\u001b[36m💾 105_как_работает_фондовый_рынок.json","logger":"task.stdout"}
{"timestamp":"2026-06-11T11:19:46.111970Z","level":"info","event":"\u001b[32m✅ Статья #105: Как работает фондовый рынок","logger":"task.stdout"}
{"timestamp":"2026-06-11T11:19:46.112428Z","level":"info","event":"\u001b[32m   Новых ссылок: 3","logger":"task.stdout"}
{"timestamp":"2026-06-11T11:19:46.112532Z","level":"info","event":"","logger":"task.stdout"}
{"timestamp":"2026-06-11T11:19:46.112605Z","level":"info","event":"\u001b[36m        [Глубина 4/4] https://www.tbank.ru/invest/help/educate/how-it-works/what-is-exchange/how-it-works/?card=q4","logger":"task.stdout"}
{"timestamp":"2026-06-11T11:19:46.112748Z","level":"error","event":"\r                                                          \u001b[A","logger":"task.stderr"}
{"timestamp":"2026-06-11T11:19:46.112807Z","level":"error","event":"\rФильтрация ссылок:   0%|          | 0/386 [00:00<?, ?it/s]\u001b[A","logger":"task.stderr"}
{"timestamp":"2026-06-11T11:19:47.114165Z","level":"info","event":"\u001b[33m⬇️  https://www.tbank.ru/invest/help/educate/how-it-works/what-is-exchange/how-it-works/?card=q4","logger":"task.stdout"}
{"timestamp":"2026-06-11T11:19:47.614946Z","level":"info","event":"\u001b[32m✅ 800665 байт","logger":"task.stdout"}
{"timestamp":"2026-06-11T11:19:47.738242Z","level":"info","event":"\u001b[32m   272 параграфов, 18868 символов","logger":"task.stdout"}
{"timestamp":"2026-06-11T11:19:47.741918Z","level":"info","event":"\u001b[36m💾 106_как_работает_фондовый_рынок.json","logger":"task.stdout"}
{"timestamp":"2026-06-11T11:19:47.743156Z","level":"info","event":"\u001b[32m✅ Статья #106: Как работает фондовый рынок","logger":"task.stdout"}
{"timestamp":"2026-06-11T11:19:47.743411Z","level":"info","event":"","logger":"task.stdout"}
{"timestamp":"2026-06-11T11:19:47.743613Z","level":"info","event":"\u001b[36m        [Глубина 4/4] https://www.tbank.ru/invest/help/educate/how-it-works/what-is-exchange/how-it-works/?card=q2","logger":"task.stdout"}
{"timestamp":"2026-06-11T11:19:48.747418Z","level":"info","event":"\u001b[33m⬇️  https://www.tbank.ru/invest/help/educate/how-it-works/what-is-exchange/how-it-works/?card=q2","logger":"task.stdout"}
{"timestamp":"2026-06-11T11:19:49.726287Z","level":"info","event":"\u001b[32m✅ 800283 байт","logger":"task.stdout"}
{"timestamp":"2026-06-11T11:19:49.855125Z","level":"info","event":"\u001b[32m   272 параграфов, 18868 символов","logger":"task.stdout"}
{"timestamp":"2026-06-11T11:19:49.859702Z","level":"info","event":"\u001b[36m💾 107_как_работает_фондовый_рынок.json","logger":"task.stdout"}
{"timestamp":"2026-06-11T11:19:49.859953Z","level":"info","event":"\u001b[32m✅ Статья #107: Как работает фондовый рынок","logger":"task.stdout"}
{"timestamp":"2026-06-11T11:19:49.860103Z","level":"info","event":"","logger":"task.stdout"}
{"timestamp":"2026-06-11T11:19:49.862108Z","level":"info","event":"\u001b[36m        [Глубина 4/4] https://www.tbank.ru/invest/help/educate/how-it-works/what-is-exchange/trading-modes/?card=q2","logger":"task.stdout"}
{"timestamp":"2026-06-11T11:19:50.868393Z","level":"info","event":"\u001b[33m⬇️  https://www.tbank.ru/invest/help/educate/how-it-works/what-is-exchange/trading-modes/?card=q2","logger":"task.stdout"}
{"timestamp":"2026-06-11T11:19:51.899785Z","level":"info","event":"\u001b[32m✅ 697152 байт","logger":"task.stdout"}
{"timestamp":"2026-06-11T11:19:51.971536Z","level":"info","event":"\u001b[32m   254 параграфов, 14664 символов","logger":"task.stdout"}
{"timestamp":"2026-06-11T11:19:51.977736Z","level":"info","event":"\u001b[36m💾 108_режимы_торгов.json","logger":"task.stdout"}
{"timestamp":"2026-06-11T11:19:51.978312Z","level":"info","event":"\u001b[32m✅ Статья #108: Режимы торгов","logger":"task.stdout"}
{"timestamp":"2026-06-11T11:19:51.978403Z","level":"info","event":"","logger":"task.stdout"}
{"timestamp":"2026-06-11T11:19:51.978490Z","level":"info","event":"\u001b[36m  [Глубина 1/4] https://www.tbank.ru/invest/help/educate/how-it-works/ways-to-invest/","logger":"task.stdout"}
{"timestamp":"2026-06-11T11:19:52.983973Z","level":"info","event":"\u001b[33m⬇️  https://www.tbank.ru/invest/help/educate/how-it-works/ways-to-invest/","logger":"task.stdout"}
{"timestamp":"2026-06-11T11:19:53.746378Z","level":"info","event":"\u001b[32m✅ 634166 байт","logger":"task.stdout"}
{"timestamp":"2026-06-11T11:19:53.826024Z","level":"info","event":"\u001b[32m   276 параграфов, 10671 символов","logger":"task.stdout"}
{"timestamp":"2026-06-11T11:19:53.887700Z","level":"info","event":"\u001b[36m💾 109_во_что_можно_инвестировать.json","logger":"task.stdout"}
{"timestamp":"2026-06-11T11:19:53.888079Z","level":"info","event":"\u001b[32m✅ Статья #109: Во что можно инвестировать","logger":"task.stdout"}
{"timestamp":"2026-06-11T11:19:53.888235Z","level":"info","event":"\u001b[32m   Новых ссылок: 66","logger":"task.stdout"}
{"timestamp":"2026-06-11T11:19:53.888326Z","level":"info","event":"","logger":"task.stdout"}
{"timestamp":"2026-06-11T11:19:53.888445Z","level":"info","event":"\u001b[36m    [Глубина 2/4] https://www.tbank.ru/invest/help/educate/how-it-works/ways-to-invest/bonds/?card=q5","logger":"task.stdout"}
{"timestamp":"2026-06-11T11:19:53.888550Z","level":"error","event":"\r                                                          \u001b[A","logger":"task.stderr"}
{"timestamp":"2026-06-11T11:19:53.888622Z","level":"error","event":"\rФильтрация ссылок:   0%|          | 0/439 [00:00<?, ?it/s]\u001b[A","logger":"task.stderr"}
{"timestamp":"2026-06-11T11:19:54.859945Z","level":"info","event":"\u001b[33m⬇️  https://www.tbank.ru/invest/help/educate/how-it-works/ways-to-invest/bonds/?card=q5","logger":"task.stdout"}
{"timestamp":"2026-06-11T11:19:55.691082Z","level":"info","event":"\u001b[32m✅ 946359 байт","logger":"task.stdout"}
{"timestamp":"2026-06-11T11:19:55.828524Z","level":"info","event":"\u001b[32m   327 параграфов, 28335 символов","logger":"task.stdout"}
{"timestamp":"2026-06-11T11:19:55.836461Z","level":"info","event":"\u001b[36m💾 110_что_такое_облигации.json","logger":"task.stdout"}
{"timestamp":"2026-06-11T11:19:55.837017Z","level":"info","event":"\u001b[32m✅ Статья #110: Что такое облигации","logger":"task.stdout"}
{"timestamp":"2026-06-11T11:19:55.977014Z","level":"info","event":"","logger":"task.stdout"}
{"timestamp":"2026-06-11T11:19:55.982235Z","level":"info","event":"\u001b[33m💾 Checkpoint: 110 статей (28.8/мин)","logger":"task.stdout"}
{"timestamp":"2026-06-11T11:19:55.983062Z","level":"info","event":"","logger":"task.stdout"}
{"timestamp":"2026-06-11T11:19:55.985460Z","level":"error","event":"\r                                                          \u001b[A","logger":"task.stderr"}
{"timestamp":"2026-06-11T11:19:55.989918Z","level":"error","event":"\rФильтрация ссылок:   0%|          | 0/402 [00:00<?, ?it/s]\u001b[A","logger":"task.stderr"}
{"timestamp":"2026-06-11T11:19:55.990127Z","level":"info","event":"\u001b[32m   Новых ссылок: 15","logger":"task.stdout"}
{"timestamp":"2026-06-11T11:19:55.990212Z","level":"info","event":"","logger":"task.stdout"}
{"timestamp":"2026-06-11T11:19:55.990314Z","level":"info","event":"\u001b[36m      [Глубина 3/4] https://www.tbank.ru/invest/help/services/pulse/about/about/","logger":"task.stdout"}
{"timestamp":"2026-06-11T11:19:56.998271Z","level":"info","event":"\u001b[33m⬇️  https://www.tbank.ru/invest/help/services/pulse/about/about/","logger":"task.stdout"}
{"timestamp":"2026-06-11T11:19:57.796206Z","level":"info","event":"\u001b[32m✅ 724025 байт","logger":"task.stdout"}
{"timestamp":"2026-06-11T11:19:57.883997Z","level":"info","event":"\u001b[32m   241 параграфов, 11696 символов","logger":"task.stdout"}
{"timestamp":"2026-06-11T11:19:57.887240Z","level":"info","event":"\u001b[36m💾 111_что_такое_пульс.json","logger":"task.stdout"}
{"timestamp":"2026-06-11T11:19:57.891127Z","level":"info","event":"\u001b[32m✅ Статья #111: Что такое Пульс","logger":"task.stdout"}
{"timestamp":"2026-06-11T11:19:57.891526Z","level":"error","event":"\r                                                          \u001b[A","logger":"task.stderr"}
{"timestamp":"2026-06-11T11:19:57.895937Z","level":"error","event":"\rФильтрация ссылок:   0%|          | 0/377 [00:00<?, ?it/s]\u001b[A","logger":"task.stderr"}
{"timestamp":"2026-06-11T11:19:57.896167Z","level":"info","event":"\u001b[32m   Новых ссылок: 21","logger":"task.stdout"}
{"timestamp":"2026-06-11T11:19:57.896285Z","level":"info","event":"","logger":"task.stdout"}
{"timestamp":"2026-06-11T11:19:57.896372Z","level":"info","event":"\u001b[36m        [Глубина 4/4] https://www.tbank.ru/invest/help/services/pulse/about/verification/","logger":"task.stdout"}
{"timestamp":"2026-06-11T11:19:58.898394Z","level":"info","event":"\u001b[33m⬇️  https://www.tbank.ru/invest/help/services/pulse/about/verification/","logger":"task.stdout"}
{"timestamp":"2026-06-11T11:19:59.803791Z","level":"info","event":"\u001b[32m✅ 708692 байт","logger":"task.stdout"}
{"timestamp":"2026-06-11T11:19:59.900102Z","level":"info","event":"\u001b[32m   245 параграфов, 12942 символов","logger":"task.stdout"}
{"timestamp":"2026-06-11T11:19:59.902495Z","level":"info","event":"\u001b[36m💾 112_как_подтвердить_профиль.json","logger":"task.stdout"}
{"timestamp":"2026-06-11T11:19:59.902666Z","level":"info","event":"\u001b[32m✅ Статья #112: Как подтвердить профиль","logger":"task.stdout"}
{"timestamp":"2026-06-11T11:19:59.902845Z","level":"info","event":"","logger":"task.stdout"}
{"timestamp":"2026-06-11T11:19:59.902937Z","level":"info","event":"\u001b[36m        [Глубина 4/4] https://www.tbank.ru/invest/help/services/pulse/about/broadcast/","logger":"task.stdout"}
{"timestamp":"2026-06-11T11:20:00.903332Z","level":"info","event":"\u001b[33m⬇️  https://www.tbank.ru/invest/help/services/pulse/about/broadcast/","logger":"task.stdout"}
{"timestamp":"2026-06-11T11:20:02.051991Z","level":"info","event":"\u001b[32m✅ 713261 байт","logger":"task.stdout"}
{"timestamp":"2026-06-11T11:20:02.196148Z","level":"info","event":"\u001b[32m   263 параграфов, 13867 символов","logger":"task.stdout"}
{"timestamp":"2026-06-11T11:20:02.205214Z","level":"info","event":"\u001b[36m💾 113_прямые_эфиры_и_записи_эфиров.json","logger":"task.stdout"}
{"timestamp":"2026-06-11T11:20:02.205510Z","level":"info","event":"\u001b[32m✅ Статья #113: Прямые эфиры и записи эфиров","logger":"task.stdout"}
{"timestamp":"2026-06-11T11:20:02.205652Z","level":"info","event":"","logger":"task.stdout"}
{"timestamp":"2026-06-11T11:20:02.207541Z","level":"info","event":"\u001b[36m        [Глубина 4/4] https://www.tbank.ru/invest/help/services/pulse/about/about/?card=contact","logger":"task.stdout"}
{"timestamp":"2026-06-11T11:20:03.208345Z","level":"info","event":"\u001b[33m⬇️  https://www.tbank.ru/invest/help/services/pulse/about/about/?card=contact","logger":"task.stdout"}
{"timestamp":"2026-06-11T11:20:03.981291Z","level":"info","event":"\u001b[32m✅ 724119 байт","logger":"task.stdout"}
{"timestamp":"2026-06-11T11:20:04.094955Z","level":"info","event":"\u001b[32m   241 параграфов, 11696 символов","logger":"task.stdout"}
{"timestamp":"2026-06-11T11:20:04.096606Z","level":"info","event":"\u001b[36m💾 114_что_такое_пульс.json","logger":"task.stdout"}
{"timestamp":"2026-06-11T11:20:04.096693Z","level":"info","event":"\u001b[32m✅ Статья #114: Что такое Пульс","logger":"task.stdout"}
{"timestamp":"2026-06-11T11:20:04.096755Z","level":"info","event":"","logger":"task.stdout"}
{"timestamp":"2026-06-11T11:20:04.096827Z","level":"info","event":"\u001b[36m        [Глубина 4/4] https://www.tbank.ru/invest/help/services/pulse/about/posts/","logger":"task.stdout"}
{"timestamp":"2026-06-11T11:20:05.103088Z","level":"info","event":"\u001b[33m⬇️  https://www.tbank.ru/invest/help/services/pulse/about/posts/","logger":"task.stdout"}
{"timestamp":"2026-06-11T11:20:06.246488Z","level":"info","event":"\u001b[32m✅ 753108 байт","logger":"task.stdout"}
{"timestamp":"2026-06-11T11:20:06.322749Z","level":"info","event":"\u001b[32m   271 параграфов, 15830 символов","logger":"task.stdout"}
{"timestamp":"2026-06-11T11:20:06.335115Z","level":"info","event":"\u001b[36m💾 115_как_подписаться_на_других_пользователей_и_каналы.json","logger":"task.stdout"}
{"timestamp":"2026-06-11T11:20:06.335392Z","level":"info","event":"\u001b[32m✅ Статья #115: Как подписаться на других пользователей и каналы","logger":"task.stdout"}
{"timestamp":"2026-06-11T11:20:06.335634Z","level":"info","event":"","logger":"task.stdout"}
{"timestamp":"2026-06-11T11:20:06.335762Z","level":"info","event":"\u001b[36m        [Глубина 4/4] https://www.tbank.ru/invest/help/services/pulse/about/loyalty/","logger":"task.stdout"}
{"timestamp":"2026-06-11T11:20:07.343725Z","level":"info","event":"\u001b[33m⬇️  https://www.tbank.ru/invest/help/services/pulse/about/loyalty/","logger":"task.stdout"}
{"timestamp":"2026-06-11T11:20:08.336694Z","level":"info","event":"\u001b[32m✅ 710204 байт","logger":"task.stdout"}
{"timestamp":"2026-06-11T11:20:08.491161Z","level":"info","event":"\u001b[32m   259 параграфов, 14664 символов","logger":"task.stdout"}
{"timestamp":"2026-06-11T11:20:08.494031Z","level":"info","event":"\u001b[36m💾 116_как_устроена_программа_привилегий_для_авторов_пульса.json","logger":"task.stdout"}
{"timestamp":"2026-06-11T11:20:08.494176Z","level":"info","event":"\u001b[32m✅ Статья #116: Как устроена Программа привилегий для авторов Пуль","logger":"task.stdout"}
{"timestamp":"2026-06-11T11:20:08.494280Z","level":"info","event":"","logger":"task.stdout"}
{"timestamp":"2026-06-11T11:20:08.494397Z","level":"info","event":"\u001b[36m        [Глубина 4/4] https://www.tbank.ru/invest/help/services/pulse/about/profile/","logger":"task.stdout"}
{"timestamp":"2026-06-11T11:20:09.502413Z","level":"info","event":"\u001b[33m⬇️  https://www.tbank.ru/invest/help/services/pulse/about/profile/","logger":"task.stdout"}
{"timestamp":"2026-06-11T11:20:10.463337Z","level":"info","event":"\u001b[32m✅ 763730 байт","logger":"task.stdout"}
{"timestamp":"2026-06-11T11:20:10.541524Z","level":"info","event":"\u001b[32m   271 параграфов, 15228 символов","logger":"task.stdout"}
{"timestamp":"2026-06-11T11:20:10.544750Z","level":"info","event":"\u001b[36m💾 117_как_создать_профиль.json","logger":"task.stdout"}
{"timestamp":"2026-06-11T11:20:10.544871Z","level":"info","event":"\u001b[32m✅ Статья #117: Как создать профиль","logger":"task.stdout"}
{"timestamp":"2026-06-11T11:20:10.544952Z","level":"info","event":"","logger":"task.stdout"}
{"timestamp":"2026-06-11T11:20:10.545309Z","level":"info","event":"\u001b[36m        [Глубина 4/4] https://www.tbank.ru/invest/help/services/pulse/about/donate/","logger":"task.stdout"}
{"timestamp":"2026-06-11T11:20:11.552764Z","level":"info","event":"\u001b[33m⬇️  https://www.tbank.ru/invest/help/services/pulse/about/donate/","logger":"task.stdout"}
{"timestamp":"2026-06-11T11:20:12.486041Z","level":"info","event":"\u001b[32m✅ 680611 байт","logger":"task.stdout"}
{"timestamp":"2026-06-11T11:20:12.569603Z","level":"info","event":"\u001b[32m   242 параграфов, 11640 символов","logger":"task.stdout"}
{"timestamp":"2026-06-11T11:20:12.572632Z","level":"info","event":"\u001b[36m💾 118_как_заработать_на_публикациях.json","logger":"task.stdout"}
{"timestamp":"2026-06-11T11:20:12.572805Z","level":"info","event":"\u001b[32m✅ Статья #118: Как заработать на публикациях","logger":"task.stdout"}
{"timestamp":"2026-06-11T11:20:12.573013Z","level":"info","event":"","logger":"task.stdout"}
{"timestamp":"2026-06-11T11:20:12.573122Z","level":"info","event":"\u001b[36m        [Глубина 4/4] https://www.tbank.ru/invest/help/services/pulse/","logger":"task.stdout"}
{"timestamp":"2026-06-11T11:20:13.579056Z","level":"info","event":"\u001b[33m⬇️  https://www.tbank.ru/invest/help/services/pulse/","logger":"task.stdout"}
{"timestamp":"2026-06-11T11:20:14.000847Z","level":"info","event":"\u001b[32m✅ 635644 байт","logger":"task.stdout"}
{"timestamp":"2026-06-11T11:20:14.131327Z","level":"info","event":"\u001b[32m   263 параграфов, 10451 символов","logger":"task.stdout"}
{"timestamp":"2026-06-11T11:20:14.140934Z","level":"info","event":"\u001b[36m💾 119_пульс.json","logger":"task.stdout"}
{"timestamp":"2026-06-11T11:20:14.141421Z","level":"info","event":"\u001b[32m✅ Статья #119: Пульс","logger":"task.stdout"}
{"timestamp":"2026-06-11T11:20:14.142598Z","level":"info","event":"","logger":"task.stdout"}
{"timestamp":"2026-06-11T11:20:14.142895Z","level":"info","event":"\u001b[36m        [Глубина 4/4] https://www.tbank.ru/invest/help/services/","logger":"task.stdout"}
{"timestamp":"2026-06-11T11:20:15.145593Z","level":"info","event":"\u001b[33m⬇️  https://www.tbank.ru/invest/help/services/","logger":"task.stdout"}
{"timestamp":"2026-06-11T11:20:16.132139Z","level":"info","event":"\u001b[32m✅ 538595 байт","logger":"task.stdout"}
{"timestamp":"2026-06-11T11:20:16.196247Z","level":"info","event":"\u001b[32m   237 параграфов, 9106 символов","logger":"task.stdout"}
{"timestamp":"2026-06-11T11:20:16.199622Z","level":"info","event":"\u001b[36m💾 120_сервисы_т_инвестиций.json","logger":"task.stdout"}
{"timestamp":"2026-06-11T11:20:16.199915Z","level":"info","event":"\u001b[32m✅ Статья #120: Сервисы Т⁠-⁠Инвестиций","logger":"task.stdout"}
{"timestamp":"2026-06-11T11:20:16.360330Z","level":"info","event":"","logger":"task.stdout"}
{"timestamp":"2026-06-11T11:20:16.362037Z","level":"info","event":"\u001b[33m💾 Checkpoint: 120 статей (28.9/мин)","logger":"task.stdout"}
{"timestamp":"2026-06-11T11:20:16.363005Z","level":"info","event":"","logger":"task.stdout"}
{"timestamp":"2026-06-11T11:20:16.363310Z","level":"info","event":"","logger":"task.stdout"}
{"timestamp":"2026-06-11T11:20:16.363928Z","level":"info","event":"\u001b[36m        [Глубина 4/4] https://www.tbank.ru/invest/help/services/pulse/about/profile/?card=how-create-and-edit","logger":"task.stdout"}
{"timestamp":"2026-06-11T11:20:17.366200Z","level":"info","event":"\u001b[33m⬇️  https://www.tbank.ru/invest/help/services/pulse/about/profile/?card=how-create-and-edit","logger":"task.stdout"}
{"timestamp":"2026-06-11T11:20:18.261983Z","level":"info","event":"\u001b[32m✅ 763755 байт","logger":"task.stdout"}
{"timestamp":"2026-06-11T11:20:18.703992Z","level":"info","event":"\u001b[32m   271 параграфов, 15228 символов","logger":"task.stdout"}
{"timestamp":"2026-06-11T11:20:18.706640Z","level":"info","event":"\u001b[36m💾 121_как_создать_профиль.json","logger":"task.stdout"}
{"timestamp":"2026-06-11T11:20:18.706782Z","level":"info","event":"\u001b[32m✅ Статья #121: Как создать профиль","logger":"task.stdout"}
{"timestamp":"2026-06-11T11:20:18.706945Z","level":"info","event":"","logger":"task.stdout"}
{"timestamp":"2026-06-11T11:20:18.707050Z","level":"info","event":"\u001b[36m        [Глубина 4/4] https://www.tbank.ru/invest/help/services/pulse/about/content/","logger":"task.stdout"}
{"timestamp":"2026-06-11T11:20:19.712672Z","level":"info","event":"\u001b[33m⬇️  https://www.tbank.ru/invest/help/services/pulse/about/content/","logger":"task.stdout"}
{"timestamp":"2026-06-11T11:20:20.776619Z","level":"info","event":"\u001b[32m✅ 724392 байт","logger":"task.stdout"}
{"timestamp":"2026-06-11T11:20:20.883043Z","level":"info","event":"\u001b[32m   255 параграфов, 14948 символов","logger":"task.stdout"}
{"timestamp":"2026-06-11T11:20:20.885991Z","level":"info","event":"\u001b[36m💾 122_первая_публикация.json","logger":"task.stdout"}
{"timestamp":"2026-06-11T11:20:20.886199Z","level":"info","event":"\u001b[32m✅ Статья #122: Первая публикация","logger":"task.stdout"}
{"timestamp":"2026-06-11T11:20:20.886337Z","level":"info","event":"","logger":"task.stdout"}
{"timestamp":"2026-06-11T11:20:20.886432Z","level":"info","event":"\u001b[36m        [Глубина 4/4] https://www.tbank.ru/invest/help/services/pulse/about/for-companies/","logger":"task.stdout"}
{"timestamp":"2026-06-11T11:20:21.888626Z","level":"info","event":"\u001b[33m⬇️  https://www.tbank.ru/invest/help/services/pulse/about/for-companies/","logger":"task.stdout"}
{"timestamp":"2026-06-11T11:20:22.733294Z","level":"info","event":"\u001b[32m✅ 632111 байт","logger":"task.stdout"}
{"timestamp":"2026-06-11T11:20:22.814684Z","level":"info","event":"\u001b[32m   229 параграфов, 9815 символов","logger":"task.stdout"}
{"timestamp":"2026-06-11T11:20:22.817092Z","level":"info","event":"\u001b[36m💾 123_эмитенты_в_пульсе.json","logger":"task.stdout"}
{"timestamp":"2026-06-11T11:20:22.817185Z","level":"info","event":"\u001b[32m✅ Статья #123: Эмитенты в Пульсе","logger":"task.stdout"}
{"timestamp":"2026-06-11T11:20:22.817275Z","level":"info","event":"","logger":"task.stdout"}
{"timestamp":"2026-06-11T11:20:22.817345Z","level":"info","event":"\u001b[36m        [Глубина 4/4] https://www.tbank.ru/invest/help/services/pulse/about/about/?card=what-for","logger":"task.stdout"}
{"timestamp":"2026-06-11T11:20:23.818792Z","level":"info","event":"\u001b[33m⬇️  https://www.tbank.ru/invest/help/services/pulse/about/about/?card=what-for","logger":"task.stdout"}
{"timestamp":"2026-06-11T11:20:24.761735Z","level":"info","event":"\u001b[32m✅ 724290 байт","logger":"task.stdout"}
{"timestamp":"2026-06-11T11:20:24.858531Z","level":"info","event":"\u001b[32m   241 параграфов, 11696 символов","logger":"task.stdout"}
{"timestamp":"2026-06-11T11:20:24.860550Z","level":"info","event":"\u001b[36m💾 124_что_такое_пульс.json","logger":"task.stdout"}
{"timestamp":"2026-06-11T11:20:24.860645Z","level":"info","event":"\u001b[32m✅ Статья #124: Что такое Пульс","logger":"task.stdout"}
{"timestamp":"2026-06-11T11:20:24.860724Z","level":"info","event":"","logger":"task.stdout"}
{"timestamp":"2026-06-11T11:20:24.860779Z","level":"info","event":"\u001b[36m        [Глубина 4/4] https://www.tbank.ru/invest/help/services/pulse/about/blacklists/","logger":"task.stdout"}
{"timestamp":"2026-06-11T11:20:25.865820Z","level":"info","event":"\u001b[33m⬇️  https://www.tbank.ru/invest/help/services/pulse/about/blacklists/","logger":"task.stdout"}
{"timestamp":"2026-06-11T11:20:26.813619Z","level":"info","event":"\u001b[32m✅ 684139 байт","logger":"task.stdout"}
{"timestamp":"2026-06-11T11:20:26.896547Z","level":"info","event":"\u001b[32m   243 параграфов, 11100 символов","logger":"task.stdout"}
{"timestamp":"2026-06-11T11:20:26.898470Z","level":"info","event":"\u001b[36m💾 125_жалобы_и_черные_списки.json","logger":"task.stdout"}
{"timestamp":"2026-06-11T11:20:26.898544Z","level":"info","event":"\u001b[32m✅ Статья #125: Жалобы и черные списки","logger":"task.stdout"}
{"timestamp":"2026-06-11T11:20:26.898609Z","level":"info","event":"","logger":"task.stdout"}
{"timestamp":"2026-06-11T11:20:26.898677Z","level":"info","event":"\u001b[36m        [Глубина 4/4] https://www.tbank.ru/invest/help/services/pulse/about/about/?card=profile-types","logger":"task.stdout"}
{"timestamp":"2026-06-11T11:20:27.902822Z","level":"info","event":"\u001b[33m⬇️  https://www.tbank.ru/invest/help/services/pulse/about/about/?card=profile-types","logger":"task.stdout"}
{"timestamp":"2026-06-11T11:20:28.815758Z","level":"info","event":"\u001b[32m✅ 724065 байт","logger":"task.stdout"}
{"timestamp":"2026-06-11T11:20:28.930248Z","level":"info","event":"\u001b[32m   241 параграфов, 11696 символов","logger":"task.stdout"}
{"timestamp":"2026-06-11T11:20:28.935315Z","level":"info","event":"\u001b[36m💾 126_что_такое_пульс.json","logger":"task.stdout"}
{"timestamp":"2026-06-11T11:20:28.935631Z","level":"info","event":"\u001b[32m✅ Статья #126: Что такое Пульс","logger":"task.stdout"}
{"timestamp":"2026-06-11T11:20:28.935880Z","level":"info","event":"","logger":"task.stdout"}
{"timestamp":"2026-06-11T11:20:28.936082Z","level":"info","event":"\u001b[36m        [Глубина 4/4] https://www.tbank.ru/invest/help/services/pulse/about/about/?card=profile","logger":"task.stdout"}
{"timestamp":"2026-06-11T11:20:29.939399Z","level":"info","event":"\u001b[33m⬇️  https://www.tbank.ru/invest/help/services/pulse/about/about/?card=profile","logger":"task.stdout"}
{"timestamp":"2026-06-11T11:20:30.687073Z","level":"info","event":"\u001b[32m✅ 724545 байт","logger":"task.stdout"}
{"timestamp":"2026-06-11T11:20:30.752345Z","level":"info","event":"\u001b[32m   241 параграфов, 11696 символов","logger":"task.stdout"}
{"timestamp":"2026-06-11T11:20:30.754052Z","level":"info","event":"\u001b[36m💾 127_что_такое_пульс.json","logger":"task.stdout"}
{"timestamp":"2026-06-11T11:20:30.754152Z","level":"info","event":"\u001b[32m✅ Статья #127: Что такое Пульс","logger":"task.stdout"}
{"timestamp":"2026-06-11T11:20:30.754267Z","level":"info","event":"","logger":"task.stdout"}
{"timestamp":"2026-06-11T11:20:30.754357Z","level":"info","event":"\u001b[36m        [Глубина 4/4] https://www.tbank.ru/invest/help/services/pulse/about/posts/?card=how-to-find-users","logger":"task.stdout"}
{"timestamp":"2026-06-11T11:20:31.765744Z","level":"info","event":"\u001b[33m⬇️  https://www.tbank.ru/invest/help/services/pulse/about/posts/?card=how-to-find-users","logger":"task.stdout"}
{"timestamp":"2026-06-11T11:20:32.744264Z","level":"info","event":"\u001b[32m✅ 753005 байт","logger":"task.stdout"}
{"timestamp":"2026-06-11T11:20:32.887465Z","level":"info","event":"\u001b[32m   271 параграфов, 15830 символов","logger":"task.stdout"}
{"timestamp":"2026-06-11T11:20:32.892660Z","level":"info","event":"\u001b[36m💾 128_как_подписаться_на_других_пользователей_и_каналы.json","logger":"task.stdout"}
{"timestamp":"2026-06-11T11:20:32.892928Z","level":"info","event":"\u001b[32m✅ Статья #128: Как подписаться на других пользователей и каналы","logger":"task.stdout"}
{"timestamp":"2026-06-11T11:20:32.893084Z","level":"info","event":"","logger":"task.stdout"}
{"timestamp":"2026-06-11T11:20:32.893240Z","level":"info","event":"\u001b[36m        [Глубина 4/4] https://www.tbank.ru/invest/help/services/pulse/about/about/?card=profile-settings","logger":"task.stdout"}
{"timestamp":"2026-06-11T11:20:33.902470Z","level":"info","event":"\u001b[33m⬇️  https://www.tbank.ru/invest/help/services/pulse/about/about/?card=profile-settings","logger":"task.stdout"}
{"timestamp":"2026-06-11T11:20:34.688818Z","level":"info","event":"\u001b[32m✅ 724373 байт","logger":"task.stdout"}
{"timestamp":"2026-06-11T11:20:34.751045Z","level":"info","event":"\u001b[32m   241 параграфов, 11696 символов","logger":"task.stdout"}
{"timestamp":"2026-06-11T11:20:34.752951Z","level":"info","event":"\u001b[36m💾 129_что_такое_пульс.json","logger":"task.stdout"}
{"timestamp":"2026-06-11T11:20:34.753100Z","level":"info","event":"\u001b[32m✅ Статья #129: Что такое Пульс","logger":"task.stdout"}
{"timestamp":"2026-06-11T11:20:34.753169Z","level":"info","event":"","logger":"task.stdout"}
{"timestamp":"2026-06-11T11:20:34.753240Z","level":"info","event":"\u001b[36m        [Глубина 4/4] https://www.tbank.ru/invest/help/services/pulse/about/about/?card=not-published","logger":"task.stdout"}
{"timestamp":"2026-06-11T11:20:35.756281Z","level":"info","event":"\u001b[33m⬇️  https://www.tbank.ru/invest/help/services/pulse/about/about/?card=not-published","logger":"task.stdout"}
{"timestamp":"2026-06-11T11:20:36.649467Z","level":"info","event":"\u001b[32m✅ 724362 байт","logger":"task.stdout"}
{"timestamp":"2026-06-11T11:20:36.750045Z","level":"info","event":"\u001b[32m   241 параграфов, 11696 символов","logger":"task.stdout"}
{"timestamp":"2026-06-11T11:20:36.752797Z","level":"info","event":"\u001b[36m💾 130_что_такое_пульс.json","logger":"task.stdout"}
{"timestamp":"2026-06-11T11:20:36.753172Z","level":"info","event":"\u001b[32m✅ Статья #130: Что такое Пульс","logger":"task.stdout"}
{"timestamp":"2026-06-11T11:20:36.884592Z","level":"info","event":"","logger":"task.stdout"}
{"timestamp":"2026-06-11T11:20:36.885403Z","level":"info","event":"\u001b[33m💾 Checkpoint: 130 статей (28.9/мин)","logger":"task.stdout"}
{"timestamp":"2026-06-11T11:20:36.885525Z","level":"info","event":"","logger":"task.stdout"}
{"timestamp":"2026-06-11T11:20:36.885639Z","level":"info","event":"","logger":"task.stdout"}
{"timestamp":"2026-06-11T11:20:36.886605Z","level":"info","event":"\u001b[36m        [Глубина 4/4] https://www.tbank.ru/invest/help/services/pulse/about/rules/","logger":"task.stdout"}
{"timestamp":"2026-06-11T11:20:37.890529Z","level":"info","event":"\u001b[33m⬇️  https://www.tbank.ru/invest/help/services/pulse/about/rules/","logger":"task.stdout"}
{"timestamp":"2026-06-11T11:20:38.569734Z","level":"info","event":"\u001b[32m✅ 696113 байт","logger":"task.stdout"}
{"timestamp":"2026-06-11T11:20:38.646817Z","level":"info","event":"\u001b[32m   246 параграфов, 13381 символов","logger":"task.stdout"}
{"timestamp":"2026-06-11T11:20:38.651009Z","level":"info","event":"\u001b[36m💾 131_правила_модерации.json","logger":"task.stdout"}
{"timestamp":"2026-06-11T11:20:38.651458Z","level":"info","event":"\u001b[32m✅ Статья #131: Правила модерации","logger":"task.stdout"}
{"timestamp":"2026-06-11T11:20:38.651665Z","level":"info","event":"","logger":"task.stdout"}
{"timestamp":"2026-06-11T11:20:38.651764Z","level":"info","event":"\u001b[36m        [Глубина 4/4] https://www.tbank.ru/invest/help/services/pulse/about/about/?card=what-is","logger":"task.stdout"}
{"timestamp":"2026-06-11T11:20:39.656062Z","level":"info","event":"\u001b[33m⬇️  https://www.tbank.ru/invest/help/services/pulse/about/about/?card=what-is","logger":"task.stdout"}
{"timestamp":"2026-06-11T11:20:40.435115Z","level":"info","event":"\u001b[32m✅ 724695 байт","logger":"task.stdout"}
{"timestamp":"2026-06-11T11:20:40.528753Z","level":"info","event":"\u001b[32m   241 параграфов, 11696 символов","logger":"task.stdout"}
{"timestamp":"2026-06-11T11:20:40.532420Z","level":"info","event":"\u001b[36m💾 132_что_такое_пульс.json","logger":"task.stdout"}
{"timestamp":"2026-06-11T11:20:40.532692Z","level":"info","event":"\u001b[32m✅ Статья #132: Что такое Пульс","logger":"task.stdout"}
{"timestamp":"2026-06-11T11:20:40.532882Z","level":"info","event":"","logger":"task.stdout"}
{"timestamp":"2026-06-11T11:20:40.533234Z","level":"info","event":"\u001b[36m      [Глубина 3/4] https://www.tbank.ru/invest/help/educate/how-it-works/rookie-advice/liquidity/?card=q4","logger":"task.stdout"}
{"timestamp":"2026-06-11T11:20:41.544825Z","level":"info","event":"\u001b[33m⬇️  https://www.tbank.ru/invest/help/educate/how-it-works/rookie-advice/liquidity/?card=q4","logger":"task.stdout"}
{"timestamp":"2026-06-11T11:20:42.717242Z","level":"info","event":"\u001b[32m✅ 1065178 байт","logger":"task.stdout"}
{"timestamp":"2026-06-11T11:20:42.813596Z","level":"info","event":"\u001b[32m   353 параграфов, 33922 символов","logger":"task.stdout"}
{"timestamp":"2026-06-11T11:20:42.818049Z","level":"info","event":"\u001b[36m💾 133_что_такое_ликвидность.json","logger":"task.stdout"}
{"timestamp":"2026-06-11T11:20:42.822152Z","level":"info","event":"\u001b[32m✅ Статья #133: Что такое ликвидность","logger":"task.stdout"}
{"timestamp":"2026-06-11T11:20:42.823406Z","level":"error","event":"\r                                                          \u001b[A","logger":"task.stderr"}
{"timestamp":"2026-06-11T11:20:42.831495Z","level":"error","event":"\rФильтрация ссылок:   0%|          | 0/393 [00:00<?, ?it/s]\u001b[A","logger":"task.stderr"}
{"timestamp":"2026-06-11T11:20:42.831805Z","level":"info","event":"\u001b[32m   Новых ссылок: 11","logger":"task.stdout"}
{"timestamp":"2026-06-11T11:20:42.831886Z","level":"info","event":"","logger":"task.stdout"}
{"timestamp":"2026-06-11T11:20:42.831967Z","level":"info","event":"\u001b[36m        [Глубина 4/4] https://www.tbank.ru/invest/help/educate/how-it-works/rookie-advice/liquidity/?card=q7","logger":"task.stdout"}
{"timestamp":"2026-06-11T11:20:43.836488Z","level":"info","event":"\u001b[33m⬇️  https://www.tbank.ru/invest/help/educate/how-it-works/rookie-advice/liquidity/?card=q7","logger":"task.stdout"}
{"timestamp":"2026-06-11T11:20:44.858803Z","level":"info","event":"\u001b[32m✅ 1064891 байт","logger":"task.stdout"}
{"timestamp":"2026-06-11T11:20:44.967689Z","level":"info","event":"\u001b[32m   353 параграфов, 33922 символов","logger":"task.stdout"}
{"timestamp":"2026-06-11T11:20:44.972754Z","level":"info","event":"\u001b[36m💾 134_что_такое_ликвидность.json","logger":"task.stdout"}
{"timestamp":"2026-06-11T11:20:44.972905Z","level":"info","event":"\u001b[32m✅ Статья #134: Что такое ликвидность","logger":"task.stdout"}
{"timestamp":"2026-06-11T11:20:44.973088Z","level":"info","event":"","logger":"task.stdout"}
{"timestamp":"2026-06-11T11:20:44.973162Z","level":"info","event":"\u001b[36m        [Глубина 4/4] https://www.tbank.ru/invest/help/educate/how-it-works/rookie-advice/liquidity/?card=q6","logger":"task.stdout"}
{"timestamp":"2026-06-11T11:20:45.981157Z","level":"info","event":"\u001b[33m⬇️  https://www.tbank.ru/invest/help/educate/how-it-works/rookie-advice/liquidity/?card=q6","logger":"task.stdout"}
{"timestamp":"2026-06-11T11:20:46.826244Z","level":"info","event":"\u001b[32m✅ 1065238 байт","logger":"task.stdout"}
{"timestamp":"2026-06-11T11:20:47.074945Z","level":"info","event":"\u001b[32m   353 параграфов, 33922 символов","logger":"task.stdout"}
{"timestamp":"2026-06-11T11:20:47.081720Z","level":"info","event":"\u001b[36m💾 135_что_такое_ликвидность.json","logger":"task.stdout"}
{"timestamp":"2026-06-11T11:20:47.081969Z","level":"info","event":"\u001b[32m✅ Статья #135: Что такое ликвидность","logger":"task.stdout"}
{"timestamp":"2026-06-11T11:20:47.082187Z","level":"info","event":"","logger":"task.stdout"}
{"timestamp":"2026-06-11T11:20:47.082754Z","level":"info","event":"\u001b[36m        [Глубина 4/4] https://www.tbank.ru/invest/help/services/terminal/about/chart/?card=q5","logger":"task.stdout"}
{"timestamp":"2026-06-11T11:20:48.083853Z","level":"info","event":"\u001b[33m⬇️  https://www.tbank.ru/invest/help/services/terminal/about/chart/?card=q5","logger":"task.stdout"}
{"timestamp":"2026-06-11T11:20:49.123905Z","level":"info","event":"\u001b[32m✅ 596135 байт","logger":"task.stdout"}
{"timestamp":"2026-06-11T11:20:49.205834Z","level":"info","event":"\u001b[32m   214 параграфов, 8776 символов","logger":"task.stdout"}
{"timestamp":"2026-06-11T11:20:49.208741Z","level":"info","event":"\u001b[36m💾 136_терминал_т_инвестиций.json","logger":"task.stdout"}
{"timestamp":"2026-06-11T11:20:49.208878Z","level":"info","event":"\u001b[32m✅ Статья #136: Терминал Т⁠-⁠Инвестиций","logger":"task.stdout"}
{"timestamp":"2026-06-11T11:20:49.208950Z","level":"info","event":"","logger":"task.stdout"}
{"timestamp":"2026-06-11T11:20:49.209046Z","level":"info","event":"\u001b[36m        [Глубина 4/4] https://www.tbank.ru/invest/help/educate/how-it-works/rookie-advice/liquidity/?card=q1","logger":"task.stdout"}
{"timestamp":"2026-06-11T11:20:50.215522Z","level":"info","event":"\u001b[33m⬇️  https://www.tbank.ru/invest/help/educate/how-it-works/rookie-advice/liquidity/?card=q1","logger":"task.stdout"}
{"timestamp":"2026-06-11T11:20:51.017781Z","level":"info","event":"\u001b[32m✅ 1064785 байт","logger":"task.stdout"}
{"timestamp":"2026-06-11T11:20:51.180671Z","level":"info","event":"\u001b[32m   353 параграфов, 33922 символов","logger":"task.stdout"}
{"timestamp":"2026-06-11T11:20:51.185690Z","level":"info","event":"\u001b[36m💾 137_что_такое_ликвидность.json","logger":"task.stdout"}
{"timestamp":"2026-06-11T11:20:51.185890Z","level":"info","event":"\u001b[32m✅ Статья #137: Что такое ликвидность","logger":"task.stdout"}
{"timestamp":"2026-06-11T11:20:51.186246Z","level":"info","event":"","logger":"task.stdout"}
{"timestamp":"2026-06-11T11:20:51.186374Z","level":"info","event":"\u001b[36m        [Глубина 4/4] https://www.tbank.ru/invest/help/educate/how-it-works/rookie-advice/","logger":"task.stdout"}
{"timestamp":"2026-06-11T11:20:52.194222Z","level":"info","event":"\u001b[33m⬇️  https://www.tbank.ru/invest/help/educate/how-it-works/rookie-advice/","logger":"task.stdout"}
{"timestamp":"2026-06-11T11:20:52.464701Z","level":"info","event":"\u001b[32m✅ 614214 байт","logger":"task.stdout"}
{"timestamp":"2026-06-11T11:20:52.534310Z","level":"info","event":"\u001b[32m   240 параграфов, 9930 символов","logger":"task.stdout"}
{"timestamp":"2026-06-11T11:20:52.536061Z","level":"info","event":"\u001b[36m💾 138_советы_начинающим_инвесторам.json","logger":"task.stdout"}
{"timestamp":"2026-06-11T11:20:52.536209Z","level":"info","event":"\u001b[32m✅ Статья #138: Советы начинающим инвесторам","logger":"task.stdout"}
{"timestamp":"2026-06-11T11:20:52.536321Z","level":"info","event":"","logger":"task.stdout"}
{"timestamp":"2026-06-11T11:20:52.536433Z","level":"info","event":"\u001b[36m        [Глубина 4/4] https://www.tbank.ru/invest/help/educate/how-it-works/rookie-advice/liquidity/?card=q5","logger":"task.stdout"}
{"timestamp":"2026-06-11T11:20:53.543698Z","level":"info","event":"\u001b[33m⬇️  https://www.tbank.ru/invest/help/educate/how-it-works/rookie-advice/liquidity/?card=q5","logger":"task.stdout"}
{"timestamp":"2026-06-11T11:20:54.440341Z","level":"info","event":"\u001b[32m✅ 1065030 байт","logger":"task.stdout"}
{"timestamp":"2026-06-11T11:20:54.528798Z","level":"info","event":"\u001b[32m   353 параграфов, 33922 символов","logger":"task.stdout"}
{"timestamp":"2026-06-11T11:20:54.538397Z","level":"info","event":"\u001b[36m💾 139_что_такое_ликвидность.json","logger":"task.stdout"}
{"timestamp":"2026-06-11T11:20:54.538565Z","level":"info","event":"\u001b[32m✅ Статья #139: Что такое ликвидность","logger":"task.stdout"}
{"timestamp":"2026-06-11T11:20:54.538690Z","level":"info","event":"","logger":"task.stdout"}
{"timestamp":"2026-06-11T11:20:54.538769Z","level":"info","event":"\u001b[36m        [Глубина 4/4] https://www.tbank.ru/invest/help/services/terminal/about/analysis/?card=q1","logger":"task.stdout"}
{"timestamp":"2026-06-11T11:20:55.541084Z","level":"info","event":"\u001b[33m⬇️  https://www.tbank.ru/invest/help/services/terminal/about/analysis/?card=q1","logger":"task.stdout"}
{"timestamp":"2026-06-11T11:20:56.923061Z","level":"info","event":"\u001b[32m✅ 729097 байт","logger":"task.stdout"}
{"timestamp":"2026-06-11T11:20:56.990188Z","level":"info","event":"\u001b[32m   238 параграфов, 14428 символов","logger":"task.stdout"}
{"timestamp":"2026-06-11T11:20:56.996090Z","level":"info","event":"\u001b[36m💾 140_как_в_терминале_выбрать_активы_для_биржевой_торговли.json","logger":"task.stdout"}
{"timestamp":"2026-06-11T11:20:56.996510Z","level":"info","event":"\u001b[32m✅ Статья #140: Как в терминале выбрать активы для биржевой торгов","logger":"task.stdout"}
{"timestamp":"2026-06-11T11:20:57.093553Z","level":"info","event":"","logger":"task.stdout"}
{"timestamp":"2026-06-11T11:20:57.093764Z","level":"info","event":"\u001b[33m💾 Checkpoint: 140 статей (29.0/мин)","logger":"task.stdout"}
{"timestamp":"2026-06-11T11:20:57.093871Z","level":"info","event":"","logger":"task.stdout"}
{"timestamp":"2026-06-11T11:20:57.093957Z","level":"info","event":"","logger":"task.stdout"}
{"timestamp":"2026-06-11T11:20:57.094037Z","level":"info","event":"\u001b[36m        [Глубина 4/4] https://www.tbank.ru/invest/help/educate/how-it-works/rookie-advice/liquidity/?card=q2","logger":"task.stdout"}
{"timestamp":"2026-06-11T11:20:58.095068Z","level":"info","event":"\u001b[33m⬇️  https://www.tbank.ru/invest/help/educate/how-it-works/rookie-advice/liquidity/?card=q2","logger":"task.stdout"}
{"timestamp":"2026-06-11T11:20:59.158002Z","level":"info","event":"\u001b[32m✅ 1064986 байт","logger":"task.stdout"}
{"timestamp":"2026-06-11T11:20:59.315730Z","level":"info","event":"\u001b[32m   353 параграфов, 33922 символов","logger":"task.stdout"}
{"timestamp":"2026-06-11T11:20:59.324691Z","level":"info","event":"\u001b[36m💾 141_что_такое_ликвидность.json","logger":"task.stdout"}
{"timestamp":"2026-06-11T11:20:59.324895Z","level":"info","event":"\u001b[32m✅ Статья #141: Что такое ликвидность","logger":"task.stdout"}
{"timestamp":"2026-06-11T11:20:59.325869Z","level":"info","event":"","logger":"task.stdout"}
{"timestamp":"2026-06-11T11:20:59.326023Z","level":"info","event":"\u001b[36m        [Глубина 4/4] https://www.tbank.ru/invest/help/educate/how-it-works/rookie-advice/fundamental/?card=q6","logger":"task.stdout"}
{"timestamp":"2026-06-11T11:21:00.361009Z","level":"info","event":"\u001b[33m⬇️  https://www.tbank.ru/invest/help/educate/how-it-works/rookie-advice/fundamental/?card=q6","logger":"task.stdout"}
{"timestamp":"2026-06-11T11:21:01.676809Z","level":"info","event":"\u001b[32m✅ 1266110 байт","logger":"task.stdout"}
{"timestamp":"2026-06-11T11:21:01.780605Z","level":"info","event":"\u001b[32m   424 параграфов, 41934 символов","logger":"task.stdout"}
{"timestamp":"2026-06-11T11:21:01.785753Z","level":"info","event":"\u001b[36m💾 142_фундаментальный_анализ_ценных_бумаг.json","logger":"task.stdout"}
{"timestamp":"2026-06-11T11:21:01.882913Z","level":"info","event":"\u001b[32m✅ Статья #142: Фундаментальный анализ ценных бумаг","logger":"task.stdout"}
{"timestamp":"2026-06-11T11:21:01.883210Z","level":"info","event":"","logger":"task.stdout"}
{"timestamp":"2026-06-11T11:21:01.883328Z","level":"info","event":"\u001b[36m        [Глубина 4/4] https://www.tbank.ru/invest/help/educate/how-it-works/rookie-advice/liquidity/?card=q3","logger":"task.stdout"}
{"timestamp":"2026-06-11T11:21:02.795882Z","level":"info","event":"\u001b[33m⬇️  https://www.tbank.ru/invest/help/educate/how-it-works/rookie-advice/liquidity/?card=q3","logger":"task.stdout"}
{"timestamp":"2026-06-11T11:21:03.676998Z","level":"info","event":"\u001b[32m✅ 1064835 байт","logger":"task.stdout"}
{"timestamp":"2026-06-11T11:21:03.938314Z","level":"info","event":"\u001b[32m   353 параграфов, 33922 символов","logger":"task.stdout"}
{"timestamp":"2026-06-11T11:21:03.947091Z","level":"info","event":"\u001b[36m💾 143_что_такое_ликвидность.json","logger":"task.stdout"}
{"timestamp":"2026-06-11T11:21:03.947337Z","level":"info","event":"\u001b[32m✅ Статья #143: Что такое ликвидность","logger":"task.stdout"}
{"timestamp":"2026-06-11T11:21:03.947595Z","level":"info","event":"","logger":"task.stdout"}
{"timestamp":"2026-06-11T11:21:03.947864Z","level":"info","event":"\u001b[36m        [Глубина 4/4] https://www.tbank.ru/invest/help/services/terminal/about/use/?card=q2","logger":"task.stdout"}
{"timestamp":"2026-06-11T11:21:04.962398Z","level":"info","event":"\u001b[33m⬇️  https://www.tbank.ru/invest/help/services/terminal/about/use/?card=q2","logger":"task.stdout"}
{"timestamp":"2026-06-11T11:21:06.907874Z","level":"info","event":"\u001b[32m✅ 890366 байт","logger":"task.stdout"}
{"timestamp":"2026-06-11T11:21:07.144935Z","level":"info","event":"\u001b[32m   285 параграфов, 22452 символов","logger":"task.stdout"}
{"timestamp":"2026-06-11T11:21:07.152909Z","level":"info","event":"\u001b[36m💾 144_как_пользоваться_терминалом.json","logger":"task.stdout"}
{"timestamp":"2026-06-11T11:21:07.153511Z","level":"info","event":"\u001b[32m✅ Статья #144: Как пользоваться терминалом","logger":"task.stdout"}
{"timestamp":"2026-06-11T11:21:07.153796Z","level":"info","event":"","logger":"task.stdout"}
{"timestamp":"2026-06-11T11:21:07.154101Z","level":"info","event":"\u001b[36m      [Глубина 3/4] https://www.tbank.ru/invest/help/educate/how-it-works/what-is-exchange/exchange-members/?card=q2","logger":"task.stdout"}
{"timestamp":"2026-06-11T11:21:08.161508Z","level":"info","event":"\u001b[33m⬇️  https://www.tbank.ru/invest/help/educate/how-it-works/what-is-exchange/exchange-members/?card=q2","logger":"task.stdout"}
{"timestamp":"2026-06-11T11:21:09.224181Z","level":"info","event":"\u001b[32m✅ 731142 байт","logger":"task.stdout"}
{"timestamp":"2026-06-11T11:21:09.499248Z","level":"info","event":"\u001b[32m   269 параграфов, 15927 символов","logger":"task.stdout"}
{"timestamp":"2026-06-11T11:21:09.516982Z","level":"info","event":"\u001b[36m💾 145_участники_рынка_ценных_бумаг.json","logger":"task.stdout"}
{"timestamp":"2026-06-11T11:21:09.519743Z","level":"info","event":"\u001b[32m✅ Статья #145: Участники рынка ценных бумаг","logger":"task.stdout"}
{"timestamp":"2026-06-11T11:21:09.526422Z","level":"error","event":"\r                                                          \u001b[A","logger":"task.stderr"}
{"timestamp":"2026-06-11T11:21:09.562679Z","level":"error","event":"\rФильтрация ссылок:   0%|          | 0/392 [00:00<?, ?it/s]\u001b[A","logger":"task.stderr"}
{"timestamp":"2026-06-11T11:21:09.563821Z","level":"info","event":"\u001b[32m   Новых ссылок: 7","logger":"task.stdout"}
{"timestamp":"2026-06-11T11:21:09.564142Z","level":"info","event":"","logger":"task.stdout"}
{"timestamp":"2026-06-11T11:21:09.564452Z","level":"info","event":"\u001b[36m        [Глубина 4/4] https://www.tbank.ru/invest/help/educate/how-it-works/what-is-exchange/exchange-members/?card=q4","logger":"task.stdout"}
{"timestamp":"2026-06-11T11:21:10.585991Z","level":"info","event":"\u001b[33m⬇️  https://www.tbank.ru/invest/help/educate/how-it-works/what-is-exchange/exchange-members/?card=q4","logger":"task.stdout"}
{"timestamp":"2026-06-11T11:21:11.940327Z","level":"info","event":"\u001b[32m✅ 730940 байт","logger":"task.stdout"}
{"timestamp":"2026-06-11T11:21:12.195365Z","level":"info","event":"\u001b[32m   269 параграфов, 15927 символов","logger":"task.stdout"}
{"timestamp":"2026-06-11T11:21:12.206719Z","level":"info","event":"\u001b[36m💾 146_участники_рынка_ценных_бумаг.json","logger":"task.stdout"}
{"timestamp":"2026-06-11T11:21:12.209718Z","level":"info","event":"\u001b[32m✅ Статья #146: Участники рынка ценных бумаг","logger":"task.stdout"}
{"timestamp":"2026-06-11T11:21:12.210258Z","level":"info","event":"","logger":"task.stdout"}
{"timestamp":"2026-06-11T11:21:12.210598Z","level":"info","event":"\u001b[36m        [Глубина 4/4] https://www.tbank.ru/invest/help/brokerage/account/about-bs/guarantees/?card=q2","logger":"task.stdout"}
{"timestamp":"2026-06-11T11:21:13.217653Z","level":"info","event":"\u001b[33m⬇️  https://www.tbank.ru/invest/help/brokerage/account/about-bs/guarantees/?card=q2","logger":"task.stdout"}
{"timestamp":"2026-06-11T11:21:14.250792Z","level":"info","event":"\u001b[32m✅ 752180 байт","logger":"task.stdout"}
{"timestamp":"2026-06-11T11:21:15.284785Z","level":"info","event":"\u001b[32m   253 параграфов, 16571 символов","logger":"task.stdout"}
{"timestamp":"2026-06-11T11:21:15.297194Z","level":"info","event":"\u001b[36m💾 147_что_такое_брокерский_счет.json","logger":"task.stdout"}
{"timestamp":"2026-06-11T11:21:15.298127Z","level":"info","event":"\u001b[32m✅ Статья #147: Что такое брокерский счет","logger":"task.stdout"}
{"timestamp":"2026-06-11T11:21:15.299196Z","level":"info","event":"","logger":"task.stdout"}
{"timestamp":"2026-06-11T11:21:15.299803Z","level":"info","event":"\u001b[36m        [Глубина 4/4] https://www.tbank.ru/invest/help/educate/how-it-works/what-is-exchange/exchange-members/?card=q5","logger":"task.stdout"}
{"timestamp":"2026-06-11T11:21:16.310368Z","level":"info","event":"\u001b[33m⬇️  https://www.tbank.ru/invest/help/educate/how-it-works/what-is-exchange/exchange-members/?card=q5","logger":"task.stdout"}
{"timestamp":"2026-06-11T11:21:17.260733Z","level":"info","event":"\u001b[32m✅ 731259 байт","logger":"task.stdout"}
{"timestamp":"2026-06-11T11:21:17.438765Z","level":"info","event":"\u001b[32m   269 параграфов, 15927 символов","logger":"task.stdout"}
{"timestamp":"2026-06-11T11:21:17.453997Z","level":"info","event":"\u001b[36m💾 148_участники_рынка_ценных_бумаг.json","logger":"task.stdout"}
{"timestamp":"2026-06-11T11:21:17.455766Z","level":"info","event":"\u001b[32m✅ Статья #148: Участники рынка ценных бумаг","logger":"task.stdout"}
{"timestamp":"2026-06-11T11:21:17.456236Z","level":"info","event":"","logger":"task.stdout"}
{"timestamp":"2026-06-11T11:21:17.457146Z","level":"info","event":"\u001b[36m        [Глубина 4/4] https://www.tbank.ru/invest/help/educate/how-it-works/what-is-exchange/exchange-members/?card=q3","logger":"task.stdout"}
{"timestamp":"2026-06-11T11:21:18.489608Z","level":"info","event":"\u001b[33m⬇️  https://www.tbank.ru/invest/help/educate/how-it-works/what-is-exchange/exchange-members/?card=q3","logger":"task.stdout"}
{"timestamp":"2026-06-11T11:21:19.708108Z","level":"info","event":"\u001b[32m✅ 731255 байт","logger":"task.stdout"}
{"timestamp":"2026-06-11T11:21:19.959074Z","level":"info","event":"\u001b[32m   269 параграфов, 15927 символов","logger":"task.stdout"}
{"timestamp":"2026-06-11T11:21:19.977174Z","level":"info","event":"\u001b[36m💾 149_участники_рынка_ценных_бумаг.json","logger":"task.stdout"}
{"timestamp":"2026-06-11T11:21:19.978173Z","level":"info","event":"\u001b[32m✅ Статья #149: Участники рынка ценных бумаг","logger":"task.stdout"}
{"timestamp":"2026-06-11T11:21:19.978253Z","level":"info","event":"","logger":"task.stdout"}
{"timestamp":"2026-06-11T11:21:19.978337Z","level":"info","event":"\u001b[36m        [Глубина 4/4] https://www.tbank.ru/invest/help/educate/how-it-works/what-is-exchange/exchange-members/?card=q1","logger":"task.stdout"}
{"timestamp":"2026-06-11T11:21:20.982812Z","level":"info","event":"\u001b[33m⬇️  https://www.tbank.ru/invest/help/educate/how-it-works/what-is-exchange/exchange-members/?card=q1","logger":"task.stdout"}
{"timestamp":"2026-06-11T11:21:21.799914Z","level":"info","event":"\u001b[32m✅ 730941 байт","logger":"task.stdout"}
{"timestamp":"2026-06-11T11:21:21.985206Z","level":"info","event":"\u001b[32m   269 параграфов, 15927 символов","logger":"task.stdout"}
{"timestamp":"2026-06-11T11:21:21.988445Z","level":"info","event":"\u001b[36m💾 150_участники_рынка_ценных_бумаг.json","logger":"task.stdout"}
{"timestamp":"2026-06-11T11:21:21.990417Z","level":"info","event":"\u001b[32m✅ Статья #150: Участники рынка ценных бумаг","logger":"task.stdout"}
{"timestamp":"2026-06-11T11:21:22.319452Z","level":"info","event":"","logger":"task.stdout"}
{"timestamp":"2026-06-11T11:21:22.322900Z","level":"info","event":"\u001b[33m💾 Checkpoint: 150 статей (28.6/мин)","logger":"task.stdout"}
{"timestamp":"2026-06-11T11:21:22.324155Z","level":"info","event":"","logger":"task.stdout"}
{"timestamp":"2026-06-11T11:21:22.324425Z","level":"info","event":"","logger":"task.stdout"}
{"timestamp":"2026-06-11T11:21:22.324657Z","level":"info","event":"\u001b[36m        [Глубина 4/4] https://www.tbank.ru/invest/help/brokerage/account/get-bs/assets-transfer/?card=q2","logger":"task.stdout"}
{"timestamp":"2026-06-11T11:21:23.326212Z","level":"info","event":"\u001b[33m⬇️  https://www.tbank.ru/invest/help/brokerage/account/get-bs/assets-transfer/?card=q2","logger":"task.stdout"}
{"timestamp":"2026-06-11T11:21:24.391898Z","level":"info","event":"\u001b[32m✅ 702882 байт","logger":"task.stdout"}
{"timestamp":"2026-06-11T11:21:24.565797Z","level":"info","event":"\u001b[32m   263 параграфов, 17325 символов","logger":"task.stdout"}
{"timestamp":"2026-06-11T11:21:24.572931Z","level":"info","event":"\u001b[36m💾 151_как_перевести_бумаги_в_тинвестиции.json","logger":"task.stdout"}
{"timestamp":"2026-06-11T11:21:24.573252Z","level":"info","event":"\u001b[32m✅ Статья #151: Как перевести бумаги в Т‑Инвестиции","logger":"task.stdout"}
{"timestamp":"2026-06-11T11:21:24.573405Z","level":"info","event":"","logger":"task.stdout"}
{"timestamp":"2026-06-11T11:21:24.573586Z","level":"info","event":"\u001b[36m        [Глубина 4/4] https://www.tbank.ru/invest/help/educate/how-it-works/what-is-exchange/exchange-members/?card=q6","logger":"task.stdout"}
{"timestamp":"2026-06-11T11:21:25.577153Z","level":"info","event":"\u001b[33m⬇️  https://www.tbank.ru/invest/help/educate/how-it-works/what-is-exchange/exchange-members/?card=q6","logger":"task.stdout"}
{"timestamp":"2026-06-11T11:21:26.473532Z","level":"info","event":"\u001b[32m✅ 731543 байт","logger":"task.stdout"}
{"timestamp":"2026-06-11T11:21:26.589851Z","level":"info","event":"\u001b[32m   269 параграфов, 15927 символов","logger":"task.stdout"}
{"timestamp":"2026-06-11T11:21:26.592926Z","level":"info","event":"\u001b[36m💾 152_участники_рынка_ценных_бумаг.json","logger":"task.stdout"}
{"timestamp":"2026-06-11T11:21:26.593132Z","level":"info","event":"\u001b[32m✅ Статья #152: Участники рынка ценных бумаг","logger":"task.stdout"}
{"timestamp":"2026-06-11T11:21:26.593233Z","level":"info","event":"","logger":"task.stdout"}
{"timestamp":"2026-06-11T11:21:26.593292Z","level":"info","event":"\u001b[36m      [Глубина 3/4] https://www.tbank.ru/invest/help/educate/how-it-works/ways-to-invest/bonds/?card=q6","logger":"task.stdout"}
{"timestamp":"2026-06-11T11:21:27.594442Z","level":"info","event":"\u001b[33m⬇️  https://www.tbank.ru/invest/help/educate/how-it-works/ways-to-invest/bonds/?card=q6","logger":"task.stdout"}
{"timestamp":"2026-06-11T11:21:28.436423Z","level":"info","event":"\u001b[32m✅ 946230 байт","logger":"task.stdout"}
{"timestamp":"2026-06-11T11:21:28.556307Z","level":"info","event":"\u001b[32m   327 параграфов, 28335 символов","logger":"task.stdout"}
{"timestamp":"2026-06-11T11:21:28.559115Z","level":"info","event":"\u001b[36m💾 153_что_такое_облигации.json","logger":"task.stdout"}
{"timestamp":"2026-06-11T11:21:28.562128Z","level":"info","event":"\u001b[32m✅ Статья #153: Что такое облигации","logger":"task.stdout"}
{"timestamp":"2026-06-11T11:21:28.563314Z","level":"error","event":"\r                                                          \u001b[A","logger":"task.stderr"}
{"timestamp":"2026-06-11T11:21:28.576999Z","level":"error","event":"\rФильтрация ссылок:   0%|          | 0/402 [00:00<?, ?it/s]\u001b[A","logger":"task.stderr"}
{"timestamp":"2026-06-11T11:21:28.579021Z","level":"info","event":"\u001b[32m   Новых ссылок: 11","logger":"task.stdout"}
{"timestamp":"2026-06-11T11:21:28.579236Z","level":"info","event":"","logger":"task.stdout"}
{"timestamp":"2026-06-11T11:21:28.579385Z","level":"info","event":"\u001b[36m        [Глубина 4/4] https://www.tbank.ru/invest/help/educate/how-it-works/ways-to-invest/state-bonds/?card=q1","logger":"task.stdout"}
{"timestamp":"2026-06-11T11:21:29.580091Z","level":"info","event":"\u001b[33m⬇️  https://www.tbank.ru/invest/help/educate/how-it-works/ways-to-invest/state-bonds/?card=q1","logger":"task.stdout"}
{"timestamp":"2026-06-11T11:21:30.405996Z","level":"info","event":"\u001b[32m✅ 814890 байт","logger":"task.stdout"}
{"timestamp":"2026-06-11T11:21:30.497976Z","level":"info","event":"\u001b[32m   295 параграфов, 21088 символов","logger":"task.stdout"}
{"timestamp":"2026-06-11T11:21:30.499575Z","level":"info","event":"\u001b[36m💾 154_что_такое_офз.json","logger":"task.stdout"}
{"timestamp":"2026-06-11T11:21:30.499660Z","level":"info","event":"\u001b[32m✅ Статья #154: Что такое ОФЗ","logger":"task.stdout"}
{"timestamp":"2026-06-11T11:21:30.499711Z","level":"info","event":"","logger":"task.stdout"}
{"timestamp":"2026-06-11T11:21:30.499780Z","level":"info","event":"\u001b[36m        [Глубина 4/4] https://www.tbank.ru/invest/education/courses/908fae4d-df99-47d8-8864-9e22a689835f/?internal_source=help-visit_from:/invest/help/educate/how-it-works/ways-to-invest/bonds/","logger":"task.stdout"}
{"timestamp":"2026-06-11T11:21:31.502536Z","level":"info","event":"\u001b[33m⬇️  https://www.tbank.ru/invest/education/courses/908fae4d-df99-47d8-8864-9e22a689835f/?internal_source=help-visit_from:/invest/help/educate/how-it-works/ways-to-invest/bonds/","logger":"task.stdout"}
{"timestamp":"2026-06-11T11:21:32.074893Z","level":"info","event":"\u001b[32m✅ 1146928 байт","logger":"task.stdout"}
{"timestamp":"2026-06-11T11:21:32.144648Z","level":"info","event":"\u001b[32m   7 параграфов, 243 символов","logger":"task.stdout"}
{"timestamp":"2026-06-11T11:21:32.149698Z","level":"info","event":"\u001b[36m💾 155_как_сравнивать_компании.json","logger":"task.stdout"}
{"timestamp":"2026-06-11T11:21:32.149835Z","level":"info","event":"\u001b[32m✅ Статья #155: Как сравнивать компании","logger":"task.stdout"}
{"timestamp":"2026-06-11T11:21:32.149958Z","level":"info","event":"","logger":"task.stdout"}
{"timestamp":"2026-06-11T11:21:32.150031Z","level":"info","event":"\u001b[36m        [Глубина 4/4] https://www.tbank.ru/invest/help/educate/how-it-works/ways-to-invest/bonds/?card=q4","logger":"task.stdout"}
{"timestamp":"2026-06-11T11:21:33.156708Z","level":"info","event":"\u001b[33m⬇️  https://www.tbank.ru/invest/help/educate/how-it-works/ways-to-invest/bonds/?card=q4","logger":"task.stdout"}
{"timestamp":"2026-06-11T11:21:34.077383Z","level":"info","event":"\u001b[32m✅ 945810 байт","logger":"task.stdout"}
{"timestamp":"2026-06-11T11:21:34.167148Z","level":"info","event":"\u001b[32m   327 параграфов, 28335 символов","logger":"task.stdout"}
{"timestamp":"2026-06-11T11:21:34.173902Z","level":"info","event":"\u001b[36m💾 156_что_такое_облигации.json","logger":"task.stdout"}
{"timestamp":"2026-06-11T11:21:34.174402Z","level":"info","event":"\u001b[32m✅ Статья #156: Что такое облигации","logger":"task.stdout"}
{"timestamp":"2026-06-11T11:21:34.174795Z","level":"info","event":"","logger":"task.stdout"}
{"timestamp":"2026-06-11T11:21:34.175738Z","level":"info","event":"\u001b[36m        [Глубина 4/4] https://www.tbank.ru/invest/help/educate/how-it-works/ways-to-invest/coupon-yield/?card=q1","logger":"task.stdout"}
{"timestamp":"2026-06-11T11:21:35.175347Z","level":"info","event":"\u001b[33m⬇️  https://www.tbank.ru/invest/help/educate/how-it-works/ways-to-invest/coupon-yield/?card=q1","logger":"task.stdout"}
{"timestamp":"2026-06-11T11:21:35.930506Z","level":"info","event":"\u001b[32m✅ 751754 байт","logger":"task.stdout"}
{"timestamp":"2026-06-11T11:21:36.015128Z","level":"info","event":"\u001b[32m   269 параграфов, 15475 символов","logger":"task.stdout"}
{"timestamp":"2026-06-11T11:21:36.020040Z","level":"info","event":"\u001b[36m💾 157_купонный_доход_по_облигациям.json","logger":"task.stdout"}
{"timestamp":"2026-06-11T11:21:36.020163Z","level":"info","event":"\u001b[32m✅ Статья #157: Купонный доход по облигациям","logger":"task.stdout"}
{"timestamp":"2026-06-11T11:21:36.020221Z","level":"info","event":"","logger":"task.stdout"}
{"timestamp":"2026-06-11T11:21:36.020276Z","level":"info","event":"\u001b[36m        [Глубина 4/4] https://www.tbank.ru/invest/help/replacement-bonds/","logger":"task.stdout"}
{"timestamp":"2026-06-11T11:21:37.025965Z","level":"info","event":"\u001b[33m⬇️  https://www.tbank.ru/invest/help/replacement-bonds/","logger":"task.stdout"}
{"timestamp":"2026-06-11T11:21:37.279565Z","level":"info","event":"\u001b[32m✅ 652412 байт","logger":"task.stdout"}
{"timestamp":"2026-06-11T11:21:37.348193Z","level":"info","event":"\u001b[32m   272 параграфов, 17814 символов","logger":"task.stdout"}
{"timestamp":"2026-06-11T11:21:37.351268Z","level":"info","event":"\u001b[36m💾 158_замещающие_облигации.json","logger":"task.stdout"}
{"timestamp":"2026-06-11T11:21:37.351413Z","level":"info","event":"\u001b[32m✅ Статья #158: Замещающие облигации","logger":"task.stdout"}
{"timestamp":"2026-06-11T11:21:37.351521Z","level":"info","event":"","logger":"task.stdout"}
{"timestamp":"2026-06-11T11:21:37.351631Z","level":"info","event":"\u001b[36m        [Глубина 4/4] https://www.tbank.ru/invest/help/educate/how-it-works/ways-to-invest/bonds/?card=q3","logger":"task.stdout"}
{"timestamp":"2026-06-11T11:21:38.361856Z","level":"info","event":"\u001b[33m⬇️  https://www.tbank.ru/invest/help/educate/how-it-works/ways-to-invest/bonds/?card=q3","logger":"task.stdout"}
{"timestamp":"2026-06-11T11:21:39.239682Z","level":"info","event":"\u001b[32m✅ 946355 байт","logger":"task.stdout"}
{"timestamp":"2026-06-11T11:21:39.407454Z","level":"info","event":"\u001b[32m   327 параграфов, 28335 символов","logger":"task.stdout"}
{"timestamp":"2026-06-11T11:21:39.413134Z","level":"info","event":"\u001b[36m💾 159_что_такое_облигации.json","logger":"task.stdout"}
{"timestamp":"2026-06-11T11:21:39.413601Z","level":"info","event":"\u001b[32m✅ Статья #159: Что такое облигации","logger":"task.stdout"}
{"timestamp":"2026-06-11T11:21:39.413719Z","level":"info","event":"","logger":"task.stdout"}
{"timestamp":"2026-06-11T11:21:39.414201Z","level":"info","event":"\u001b[36m        [Глубина 4/4] https://www.tbank.ru/invest/help/educate/how-it-works/ways-to-invest/bonds-profit/?card=q1","logger":"task.stdout"}
{"timestamp":"2026-06-11T11:21:40.423844Z","level":"info","event":"\u001b[33m⬇️  https://www.tbank.ru/invest/help/educate/how-it-works/ways-to-invest/bonds-profit/?card=q1","logger":"task.stdout"}
{"timestamp":"2026-06-11T11:21:41.318178Z","level":"info","event":"\u001b[32m✅ 774001 байт","logger":"task.stdout"}
{"timestamp":"2026-06-11T11:21:41.396930Z","level":"info","event":"\u001b[32m   282 параграфов, 18043 символов","logger":"task.stdout"}
{"timestamp":"2026-06-11T11:21:41.406320Z","level":"info","event":"\u001b[36m💾 160_как_заработать_на_облигациях.json","logger":"task.stdout"}
{"timestamp":"2026-06-11T11:21:41.406955Z","level":"info","event":"\u001b[32m✅ Статья #160: Как заработать на облигациях","logger":"task.stdout"}
{"timestamp":"2026-06-11T11:21:41.662674Z","level":"info","event":"","logger":"task.stdout"}
{"timestamp":"2026-06-11T11:21:41.662855Z","level":"info","event":"\u001b[33m💾 Checkpoint: 160 статей (28.7/мин)","logger":"task.stdout"}
{"timestamp":"2026-06-11T11:21:41.662922Z","level":"info","event":"","logger":"task.stdout"}
{"timestamp":"2026-06-11T11:21:41.662975Z","level":"info","event":"","logger":"task.stdout"}
{"timestamp":"2026-06-11T11:21:41.663036Z","level":"info","event":"\u001b[36m        [Глубина 4/4] https://www.tbank.ru/invest/help/educate/how-it-works/ways-to-invest/bonds-profit/?card=q2","logger":"task.stdout"}
{"timestamp":"2026-06-11T11:21:42.665171Z","level":"info","event":"\u001b[33m⬇️  https://www.tbank.ru/invest/help/educate/how-it-works/ways-to-invest/bonds-profit/?card=q2","logger":"task.stdout"}
{"timestamp":"2026-06-11T11:21:43.360297Z","level":"info","event":"\u001b[32m✅ 774410 байт","logger":"task.stdout"}
{"timestamp":"2026-06-11T11:21:43.444790Z","level":"info","event":"\u001b[32m   282 параграфов, 18043 символов","logger":"task.stdout"}
{"timestamp":"2026-06-11T11:21:43.465102Z","level":"info","event":"\u001b[36m💾 161_как_заработать_на_облигациях.json","logger":"task.stdout"}
{"timestamp":"2026-06-11T11:21:43.465297Z","level":"info","event":"\u001b[32m✅ Статья #161: Как заработать на облигациях","logger":"task.stdout"}
{"timestamp":"2026-06-11T11:21:43.465370Z","level":"info","event":"","logger":"task.stdout"}
{"timestamp":"2026-06-11T11:21:43.465429Z","level":"info","event":"\u001b[36m        [Глубина 4/4] https://www.tbank.ru/invest/help/educate/how-it-works/ways-to-invest/bonds/?card=q7","logger":"task.stdout"}
{"timestamp":"2026-06-11T11:21:44.455999Z","level":"info","event":"\u001b[33m⬇️  https://www.tbank.ru/invest/help/educate/how-it-works/ways-to-invest/bonds/?card=q7","logger":"task.stdout"}
{"timestamp":"2026-06-11T11:21:45.483319Z","level":"info","event":"\u001b[32m✅ 946494 байт","logger":"task.stdout"}
{"timestamp":"2026-06-11T11:21:45.593412Z","level":"info","event":"\u001b[32m   327 параграфов, 28335 символов","logger":"task.stdout"}
{"timestamp":"2026-06-11T11:21:45.595816Z","level":"info","event":"\u001b[36m💾 162_что_такое_облигации.json","logger":"task.stdout"}
{"timestamp":"2026-06-11T11:21:45.595991Z","level":"info","event":"\u001b[32m✅ Статья #162: Что такое облигации","logger":"task.stdout"}
{"timestamp":"2026-06-11T11:21:45.596142Z","level":"info","event":"","logger":"task.stdout"}
{"timestamp":"2026-06-11T11:21:45.597329Z","level":"info","event":"\u001b[36m        [Глубина 4/4] https://www.tbank.ru/invest/help/educate/how-it-works/ways-to-invest/bonds/?card=q2","logger":"task.stdout"}
{"timestamp":"2026-06-11T11:21:46.598113Z","level":"info","event":"\u001b[33m⬇️  https://www.tbank.ru/invest/help/educate/how-it-works/ways-to-invest/bonds/?card=q2","logger":"task.stdout"}
{"timestamp":"2026-06-11T11:21:47.637444Z","level":"info","event":"\u001b[32m✅ 946342 байт","logger":"task.stdout"}
{"timestamp":"2026-06-11T11:21:47.745352Z","level":"info","event":"\u001b[32m   327 параграфов, 28335 символов","logger":"task.stdout"}
{"timestamp":"2026-06-11T11:21:47.769439Z","level":"info","event":"\u001b[36m💾 163_что_такое_облигации.json","logger":"task.stdout"}
{"timestamp":"2026-06-11T11:21:47.770285Z","level":"info","event":"\u001b[32m✅ Статья #163: Что такое облигации","logger":"task.stdout"}
{"timestamp":"2026-06-11T11:21:47.770731Z","level":"info","event":"","logger":"task.stdout"}
{"timestamp":"2026-06-11T11:21:47.770992Z","level":"info","event":"\u001b[36m        [Глубина 4/4] https://www.tbank.ru/invest/help/educate/how-it-works/ways-to-invest/bonds/?card=q1","logger":"task.stdout"}
{"timestamp":"2026-06-11T11:21:48.775007Z","level":"info","event":"\u001b[33m⬇️  https://www.tbank.ru/invest/help/educate/how-it-works/ways-to-invest/bonds/?card=q1","logger":"task.stdout"}
{"timestamp":"2026-06-11T11:21:49.670576Z","level":"info","event":"\u001b[32m✅ 946094 байт","logger":"task.stdout"}
{"timestamp":"2026-06-11T11:21:49.754884Z","level":"info","event":"\u001b[32m   327 параграфов, 28335 символов","logger":"task.stdout"}
{"timestamp":"2026-06-11T11:21:49.757956Z","level":"info","event":"\u001b[36m💾 164_что_такое_облигации.json","logger":"task.stdout"}
{"timestamp":"2026-06-11T11:21:49.758284Z","level":"info","event":"\u001b[32m✅ Статья #164: Что такое облигации","logger":"task.stdout"}
{"timestamp":"2026-06-11T11:21:49.758345Z","level":"info","event":"","logger":"task.stdout"}
{"timestamp":"2026-06-11T11:21:49.758393Z","level":"info","event":"\u001b[36m    [Глубина 2/4] https://www.tbank.ru/invest/help/educate/how-it-works/ways-to-invest/ipo-n-buyback/?card=q5","logger":"task.stdout"}
{"timestamp":"2026-06-11T11:21:50.761914Z","level":"info","event":"\u001b[33m⬇️  https://www.tbank.ru/invest/help/educate/how-it-works/ways-to-invest/ipo-n-buyback/?card=q5","logger":"task.stdout"}
{"timestamp":"2026-06-11T11:21:51.619086Z","level":"info","event":"\u001b[32m✅ 773418 байт","logger":"task.stdout"}
{"timestamp":"2026-06-11T11:21:51.716356Z","level":"info","event":"\u001b[32m   267 параграфов, 17673 символов","logger":"task.stdout"}
{"timestamp":"2026-06-11T11:21:51.723729Z","level":"info","event":"\u001b[36m💾 165_размещение_и_выкуп_акций.json","logger":"task.stdout"}
{"timestamp":"2026-06-11T11:21:51.726598Z","level":"info","event":"\u001b[32m✅ Статья #165: Размещение и выкуп акций","logger":"task.stdout"}
{"timestamp":"2026-06-11T11:21:51.730519Z","level":"error","event":"\r                                                          \u001b[A","logger":"task.stderr"}
{"timestamp":"2026-06-11T11:21:51.734592Z","level":"error","event":"\rФильтрация ссылок:   0%|          | 0/387 [00:00<?, ?it/s]\u001b[A","logger":"task.stderr"}
{"timestamp":"2026-06-11T11:21:51.734935Z","level":"info","event":"\u001b[32m   Новых ссылок: 8","logger":"task.stdout"}
{"timestamp":"2026-06-11T11:21:51.735078Z","level":"info","event":"","logger":"task.stdout"}
{"timestamp":"2026-06-11T11:21:51.735192Z","level":"info","event":"\u001b[36m      [Глубина 3/4] https://www.tbank.ru/invest/help/educate/how-it-works/ways-to-invest/ipo-n-buyback/?card=q1","logger":"task.stdout"}
{"timestamp":"2026-06-11T11:21:52.739365Z","level":"info","event":"\u001b[33m⬇️  https://www.tbank.ru/invest/help/educate/how-it-works/ways-to-invest/ipo-n-buyback/?card=q1","logger":"task.stdout"}
{"timestamp":"2026-06-11T11:21:53.429559Z","level":"info","event":"\u001b[32m✅ 772848 байт","logger":"task.stdout"}
{"timestamp":"2026-06-11T11:21:53.509000Z","level":"info","event":"\u001b[32m   267 параграфов, 17673 символов","logger":"task.stdout"}
{"timestamp":"2026-06-11T11:21:53.515589Z","level":"info","event":"\u001b[36m💾 166_размещение_и_выкуп_акций.json","logger":"task.stdout"}
{"timestamp":"2026-06-11T11:21:53.518691Z","level":"info","event":"\u001b[32m✅ Статья #166: Размещение и выкуп акций","logger":"task.stdout"}
{"timestamp":"2026-06-11T11:21:53.518909Z","level":"error","event":"\r                                                          \u001b[A","logger":"task.stderr"}
{"timestamp":"2026-06-11T11:21:53.525347Z","level":"error","event":"\rФильтрация ссылок:   0%|          | 0/387 [00:00<?, ?it/s]\u001b[A","logger":"task.stderr"}
{"timestamp":"2026-06-11T11:21:53.525667Z","level":"info","event":"\u001b[32m   Новых ссылок: 7","logger":"task.stdout"}
{"timestamp":"2026-06-11T11:21:53.525845Z","level":"info","event":"","logger":"task.stdout"}
{"timestamp":"2026-06-11T11:21:53.525958Z","level":"info","event":"\u001b[36m        [Глубина 4/4] https://www.tbank.ru/invest/help/brokerage/account/trade-on-bs/buy-n-sell/?card=q8","logger":"task.stdout"}
{"timestamp":"2026-06-11T11:21:54.534296Z","level":"info","event":"\u001b[33m⬇️  https://www.tbank.ru/invest/help/brokerage/account/trade-on-bs/buy-n-sell/?card=q8","logger":"task.stdout"}
{"timestamp":"2026-06-11T11:21:55.506705Z","level":"info","event":"\u001b[32m✅ 806557 байт","logger":"task.stdout"}
{"timestamp":"2026-06-11T11:21:55.630639Z","level":"info","event":"\u001b[32m   261 параграфов, 17456 символов","logger":"task.stdout"}
{"timestamp":"2026-06-11T11:21:55.636904Z","level":"info","event":"\u001b[36m💾 167_как_покупать_и_продавать_ценные_бумаги_и_валюту.json","logger":"task.stdout"}
{"timestamp":"2026-06-11T11:21:55.637103Z","level":"info","event":"\u001b[32m✅ Статья #167: Как покупать и продавать ценные бумаги и валюту","logger":"task.stdout"}
{"timestamp":"2026-06-11T11:21:55.637191Z","level":"info","event":"","logger":"task.stdout"}
{"timestamp":"2026-06-11T11:21:55.637276Z","level":"info","event":"\u001b[36m        [Глубина 4/4] https://www.tbank.ru/invest/help/educate/how-it-works/ways-to-invest/ipo-n-buyback/?card=q4","logger":"task.stdout"}
{"timestamp":"2026-06-11T11:21:56.644398Z","level":"info","event":"\u001b[33m⬇️  https://www.tbank.ru/invest/help/educate/how-it-works/ways-to-invest/ipo-n-buyback/?card=q4","logger":"task.stdout"}
{"timestamp":"2026-06-11T11:21:57.438131Z","level":"info","event":"\u001b[32m✅ 773248 байт","logger":"task.stdout"}
{"timestamp":"2026-06-11T11:21:57.541210Z","level":"info","event":"\u001b[32m   267 параграфов, 17673 символов","logger":"task.stdout"}
{"timestamp":"2026-06-11T11:21:57.544002Z","level":"info","event":"\u001b[36m💾 168_размещение_и_выкуп_акций.json","logger":"task.stdout"}
{"timestamp":"2026-06-11T11:21:57.544136Z","level":"info","event":"\u001b[32m✅ Статья #168: Размещение и выкуп акций","logger":"task.stdout"}
{"timestamp":"2026-06-11T11:21:57.544417Z","level":"info","event":"","logger":"task.stdout"}
{"timestamp":"2026-06-11T11:21:57.544657Z","level":"info","event":"\u001b[36m        [Глубина 4/4] https://www.tbank.ru/invest/help/educate/how-it-works/ways-to-invest/ipo-n-buyback/?card=q2","logger":"task.stdout"}
{"timestamp":"2026-06-11T11:21:58.547294Z","level":"info","event":"\u001b[33m⬇️  https://www.tbank.ru/invest/help/educate/how-it-works/ways-to-invest/ipo-n-buyback/?card=q2","logger":"task.stdout"}
{"timestamp":"2026-06-11T11:21:59.282826Z","level":"info","event":"\u001b[32m✅ 773334 байт","logger":"task.stdout"}
{"timestamp":"2026-06-11T11:21:59.360282Z","level":"info","event":"\u001b[32m   267 параграфов, 17673 символов","logger":"task.stdout"}
{"timestamp":"2026-06-11T11:21:59.362545Z","level":"info","event":"\u001b[36m💾 169_размещение_и_выкуп_акций.json","logger":"task.stdout"}
{"timestamp":"2026-06-11T11:21:59.362668Z","level":"info","event":"\u001b[32m✅ Статья #169: Размещение и выкуп акций","logger":"task.stdout"}
{"timestamp":"2026-06-11T11:21:59.362757Z","level":"info","event":"","logger":"task.stdout"}
{"timestamp":"2026-06-11T11:21:59.362819Z","level":"info","event":"\u001b[36m        [Глубина 4/4] https://www.tbank.ru/invest/help/educate/how-it-works/ways-to-invest/ipo-n-buyback/?card=q6","logger":"task.stdout"}
{"timestamp":"2026-06-11T11:22:00.368028Z","level":"info","event":"\u001b[33m⬇️  https://www.tbank.ru/invest/help/educate/how-it-works/ways-to-invest/ipo-n-buyback/?card=q6","logger":"task.stdout"}
{"timestamp":"2026-06-11T11:22:01.279124Z","level":"info","event":"\u001b[32m✅ 773840 байт","logger":"task.stdout"}
{"timestamp":"2026-06-11T11:22:01.359755Z","level":"info","event":"\u001b[32m   267 параграфов, 17673 символов","logger":"task.stdout"}
{"timestamp":"2026-06-11T11:22:01.362212Z","level":"info","event":"\u001b[36m💾 170_размещение_и_выкуп_акций.json","logger":"task.stdout"}
{"timestamp":"2026-06-11T11:22:01.362382Z","level":"info","event":"\u001b[32m✅ Статья #170: Размещение и выкуп акций","logger":"task.stdout"}
{"timestamp":"2026-06-11T11:22:01.590832Z","level":"info","event":"","logger":"task.stdout"}
{"timestamp":"2026-06-11T11:22:01.591083Z","level":"info","event":"\u001b[33m💾 Checkpoint: 170 статей (28.8/мин)","logger":"task.stdout"}
{"timestamp":"2026-06-11T11:22:01.591246Z","level":"info","event":"","logger":"task.stdout"}
{"timestamp":"2026-06-11T11:22:01.591637Z","level":"info","event":"","logger":"task.stdout"}
{"timestamp":"2026-06-11T11:22:01.591713Z","level":"info","event":"\u001b[36m        [Глубина 4/4] https://www.tbank.ru/invest/help/educate/how-it-works/ways-to-invest/ipo-n-buyback/?card=q8","logger":"task.stdout"}
{"timestamp":"2026-06-11T11:22:02.600563Z","level":"info","event":"\u001b[33m⬇️  https://www.tbank.ru/invest/help/educate/how-it-works/ways-to-invest/ipo-n-buyback/?card=q8","logger":"task.stdout"}
{"timestamp":"2026-06-11T11:22:03.380461Z","level":"info","event":"\u001b[32m✅ 772962 байт","logger":"task.stdout"}
{"timestamp":"2026-06-11T11:22:03.472040Z","level":"info","event":"\u001b[32m   267 параграфов, 17673 символов","logger":"task.stdout"}
{"timestamp":"2026-06-11T11:22:03.476689Z","level":"info","event":"\u001b[36m💾 171_размещение_и_выкуп_акций.json","logger":"task.stdout"}
{"timestamp":"2026-06-11T11:22:03.476920Z","level":"info","event":"\u001b[32m✅ Статья #171: Размещение и выкуп акций","logger":"task.stdout"}
{"timestamp":"2026-06-11T11:22:03.476998Z","level":"info","event":"","logger":"task.stdout"}
{"timestamp":"2026-06-11T11:22:03.477063Z","level":"info","event":"\u001b[36m        [Глубина 4/4] https://www.tbank.ru/invest/help/brokerage/account/margin/about/?card=q1","logger":"task.stdout"}
{"timestamp":"2026-06-11T11:22:04.479194Z","level":"info","event":"\u001b[33m⬇️  https://www.tbank.ru/invest/help/brokerage/account/margin/about/?card=q1","logger":"task.stdout"}
{"timestamp":"2026-06-11T11:22:05.448267Z","level":"info","event":"\u001b[32m✅ 1335565 байт","logger":"task.stdout"}
{"timestamp":"2026-06-11T11:22:05.560703Z","level":"info","event":"\u001b[32m   400 параграфов, 38337 символов","logger":"task.stdout"}
{"timestamp":"2026-06-11T11:22:05.563198Z","level":"info","event":"\u001b[36m💾 172_как_устроена_маржинальная_торговля.json","logger":"task.stdout"}
{"timestamp":"2026-06-11T11:22:05.563291Z","level":"info","event":"\u001b[32m✅ Статья #172: Как устроена маржинальная торговля","logger":"task.stdout"}
{"timestamp":"2026-06-11T11:22:05.563364Z","level":"info","event":"","logger":"task.stdout"}
{"timestamp":"2026-06-11T11:22:05.563419Z","level":"info","event":"\u001b[36m        [Глубина 4/4] https://www.tbank.ru/invest/help/educate/how-it-works/ways-to-invest/stocks/?card=q2","logger":"task.stdout"}
{"timestamp":"2026-06-11T11:22:06.567750Z","level":"info","event":"\u001b[33m⬇️  https://www.tbank.ru/invest/help/educate/how-it-works/ways-to-invest/stocks/?card=q2","logger":"task.stdout"}
{"timestamp":"2026-06-11T11:22:07.273172Z","level":"info","event":"\u001b[32m✅ 800323 байт","logger":"task.stdout"}
{"timestamp":"2026-06-11T11:22:07.572930Z","level":"info","event":"\u001b[32m   288 параграфов, 19183 символов","logger":"task.stdout"}
{"timestamp":"2026-06-11T11:22:07.574332Z","level":"info","event":"\u001b[36m💾 173_что_такое_акции.json","logger":"task.stdout"}
{"timestamp":"2026-06-11T11:22:07.574436Z","level":"info","event":"\u001b[32m✅ Статья #173: Что такое акции","logger":"task.stdout"}
{"timestamp":"2026-06-11T11:22:07.574515Z","level":"info","event":"","logger":"task.stdout"}
{"timestamp":"2026-06-11T11:22:07.574625Z","level":"info","event":"\u001b[36m    [Глубина 2/4] https://www.tbank.ru/invest/help/educate/how-it-works/ways-to-invest/state-bonds/?card=q6","logger":"task.stdout"}
{"timestamp":"2026-06-11T11:22:08.582846Z","level":"info","event":"\u001b[33m⬇️  https://www.tbank.ru/invest/help/educate/how-it-works/ways-to-invest/state-bonds/?card=q6","logger":"task.stdout"}
{"timestamp":"2026-06-11T11:22:09.420509Z","level":"info","event":"\u001b[32m✅ 815181 байт","logger":"task.stdout"}
{"timestamp":"2026-06-11T11:22:09.509160Z","level":"info","event":"\u001b[32m   295 параграфов, 21088 символов","logger":"task.stdout"}
{"timestamp":"2026-06-11T11:22:09.512056Z","level":"info","event":"\u001b[36m💾 174_что_такое_офз.json","logger":"task.stdout"}
{"timestamp":"2026-06-11T11:22:09.515056Z","level":"info","event":"\u001b[32m✅ Статья #174: Что такое ОФЗ","logger":"task.stdout"}
{"timestamp":"2026-06-11T11:22:09.518538Z","level":"error","event":"\r                                                          \u001b[A","logger":"task.stderr"}
{"timestamp":"2026-06-11T11:22:09.525798Z","level":"error","event":"\rФильтрация ссылок:   0%|          | 0/387 [00:00<?, ?it/s]\u001b[A","logger":"task.stderr"}
{"timestamp":"2026-06-11T11:22:09.525973Z","level":"info","event":"\u001b[32m   Новых ссылок: 6","logger":"task.stdout"}
{"timestamp":"2026-06-11T11:22:09.526091Z","level":"info","event":"","logger":"task.stdout"}
{"timestamp":"2026-06-11T11:22:09.526179Z","level":"info","event":"\u001b[36m      [Глубина 3/4] https://www.tbank.ru/invest/help/educate/how-it-works/ways-to-invest/state-bonds/?card=q4","logger":"task.stdout"}
{"timestamp":"2026-06-11T11:22:10.532045Z","level":"info","event":"\u001b[33m⬇️  https://www.tbank.ru/invest/help/educate/how-it-works/ways-to-invest/state-bonds/?card=q4","logger":"task.stdout"}
{"timestamp":"2026-06-11T11:22:11.692816Z","level":"info","event":"\u001b[32m✅ 815523 байт","logger":"task.stdout"}
{"timestamp":"2026-06-11T11:22:11.782669Z","level":"info","event":"\u001b[32m   295 параграфов, 21088 символов","logger":"task.stdout"}
{"timestamp":"2026-06-11T11:22:11.787372Z","level":"info","event":"\u001b[36m💾 175_что_такое_офз.json","logger":"task.stdout"}
{"timestamp":"2026-06-11T11:22:11.791160Z","level":"info","event":"\u001b[32m✅ Статья #175: Что такое ОФЗ","logger":"task.stdout"}
{"timestamp":"2026-06-11T11:22:11.794078Z","level":"info","event":"\u001b[32m   Новых ссылок: 5","logger":"task.stdout"}
{"timestamp":"2026-06-11T11:22:11.796580Z","level":"info","event":"","logger":"task.stdout"}
{"timestamp":"2026-06-11T11:22:11.796827Z","level":"info","event":"\u001b[36m        [Глубина 4/4] https://www.tbank.ru/invest/help/educate/how-it-works/ways-to-invest/state-bonds/?card=q2","logger":"task.stdout"}
{"timestamp":"2026-06-11T11:22:11.797298Z","level":"error","event":"\r                                                          \u001b[A","logger":"task.stderr"}
{"timestamp":"2026-06-11T11:22:11.797803Z","level":"error","event":"\rФильтрация ссылок:   0%|          | 0/387 [00:00<?, ?it/s]\u001b[A","logger":"task.stderr"}
{"timestamp":"2026-06-11T11:22:12.798033Z","level":"info","event":"\u001b[33m⬇️  https://www.tbank.ru/invest/help/educate/how-it-works/ways-to-invest/state-bonds/?card=q2","logger":"task.stdout"}
{"timestamp":"2026-06-11T11:22:13.844636Z","level":"info","event":"\u001b[32m✅ 814943 байт","logger":"task.stdout"}
{"timestamp":"2026-06-11T11:22:13.927139Z","level":"info","event":"\u001b[32m   295 параграфов, 21088 символов","logger":"task.stdout"}
{"timestamp":"2026-06-11T11:22:13.934685Z","level":"info","event":"\u001b[36m💾 176_что_такое_офз.json","logger":"task.stdout"}
{"timestamp":"2026-06-11T11:22:13.934970Z","level":"info","event":"\u001b[32m✅ Статья #176: Что такое ОФЗ","logger":"task.stdout"}
{"timestamp":"2026-06-11T11:22:13.935188Z","level":"info","event":"","logger":"task.stdout"}
{"timestamp":"2026-06-11T11:22:13.935344Z","level":"info","event":"\u001b[36m        [Глубина 4/4] https://www.tbank.ru/invest/help/educate/how-it-works/ways-to-invest/state-bonds/?card=q7","logger":"task.stdout"}
{"timestamp":"2026-06-11T11:22:14.937602Z","level":"info","event":"\u001b[33m⬇️  https://www.tbank.ru/invest/help/educate/how-it-works/ways-to-invest/state-bonds/?card=q7","logger":"task.stdout"}
{"timestamp":"2026-06-11T11:22:15.700513Z","level":"info","event":"\u001b[32m✅ 815142 байт","logger":"task.stdout"}
{"timestamp":"2026-06-11T11:22:15.794481Z","level":"info","event":"\u001b[32m   295 параграфов, 21088 символов","logger":"task.stdout"}
{"timestamp":"2026-06-11T11:22:15.797438Z","level":"info","event":"\u001b[36m💾 177_что_такое_офз.json","logger":"task.stdout"}
{"timestamp":"2026-06-11T11:22:15.797529Z","level":"info","event":"\u001b[32m✅ Статья #177: Что такое ОФЗ","logger":"task.stdout"}
{"timestamp":"2026-06-11T11:22:15.797584Z","level":"info","event":"","logger":"task.stdout"}
{"timestamp":"2026-06-11T11:22:15.797658Z","level":"info","event":"\u001b[36m        [Глубина 4/4] https://www.tbank.ru/invest/help/educate/how-it-works/ways-to-invest/state-bonds/?card=q5","logger":"task.stdout"}
{"timestamp":"2026-06-11T11:22:16.821361Z","level":"info","event":"\u001b[33m⬇️  https://www.tbank.ru/invest/help/educate/how-it-works/ways-to-invest/state-bonds/?card=q5","logger":"task.stdout"}
{"timestamp":"2026-06-11T11:22:18.642277Z","level":"info","event":"\u001b[32m✅ 815090 байт","logger":"task.stdout"}
{"timestamp":"2026-06-11T11:22:19.490566Z","level":"info","event":"\u001b[32m   295 параграфов, 21088 символов","logger":"task.stdout"}
{"timestamp":"2026-06-11T11:22:19.504327Z","level":"info","event":"\u001b[36m💾 178_что_такое_офз.json","logger":"task.stdout"}
{"timestamp":"2026-06-11T11:22:19.504846Z","level":"info","event":"\u001b[32m✅ Статья #178: Что такое ОФЗ","logger":"task.stdout"}
{"timestamp":"2026-06-11T11:22:19.505196Z","level":"info","event":"","logger":"task.stdout"}
{"timestamp":"2026-06-11T11:22:19.505676Z","level":"info","event":"\u001b[36m        [Глубина 4/4] https://www.tbank.ru/invest/help/educate/tax-issues/about/taxes-briefly/?card=q2","logger":"task.stdout"}
{"timestamp":"2026-06-11T11:22:20.512909Z","level":"info","event":"\u001b[33m⬇️  https://www.tbank.ru/invest/help/educate/tax-issues/about/taxes-briefly/?card=q2","logger":"task.stdout"}
{"timestamp":"2026-06-11T11:22:21.848983Z","level":"info","event":"\u001b[32m✅ 739421 байт","logger":"task.stdout"}
{"timestamp":"2026-06-11T11:22:21.998726Z","level":"info","event":"\u001b[32m   283 параграфов, 16474 символов","logger":"task.stdout"}
{"timestamp":"2026-06-11T11:22:22.007250Z","level":"info","event":"\u001b[36m💾 179_налог_на_доход_от_торговли_ценными_бумагами.json","logger":"task.stdout"}
{"timestamp":"2026-06-11T11:22:22.008179Z","level":"info","event":"\u001b[32m✅ Статья #179: Налог на доход от торговли ценными бумагами","logger":"task.stdout"}
{"timestamp":"2026-06-11T11:22:22.008647Z","level":"info","event":"","logger":"task.stdout"}
{"timestamp":"2026-06-11T11:22:22.008710Z","level":"info","event":"\u001b[36m        [Глубина 4/4] https://www.tbank.ru/invest/help/educate/how-it-works/ways-to-invest/state-bonds/?card=q3","logger":"task.stdout"}
{"timestamp":"2026-06-11T11:22:23.013728Z","level":"info","event":"\u001b[33m⬇️  https://www.tbank.ru/invest/help/educate/how-it-works/ways-to-invest/state-bonds/?card=q3","logger":"task.stdout"}
{"timestamp":"2026-06-11T11:22:23.945330Z","level":"info","event":"\u001b[32m✅ 815406 байт","logger":"task.stdout"}
{"timestamp":"2026-06-11T11:22:24.052316Z","level":"info","event":"\u001b[32m   295 параграфов, 21088 символов","logger":"task.stdout"}
{"timestamp":"2026-06-11T11:22:24.056689Z","level":"info","event":"\u001b[36m💾 180_что_такое_офз.json","logger":"task.stdout"}
{"timestamp":"2026-06-11T11:22:24.056980Z","level":"info","event":"\u001b[32m✅ Статья #180: Что такое ОФЗ","logger":"task.stdout"}
{"timestamp":"2026-06-11T11:22:24.212006Z","level":"info","event":"","logger":"task.stdout"}
{"timestamp":"2026-06-11T11:22:24.212416Z","level":"info","event":"\u001b[33m💾 Checkpoint: 180 статей (28.6/мин)","logger":"task.stdout"}
{"timestamp":"2026-06-11T11:22:24.212800Z","level":"info","event":"","logger":"task.stdout"}
{"timestamp":"2026-06-11T11:22:24.213024Z","level":"info","event":"","logger":"task.stdout"}
{"timestamp":"2026-06-11T11:22:24.213384Z","level":"info","event":"\u001b[36m    [Глубина 2/4] https://www.tbank.ru/invest/help/educate/how-it-works/ways-to-invest/stocks-profit/?card=q7","logger":"task.stdout"}
{"timestamp":"2026-06-11T11:22:25.222726Z","level":"info","event":"\u001b[33m⬇️  https://www.tbank.ru/invest/help/educate/how-it-works/ways-to-invest/stocks-profit/?card=q7","logger":"task.stdout"}
{"timestamp":"2026-06-11T11:22:26.616889Z","level":"info","event":"\u001b[32m✅ 762426 байт","logger":"task.stdout"}
{"timestamp":"2026-06-11T11:22:26.895613Z","level":"info","event":"\u001b[32m   267 параграфов, 17053 символов","logger":"task.stdout"}
{"timestamp":"2026-06-11T11:22:27.103633Z","level":"info","event":"\u001b[36m💾 181_как_заработать_на_акциях.json","logger":"task.stdout"}
{"timestamp":"2026-06-11T11:22:27.108656Z","level":"info","event":"\u001b[32m✅ Статья #181: Как заработать на акциях","logger":"task.stdout"}
{"timestamp":"2026-06-11T11:22:27.109657Z","level":"info","event":"\u001b[32m   Новых ссылок: 7","logger":"task.stdout"}
{"timestamp":"2026-06-11T11:22:27.110436Z","level":"info","event":"","logger":"task.stdout"}
{"timestamp":"2026-06-11T11:22:27.111105Z","level":"info","event":"\u001b[36m      [Глубина 3/4] https://www.tbank.ru/invest/help/educate/how-it-works/ways-to-invest/stocks-profit/?card=q1","logger":"task.stdout"}
{"timestamp":"2026-06-11T11:22:27.112410Z","level":"error","event":"\r                                                          \u001b[A","logger":"task.stderr"}
{"timestamp":"2026-06-11T11:22:27.112936Z","level":"error","event":"\rФильтрация ссылок:   0%|          | 0/388 [00:00<?, ?it/s]\u001b[A","logger":"task.stderr"}
{"timestamp":"2026-06-11T11:22:27.968536Z","level":"info","event":"\u001b[33m⬇️  https://www.tbank.ru/invest/help/educate/how-it-works/ways-to-invest/stocks-profit/?card=q1","logger":"task.stdout"}
{"timestamp":"2026-06-11T11:22:28.955041Z","level":"info","event":"\u001b[32m✅ 762254 байт","logger":"task.stdout"}
{"timestamp":"2026-06-11T11:22:29.076104Z","level":"info","event":"\u001b[32m   267 параграфов, 17053 символов","logger":"task.stdout"}
{"timestamp":"2026-06-11T11:22:29.079393Z","level":"info","event":"\u001b[36m💾 182_как_заработать_на_акциях.json","logger":"task.stdout"}
{"timestamp":"2026-06-11T11:22:29.082148Z","level":"info","event":"\u001b[32m✅ Статья #182: Как заработать на акциях","logger":"task.stdout"}
{"timestamp":"2026-06-11T11:22:29.085031Z","level":"error","event":"\r                                                          \u001b[A","logger":"task.stderr"}
{"timestamp":"2026-06-11T11:22:29.092901Z","level":"error","event":"\rФильтрация ссылок:   0%|          | 0/388 [00:00<?, ?it/s]\u001b[A","logger":"task.stderr"}
{"timestamp":"2026-06-11T11:22:29.093108Z","level":"info","event":"\u001b[32m   Новых ссылок: 6","logger":"task.stdout"}
{"timestamp":"2026-06-11T11:22:29.093250Z","level":"info","event":"","logger":"task.stdout"}
{"timestamp":"2026-06-11T11:22:29.093361Z","level":"info","event":"\u001b[36m        [Глубина 4/4] https://www.tbank.ru/invest/help/brokerage/account/trade-on-bs/buy-n-sell/?card=q5","logger":"task.stdout"}
{"timestamp":"2026-06-11T11:22:30.095219Z","level":"info","event":"\u001b[33m⬇️  https://www.tbank.ru/invest/help/brokerage/account/trade-on-bs/buy-n-sell/?card=q5","logger":"task.stdout"}
{"timestamp":"2026-06-11T11:22:31.216878Z","level":"info","event":"\u001b[32m✅ 806590 байт","logger":"task.stdout"}
{"timestamp":"2026-06-11T11:22:31.303881Z","level":"info","event":"\u001b[32m   261 параграфов, 17456 символов","logger":"task.stdout"}
{"timestamp":"2026-06-11T11:22:31.307311Z","level":"info","event":"\u001b[36m💾 183_как_покупать_и_продавать_ценные_бумаги_и_валюту.json","logger":"task.stdout"}
{"timestamp":"2026-06-11T11:22:31.307489Z","level":"info","event":"\u001b[32m✅ Статья #183: Как покупать и продавать ценные бумаги и валюту","logger":"task.stdout"}
{"timestamp":"2026-06-11T11:22:31.307548Z","level":"info","event":"","logger":"task.stdout"}
{"timestamp":"2026-06-11T11:22:31.307653Z","level":"info","event":"\u001b[36m        [Глубина 4/4] https://www.tbank.ru/invest/help/educate/how-it-works/what-is-exchange/type-of-securities/?card=q2","logger":"task.stdout"}
{"timestamp":"2026-06-11T11:22:32.314517Z","level":"info","event":"\u001b[33m⬇️  https://www.tbank.ru/invest/help/educate/how-it-works/what-is-exchange/type-of-securities/?card=q2","logger":"task.stdout"}
{"timestamp":"2026-06-11T11:23:07.225843Z","level":"info","event":"\u001b[31m❌ HTTPSConnectionPool(host='www.tbank.ru', port=443): Max retries exceeded with url: /invest/help/educ","logger":"task.stdout"}
{"timestamp":"2026-06-11T11:23:07.231158Z","level":"info","event":"","logger":"task.stdout"}
{"timestamp":"2026-06-11T11:23:07.231426Z","level":"info","event":"\u001b[36m        [Глубина 4/4] https://www.tbank.ru/invest/help/educate/how-it-works/ways-to-invest/stocks-profit/?card=q5","logger":"task.stdout"}
{"timestamp":"2026-06-11T11:23:08.239081Z","level":"info","event":"\u001b[33m⬇️  https://www.tbank.ru/invest/help/educate/how-it-works/ways-to-invest/stocks-profit/?card=q5","logger":"task.stdout"}
{"timestamp":"2026-06-11T11:23:08.532092Z","level":"info","event":"\u001b[31m❌ HTTPSConnectionPool(host='www.tbank.ru', port=443): Max retries exceeded with url: /invest/help/educ","logger":"task.stdout"}
{"timestamp":"2026-06-11T11:23:08.532649Z","level":"info","event":"","logger":"task.stdout"}
{"timestamp":"2026-06-11T11:23:08.533443Z","level":"info","event":"\u001b[36m        [Глубина 4/4] https://www.tbank.ru/invest/help/educate/how-it-works/ways-to-invest/stocks-profit/?card=q4","logger":"task.stdout"}
{"timestamp":"2026-06-11T11:23:09.442966Z","level":"info","event":"\u001b[33m⬇️  https://www.tbank.ru/invest/help/educate/how-it-works/ways-to-invest/stocks-profit/?card=q4","logger":"task.stdout"}
{"timestamp":"2026-06-11T11:23:10.962640Z","level":"info","event":"\u001b[32m✅ 762506 байт","logger":"task.stdout"}
{"timestamp":"2026-06-11T11:23:11.294914Z","level":"info","event":"\u001b[32m   267 параграфов, 17053 символов","logger":"task.stdout"}
{"timestamp":"2026-06-11T11:23:11.314665Z","level":"info","event":"\u001b[36m💾 184_как_заработать_на_акциях.json","logger":"task.stdout"}
{"timestamp":"2026-06-11T11:23:11.315937Z","level":"info","event":"\u001b[32m✅ Статья #184: Как заработать на акциях","logger":"task.stdout"}
{"timestamp":"2026-06-11T11:23:11.317637Z","level":"info","event":"","logger":"task.stdout"}
{"timestamp":"2026-06-11T11:23:11.318150Z","level":"info","event":"\u001b[36m        [Глубина 4/4] https://www.tbank.ru/invest/help/educate/how-it-works/ways-to-invest/stocks-profit/?card=q2","logger":"task.stdout"}
{"timestamp":"2026-06-11T11:23:12.327284Z","level":"info","event":"\u001b[33m⬇️  https://www.tbank.ru/invest/help/educate/how-it-works/ways-to-invest/stocks-profit/?card=q2","logger":"task.stdout"}
{"timestamp":"2026-06-11T11:23:13.408900Z","level":"info","event":"\u001b[32m✅ 762283 байт","logger":"task.stdout"}
{"timestamp":"2026-06-11T11:23:13.976586Z","level":"info","event":"\u001b[32m   267 параграфов, 17053 символов","logger":"task.stdout"}
{"timestamp":"2026-06-11T11:23:13.987370Z","level":"info","event":"\u001b[36m💾 185_как_заработать_на_акциях.json","logger":"task.stdout"}
{"timestamp":"2026-06-11T11:23:13.988298Z","level":"info","event":"\u001b[32m✅ Статья #185: Как заработать на акциях","logger":"task.stdout"}
{"timestamp":"2026-06-11T11:23:13.993684Z","level":"info","event":"","logger":"task.stdout"}
{"timestamp":"2026-06-11T11:23:13.997070Z","level":"info","event":"\u001b[36m        [Глубина 4/4] https://www.tbank.ru/invest/help/educate/how-it-works/ways-to-invest/stocks-profit/?card=q6","logger":"task.stdout"}
{"timestamp":"2026-06-11T11:23:15.007476Z","level":"info","event":"\u001b[33m⬇️  https://www.tbank.ru/invest/help/educate/how-it-works/ways-to-invest/stocks-profit/?card=q6","logger":"task.stdout"}
{"timestamp":"2026-06-11T11:23:16.219581Z","level":"info","event":"\u001b[32m✅ 762764 байт","logger":"task.stdout"}
{"timestamp":"2026-06-11T11:23:16.477281Z","level":"info","event":"\u001b[32m   267 параграфов, 17053 символов","logger":"task.stdout"}
{"timestamp":"2026-06-11T11:23:16.491396Z","level":"info","event":"\u001b[36m💾 186_как_заработать_на_акциях.json","logger":"task.stdout"}
{"timestamp":"2026-06-11T11:23:16.492343Z","level":"info","event":"\u001b[32m✅ Статья #186: Как заработать на акциях","logger":"task.stdout"}
{"timestamp":"2026-06-11T11:23:16.494517Z","level":"info","event":"","logger":"task.stdout"}
{"timestamp":"2026-06-11T11:23:16.495080Z","level":"info","event":"\u001b[36m    [Глубина 2/4] https://www.tbank.ru/invest/help/educate/how-it-works/ways-to-invest/dividend-yield/?card=q8","logger":"task.stdout"}
{"timestamp":"2026-06-11T11:23:17.543947Z","level":"info","event":"\u001b[33m⬇️  https://www.tbank.ru/invest/help/educate/how-it-works/ways-to-invest/dividend-yield/?card=q8","logger":"task.stdout"}
{"timestamp":"2026-06-11T11:23:18.621151Z","level":"info","event":"\u001b[32m✅ 875552 байт","logger":"task.stdout"}
{"timestamp":"2026-06-11T11:23:19.181413Z","level":"info","event":"\u001b[32m   296 параграфов, 24092 символов","logger":"task.stdout"}
{"timestamp":"2026-06-11T11:23:19.184539Z","level":"info","event":"\u001b[36m💾 187_дивидендный_доход_по_акциям.json","logger":"task.stdout"}
{"timestamp":"2026-06-11T11:23:19.185220Z","level":"info","event":"\u001b[32m✅ Статья #187: Дивидендный доход по акциям","logger":"task.stdout"}
{"timestamp":"2026-06-11T11:23:19.185589Z","level":"info","event":"\u001b[32m   Новых ссылок: 13","logger":"task.stdout"}
{"timestamp":"2026-06-11T11:23:19.185981Z","level":"info","event":"","logger":"task.stdout"}
{"timestamp":"2026-06-11T11:23:19.186456Z","level":"info","event":"\u001b[36m      [Глубина 3/4] https://www.tbank.ru/invest/help/educate/how-it-works/ways-to-invest/dividend-yield/?card=q1","logger":"task.stdout"}
{"timestamp":"2026-06-11T11:23:19.186970Z","level":"error","event":"\r                                                          \u001b[A","logger":"task.stderr"}
{"timestamp":"2026-06-11T11:23:19.187139Z","level":"error","event":"\rФильтрация ссылок:   0%|          | 0/396 [00:00<?, ?it/s]\u001b[A","logger":"task.stderr"}
{"timestamp":"2026-06-11T11:23:20.134303Z","level":"info","event":"\u001b[33m⬇️  https://www.tbank.ru/invest/help/educate/how-it-works/ways-to-invest/dividend-yield/?card=q1","logger":"task.stdout"}
{"timestamp":"2026-06-11T11:23:21.900102Z","level":"info","event":"\u001b[32m✅ 874759 байт","logger":"task.stdout"}
{"timestamp":"2026-06-11T11:23:22.459693Z","level":"info","event":"\u001b[32m   296 параграфов, 24092 символов","logger":"task.stdout"}
{"timestamp":"2026-06-11T11:23:22.497829Z","level":"info","event":"\u001b[36m💾 188_дивидендный_доход_по_акциям.json","logger":"task.stdout"}
{"timestamp":"2026-06-11T11:23:22.498879Z","level":"info","event":"\u001b[32m✅ Статья #188: Дивидендный доход по акциям","logger":"task.stdout"}
{"timestamp":"2026-06-11T11:23:22.510416Z","level":"error","event":"\r                                                          \u001b[A","logger":"task.stderr"}
{"timestamp":"2026-06-11T11:23:22.615293Z","level":"error","event":"\rФильтрация ссылок:   0%|          | 0/396 [00:00<?, ?it/s]\u001b[A","logger":"task.stderr"}
{"timestamp":"2026-06-11T11:23:22.636478Z","level":"error","event":"\rФильтрация ссылок:  73%|███████▎  | 288/396 [00:00<00:00, 2878.05it/s]\u001b[A","logger":"task.stderr"}
{"timestamp":"2026-06-11T11:23:22.640044Z","level":"info","event":"\u001b[32m   Новых ссылок: 12","logger":"task.stdout"}
{"timestamp":"2026-06-11T11:23:22.640992Z","level":"info","event":"","logger":"task.stdout"}
{"timestamp":"2026-06-11T11:23:22.641836Z","level":"info","event":"\u001b[36m        [Глубина 4/4] https://www.tbank.ru/invest/help/brokerage/account/trade-on-bs/withdraw-money/?card=q1","logger":"task.stdout"}
{"timestamp":"2026-06-11T11:23:23.653645Z","level":"info","event":"\u001b[33m⬇️  https://www.tbank.ru/invest/help/brokerage/account/trade-on-bs/withdraw-money/?card=q1","logger":"task.stdout"}
{"timestamp":"2026-06-11T11:23:24.807622Z","level":"info","event":"\u001b[32m✅ 960288 байт","logger":"task.stdout"}
{"timestamp":"2026-06-11T11:23:25.226236Z","level":"info","event":"\u001b[32m   356 параграфов, 25011 символов","logger":"task.stdout"}
{"timestamp":"2026-06-11T11:23:25.229349Z","level":"info","event":"\u001b[36m💾 189_как_вывести_деньги_с_брокерского_счета.json","logger":"task.stdout"}
{"timestamp":"2026-06-11T11:23:25.229957Z","level":"info","event":"\u001b[32m✅ Статья #189: Как вывести деньги с брокерского счета","logger":"task.stdout"}
{"timestamp":"2026-06-11T11:23:25.230474Z","level":"info","event":"","logger":"task.stdout"}
{"timestamp":"2026-06-11T11:23:25.230918Z","level":"info","event":"\u001b[36m        [Глубина 4/4] https://www.tbank.ru/invest/help/educate/tax-issues/about/taxes-briefly/?card=q3","logger":"task.stdout"}
{"timestamp":"2026-06-11T11:23:26.229382Z","level":"info","event":"\u001b[33m⬇️  https://www.tbank.ru/invest/help/educate/tax-issues/about/taxes-briefly/?card=q3","logger":"task.stdout"}
{"timestamp":"2026-06-11T11:23:27.561368Z","level":"info","event":"\u001b[32m✅ 739735 байт","logger":"task.stdout"}
{"timestamp":"2026-06-11T11:23:27.772851Z","level":"info","event":"\u001b[32m   283 параграфов, 16474 символов","logger":"task.stdout"}
{"timestamp":"2026-06-11T11:23:27.788038Z","level":"info","event":"\u001b[36m💾 190_налог_на_доход_от_торговли_ценными_бумагами.json","logger":"task.stdout"}
{"timestamp":"2026-06-11T11:23:27.790018Z","level":"info","event":"\u001b[32m✅ Статья #190: Налог на доход от торговли ценными бумагами","logger":"task.stdout"}
{"timestamp":"2026-06-11T11:23:28.271610Z","level":"info","event":"","logger":"task.stdout"}
{"timestamp":"2026-06-11T11:23:28.272225Z","level":"info","event":"\u001b[33m💾 Checkpoint: 190 статей (25.8/мин)","logger":"task.stdout"}
{"timestamp":"2026-06-11T11:23:28.272572Z","level":"info","event":"","logger":"task.stdout"}
{"timestamp":"2026-06-11T11:23:28.274794Z","level":"info","event":"","logger":"task.stdout"}
{"timestamp":"2026-06-11T11:23:28.274936Z","level":"info","event":"\u001b[36m        [Глубина 4/4] https://www.tbank.ru/invest/help/educate/how-it-works/ways-to-invest/dividend-yield/?card=q9","logger":"task.stdout"}
{"timestamp":"2026-06-11T11:23:29.301541Z","level":"info","event":"\u001b[33m⬇️  https://www.tbank.ru/invest/help/educate/how-it-works/ways-to-invest/dividend-yield/?card=q9","logger":"task.stdout"}
{"timestamp":"2026-06-11T11:23:30.587556Z","level":"info","event":"\u001b[32m✅ 875067 байт","logger":"task.stdout"}
{"timestamp":"2026-06-11T11:23:38.261004Z","level":"info","event":"\u001b[32m   296 параграфов, 24092 символов","logger":"task.stdout"}
{"timestamp":"2026-06-11T11:23:38.271143Z","level":"info","event":"\u001b[36m💾 191_дивидендный_доход_по_акциям.json","logger":"task.stdout"}
{"timestamp":"2026-06-11T11:23:38.271819Z","level":"info","event":"\u001b[32m✅ Статья #191: Дивидендный доход по акциям","logger":"task.stdout"}
{"timestamp":"2026-06-11T11:23:38.272212Z","level":"info","event":"","logger":"task.stdout"}
{"timestamp":"2026-06-11T11:23:38.272394Z","level":"info","event":"\u001b[36m        [Глубина 4/4] https://www.tbank.ru/invest/help/educate/how-it-works/ways-to-invest/dividend-yield/?card=q3","logger":"task.stdout"}
{"timestamp":"2026-06-11T11:23:38.274206Z","level":"info","event":"\u001b[33m⬇️  https://www.tbank.ru/invest/help/educate/how-it-works/ways-to-invest/dividend-yield/?card=q3","logger":"task.stdout"}
{"timestamp":"2026-06-11T11:23:38.274955Z","level":"info","event":"\u001b[32m✅ 874779 байт","logger":"task.stdout"}
{"timestamp":"2026-06-11T11:23:38.275364Z","level":"info","event":"\u001b[32m   296 параграфов, 24092 символов","logger":"task.stdout"}
{"timestamp":"2026-06-11T11:23:38.275721Z","level":"info","event":"\u001b[36m💾 192_дивидендный_доход_по_акциям.json","logger":"task.stdout"}
{"timestamp":"2026-06-11T11:23:38.276002Z","level":"info","event":"\u001b[32m✅ Статья #192: Дивидендный доход по акциям","logger":"task.stdout"}
{"timestamp":"2026-06-11T11:23:38.276304Z","level":"info","event":"","logger":"task.stdout"}
{"timestamp":"2026-06-11T11:23:38.276636Z","level":"info","event":"\u001b[36m        [Глубина 4/4] https://www.tbank.ru/invest/help/educate/how-it-works/ways-to-invest/dividend-yield/?card=q6","logger":"task.stdout"}
{"timestamp":"2026-06-11T11:23:38.277919Z","level":"info","event":"\u001b[33m⬇️  https://www.tbank.ru/invest/help/educate/how-it-works/ways-to-invest/dividend-yield/?card=q6","logger":"task.stdout"}
{"timestamp":"2026-06-11T11:23:38.278355Z","level":"info","event":"\u001b[32m✅ 875089 байт","logger":"task.stdout"}
{"timestamp":"2026-06-11T11:23:38.278864Z","level":"info","event":"\u001b[32m   296 параграфов, 24092 символов","logger":"task.stdout"}
{"timestamp":"2026-06-11T11:23:38.279377Z","level":"info","event":"\u001b[36m💾 193_дивидендный_доход_по_акциям.json","logger":"task.stdout"}
{"timestamp":"2026-06-11T11:23:38.280452Z","level":"info","event":"\u001b[32m✅ Статья #193: Дивидендный доход по акциям","logger":"task.stdout"}
{"timestamp":"2026-06-11T11:23:38.281496Z","level":"info","event":"","logger":"task.stdout"}
{"timestamp":"2026-06-11T11:23:38.282549Z","level":"info","event":"\u001b[36m        [Глубина 4/4] https://www.tbank.ru/invest/help/educate/how-it-works/ways-to-invest/dividend-yield/?card=q2","logger":"task.stdout"}
{"timestamp":"2026-06-11T11:23:38.283822Z","level":"info","event":"\u001b[33m⬇️  https://www.tbank.ru/invest/help/educate/how-it-works/ways-to-invest/dividend-yield/?card=q2","logger":"task.stdout"}
{"timestamp":"2026-06-11T11:23:38.744279Z","level":"info","event":"\u001b[32m✅ 875132 байт","logger":"task.stdout"}
{"timestamp":"2026-06-11T11:23:38.937194Z","level":"info","event":"\u001b[32m   296 параграфов, 24092 символов","logger":"task.stdout"}
{"timestamp":"2026-06-11T11:23:38.943851Z","level":"info","event":"\u001b[36m💾 194_дивидендный_доход_по_акциям.json","logger":"task.stdout"}
{"timestamp":"2026-06-11T11:23:38.944218Z","level":"info","event":"\u001b[32m✅ Статья #194: Дивидендный доход по акциям","logger":"task.stdout"}
{"timestamp":"2026-06-11T11:23:38.944362Z","level":"info","event":"","logger":"task.stdout"}
{"timestamp":"2026-06-11T11:23:38.944574Z","level":"info","event":"\u001b[36m        [Глубина 4/4] https://www.tbank.ru/invest/help/educate/how-it-works/ways-to-invest/dividend-yield/?card=q7","logger":"task.stdout"}
{"timestamp":"2026-06-11T11:23:39.954543Z","level":"info","event":"\u001b[33m⬇️  https://www.tbank.ru/invest/help/educate/how-it-works/ways-to-invest/dividend-yield/?card=q7","logger":"task.stdout"}
{"timestamp":"2026-06-11T11:23:40.811884Z","level":"info","event":"\u001b[32m✅ 875018 байт","logger":"task.stdout"}
{"timestamp":"2026-06-11T11:23:40.946910Z","level":"info","event":"\u001b[32m   296 параграфов, 24092 символов","logger":"task.stdout"}
{"timestamp":"2026-06-11T11:23:40.954454Z","level":"info","event":"\u001b[36m💾 195_дивидендный_доход_по_акциям.json","logger":"task.stdout"}
{"timestamp":"2026-06-11T11:23:40.954573Z","level":"info","event":"\u001b[32m✅ Статья #195: Дивидендный доход по акциям","logger":"task.stdout"}
{"timestamp":"2026-06-11T11:23:40.954703Z","level":"info","event":"","logger":"task.stdout"}
{"timestamp":"2026-06-11T11:23:40.954801Z","level":"info","event":"\u001b[36m        [Глубина 4/4] https://www.tbank.ru/invest/help/educate/how-it-works/what-is-exchange/trading-modes/?card=q1","logger":"task.stdout"}
{"timestamp":"2026-06-11T11:23:41.984819Z","level":"info","event":"\u001b[33m⬇️  https://www.tbank.ru/invest/help/educate/how-it-works/what-is-exchange/trading-modes/?card=q1","logger":"task.stdout"}
{"timestamp":"2026-06-11T11:23:43.005534Z","level":"info","event":"\u001b[32m✅ 696807 байт","logger":"task.stdout"}
{"timestamp":"2026-06-11T11:23:43.193222Z","level":"info","event":"\u001b[32m   254 параграфов, 14664 символов","logger":"task.stdout"}
{"timestamp":"2026-06-11T11:23:43.201689Z","level":"info","event":"\u001b[36m💾 196_режимы_торгов.json","logger":"task.stdout"}
{"timestamp":"2026-06-11T11:23:43.201930Z","level":"info","event":"\u001b[32m✅ Статья #196: Режимы торгов","logger":"task.stdout"}
{"timestamp":"2026-06-11T11:23:43.202061Z","level":"info","event":"","logger":"task.stdout"}
{"timestamp":"2026-06-11T11:23:43.202199Z","level":"info","event":"\u001b[36m        [Глубина 4/4] https://www.tbank.ru/invest/help/educate/how-it-works/ways-to-invest/dividend-yield/?card=q4","logger":"task.stdout"}
{"timestamp":"2026-06-11T11:23:44.208166Z","level":"info","event":"\u001b[33m⬇️  https://www.tbank.ru/invest/help/educate/how-it-works/ways-to-invest/dividend-yield/?card=q4","logger":"task.stdout"}
{"timestamp":"2026-06-11T11:23:45.164250Z","level":"info","event":"\u001b[32m✅ 875434 байт","logger":"task.stdout"}
{"timestamp":"2026-06-11T11:23:45.283789Z","level":"info","event":"\u001b[32m   296 параграфов, 24092 символов","logger":"task.stdout"}
{"timestamp":"2026-06-11T11:23:45.290467Z","level":"info","event":"\u001b[36m💾 197_дивидендный_доход_по_акциям.json","logger":"task.stdout"}
{"timestamp":"2026-06-11T11:23:45.290642Z","level":"info","event":"\u001b[32m✅ Статья #197: Дивидендный доход по акциям","logger":"task.stdout"}
{"timestamp":"2026-06-11T11:23:45.291765Z","level":"info","event":"","logger":"task.stdout"}
{"timestamp":"2026-06-11T11:23:45.292069Z","level":"info","event":"\u001b[36m        [Глубина 4/4] https://www.tbank.ru/invest/help/brokerage/iis/trade-on-iis/withdraw-money/","logger":"task.stdout"}
{"timestamp":"2026-06-11T11:23:46.300122Z","level":"info","event":"\u001b[33m⬇️  https://www.tbank.ru/invest/help/brokerage/iis/trade-on-iis/withdraw-money/","logger":"task.stdout"}
{"timestamp":"2026-06-11T11:23:46.647491Z","level":"info","event":"\u001b[32m✅ 768560 байт","logger":"task.stdout"}
{"timestamp":"2026-06-11T11:23:46.722686Z","level":"info","event":"\u001b[32m   277 параграфов, 17851 символов","logger":"task.stdout"}
{"timestamp":"2026-06-11T11:23:46.728869Z","level":"info","event":"\u001b[36m💾 198_как_вывести_деньги_с_иис.json","logger":"task.stdout"}
{"timestamp":"2026-06-11T11:23:46.729259Z","level":"info","event":"\u001b[32m✅ Статья #198: Как вывести деньги с ИИС","logger":"task.stdout"}
{"timestamp":"2026-06-11T11:23:46.729398Z","level":"info","event":"","logger":"task.stdout"}
{"timestamp":"2026-06-11T11:23:46.729506Z","level":"info","event":"\u001b[36m        [Глубина 4/4] https://www.tbank.ru/invest/help/brokerage/account/trade-on-bs/withdraw-money/?card=q5","logger":"task.stdout"}
{"timestamp":"2026-06-11T11:23:47.733866Z","level":"info","event":"\u001b[33m⬇️  https://www.tbank.ru/invest/help/brokerage/account/trade-on-bs/withdraw-money/?card=q5","logger":"task.stdout"}
{"timestamp":"2026-06-11T11:23:48.001258Z","level":"info","event":"\u001b[32m✅ 960510 байт","logger":"task.stdout"}
{"timestamp":"2026-06-11T11:23:48.505623Z","level":"info","event":"\u001b[32m   356 параграфов, 25011 символов","logger":"task.stdout"}
{"timestamp":"2026-06-11T11:23:48.509578Z","level":"info","event":"\u001b[36m💾 199_как_вывести_деньги_с_брокерского_счета.json","logger":"task.stdout"}
{"timestamp":"2026-06-11T11:23:48.509870Z","level":"info","event":"\u001b[32m✅ Статья #199: Как вывести деньги с брокерского счета","logger":"task.stdout"}
{"timestamp":"2026-06-11T11:23:48.509984Z","level":"info","event":"","logger":"task.stdout"}
{"timestamp":"2026-06-11T11:23:48.510093Z","level":"info","event":"\u001b[36m        [Глубина 4/4] https://www.tbank.ru/invest/help/brokerage/account/strategy/turn-on/?card=q2","logger":"task.stdout"}
{"timestamp":"2026-06-11T11:23:49.514542Z","level":"info","event":"\u001b[33m⬇️  https://www.tbank.ru/invest/help/brokerage/account/strategy/turn-on/?card=q2","logger":"task.stdout"}
{"timestamp":"2026-06-11T11:23:50.373612Z","level":"info","event":"\u001b[32m✅ 763023 байт","logger":"task.stdout"}
{"timestamp":"2026-06-11T11:23:50.513512Z","level":"info","event":"\u001b[32m   266 параграфов, 15586 символов","logger":"task.stdout"}
{"timestamp":"2026-06-11T11:23:50.521167Z","level":"info","event":"\u001b[36m💾 200_как_подключить_и_отключить_автоследование_в_т_инвестициях.json","logger":"task.stdout"}
{"timestamp":"2026-06-11T11:23:50.521804Z","level":"info","event":"\u001b[32m✅ Статья #200: Как подключить и отключить автоследование в Т⁠-⁠Ин","logger":"task.stdout"}
{"timestamp":"2026-06-11T11:23:50.875373Z","level":"info","event":"","logger":"task.stdout"}
{"timestamp":"2026-06-11T11:23:50.875699Z","level":"info","event":"\u001b[33m💾 Checkpoint: 200 статей (25.9/мин)","logger":"task.stdout"}
{"timestamp":"2026-06-11T11:23:50.875894Z","level":"info","event":"","logger":"task.stdout"}
{"timestamp":"2026-06-11T11:23:50.875972Z","level":"info","event":"","logger":"task.stdout"}
{"timestamp":"2026-06-11T11:23:50.876067Z","level":"info","event":"\u001b[36m    [Глубина 2/4] https://www.tbank.ru/invest/help/educate/how-it-works/ways-to-invest/coupon-yield/?card=q5","logger":"task.stdout"}
{"timestamp":"2026-06-11T11:23:51.881935Z","level":"info","event":"\u001b[33m⬇️  https://www.tbank.ru/invest/help/educate/how-it-works/ways-to-invest/coupon-yield/?card=q5","logger":"task.stdout"}
{"timestamp":"2026-06-11T11:23:52.675053Z","level":"info","event":"\u001b[32m✅ 752011 байт","logger":"task.stdout"}
{"timestamp":"2026-06-11T11:23:52.855150Z","level":"info","event":"\u001b[32m   269 параграфов, 15475 символов","logger":"task.stdout"}
{"timestamp":"2026-06-11T11:23:52.865522Z","level":"info","event":"\u001b[36m💾 201_купонный_доход_по_облигациям.json","logger":"task.stdout"}
{"timestamp":"2026-06-11T11:23:52.868911Z","level":"info","event":"\u001b[32m✅ Статья #201: Купонный доход по облигациям","logger":"task.stdout"}
{"timestamp":"2026-06-11T11:23:52.875521Z","level":"error","event":"\r                                                                      \u001b[A","logger":"task.stderr"}
{"timestamp":"2026-06-11T11:23:52.891311Z","level":"error","event":"\rФильтрация ссылок:   0%|          | 0/390 [00:00<?, ?it/s]\u001b[A","logger":"task.stderr"}
{"timestamp":"2026-06-11T11:23:52.891994Z","level":"info","event":"\u001b[32m   Новых ссылок: 4","logger":"task.stdout"}
{"timestamp":"2026-06-11T11:23:52.892182Z","level":"info","event":"","logger":"task.stdout"}
{"timestamp":"2026-06-11T11:23:52.892472Z","level":"info","event":"\u001b[36m      [Глубина 3/4] https://www.tbank.ru/invest/help/educate/how-it-works/ways-to-invest/coupon-yield/?card=q3","logger":"task.stdout"}
{"timestamp":"2026-06-11T11:23:53.895895Z","level":"info","event":"\u001b[33m⬇️  https://www.tbank.ru/invest/help/educate/how-it-works/ways-to-invest/coupon-yield/?card=q3","logger":"task.stdout"}
{"timestamp":"2026-06-11T11:23:54.897577Z","level":"info","event":"\u001b[32m✅ 752451 байт","logger":"task.stdout"}
{"timestamp":"2026-06-11T11:23:55.257563Z","level":"info","event":"\u001b[32m   269 параграфов, 15475 символов","logger":"task.stdout"}
{"timestamp":"2026-06-11T11:23:55.271126Z","level":"info","event":"\u001b[36m💾 202_купонный_доход_по_облигациям.json","logger":"task.stdout"}
{"timestamp":"2026-06-11T11:23:55.272385Z","level":"info","event":"\u001b[32m✅ Статья #202: Купонный доход по облигациям","logger":"task.stdout"}
{"timestamp":"2026-06-11T11:23:55.286723Z","level":"error","event":"\r                                                          \u001b[A","logger":"task.stderr"}
{"timestamp":"2026-06-11T11:23:55.343756Z","level":"error","event":"\rФильтрация ссылок:   0%|          | 0/390 [00:00<?, ?it/s]\u001b[A","logger":"task.stderr"}
{"timestamp":"2026-06-11T11:23:55.344673Z","level":"info","event":"\u001b[32m   Новых ссылок: 3","logger":"task.stdout"}
{"timestamp":"2026-06-11T11:23:55.345251Z","level":"info","event":"","logger":"task.stdout"}
{"timestamp":"2026-06-11T11:23:55.345863Z","level":"info","event":"\u001b[36m        [Глубина 4/4] https://www.tbank.ru/invest/help/educate/how-it-works/ways-to-invest/coupon-yield/?card=q2","logger":"task.stdout"}
{"timestamp":"2026-06-11T11:23:56.349182Z","level":"info","event":"\u001b[33m⬇️  https://www.tbank.ru/invest/help/educate/how-it-works/ways-to-invest/coupon-yield/?card=q2","logger":"task.stdout"}
{"timestamp":"2026-06-11T11:23:57.178523Z","level":"info","event":"\u001b[32m✅ 751864 байт","logger":"task.stdout"}
{"timestamp":"2026-06-11T11:23:57.296469Z","level":"info","event":"\u001b[32m   269 параграфов, 15475 символов","logger":"task.stdout"}
{"timestamp":"2026-06-11T11:23:57.299510Z","level":"info","event":"\u001b[36m💾 203_купонный_доход_по_облигациям.json","logger":"task.stdout"}
{"timestamp":"2026-06-11T11:23:57.299635Z","level":"info","event":"\u001b[32m✅ Статья #203: Купонный доход по облигациям","logger":"task.stdout"}
{"timestamp":"2026-06-11T11:23:57.299713Z","level":"info","event":"","logger":"task.stdout"}
{"timestamp":"2026-06-11T11:23:57.299787Z","level":"info","event":"\u001b[36m        [Глубина 4/4] https://www.tbank.ru/invest/help/educate/how-it-works/ways-to-invest/bonds-profit/?card=q6","logger":"task.stdout"}
{"timestamp":"2026-06-11T11:23:58.303090Z","level":"info","event":"\u001b[33m⬇️  https://www.tbank.ru/invest/help/educate/how-it-works/ways-to-invest/bonds-profit/?card=q6","logger":"task.stdout"}
{"timestamp":"2026-06-11T11:23:59.015729Z","level":"info","event":"\u001b[32m✅ 774225 байт","logger":"task.stdout"}
{"timestamp":"2026-06-11T11:23:59.193575Z","level":"info","event":"\u001b[32m   282 параграфов, 18043 символов","logger":"task.stdout"}
{"timestamp":"2026-06-11T11:23:59.206623Z","level":"info","event":"\u001b[36m💾 204_как_заработать_на_облигациях.json","logger":"task.stdout"}
{"timestamp":"2026-06-11T11:23:59.208100Z","level":"info","event":"\u001b[32m✅ Статья #204: Как заработать на облигациях","logger":"task.stdout"}
{"timestamp":"2026-06-11T11:23:59.209448Z","level":"info","event":"","logger":"task.stdout"}
{"timestamp":"2026-06-11T11:23:59.209877Z","level":"info","event":"\u001b[36m        [Глубина 4/4] https://www.tbank.ru/invest/help/educate/how-it-works/ways-to-invest/coupon-yield/?card=q4","logger":"task.stdout"}
{"timestamp":"2026-06-11T11:24:00.215943Z","level":"info","event":"\u001b[33m⬇️  https://www.tbank.ru/invest/help/educate/how-it-works/ways-to-invest/coupon-yield/?card=q4","logger":"task.stdout"}
{"timestamp":"2026-06-11T11:24:01.659937Z","level":"info","event":"\u001b[32m✅ 752204 байт","logger":"task.stdout"}
{"timestamp":"2026-06-11T11:24:01.812095Z","level":"info","event":"\u001b[32m   269 параграфов, 15475 символов","logger":"task.stdout"}
{"timestamp":"2026-06-11T11:24:01.823967Z","level":"info","event":"\u001b[36m💾 205_купонный_доход_по_облигациям.json","logger":"task.stdout"}
{"timestamp":"2026-06-11T11:24:01.824411Z","level":"info","event":"\u001b[32m✅ Статья #205: Купонный доход по облигациям","logger":"task.stdout"}
{"timestamp":"2026-06-11T11:24:01.824636Z","level":"info","event":"","logger":"task.stdout"}
{"timestamp":"2026-06-11T11:24:01.825186Z","level":"info","event":"\u001b[36m    [Глубина 2/4] https://www.tbank.ru/invest/help/educate/how-it-works/ways-to-invest/bonds-profit/?card=q5","logger":"task.stdout"}
{"timestamp":"2026-06-11T11:24:02.845691Z","level":"info","event":"\u001b[33m⬇️  https://www.tbank.ru/invest/help/educate/how-it-works/ways-to-invest/bonds-profit/?card=q5","logger":"task.stdout"}
{"timestamp":"2026-06-11T11:24:03.635768Z","level":"info","event":"\u001b[32m✅ 774028 байт","logger":"task.stdout"}
{"timestamp":"2026-06-11T11:24:03.761004Z","level":"info","event":"\u001b[32m   282 параграфов, 18043 символов","logger":"task.stdout"}
{"timestamp":"2026-06-11T11:24:03.767013Z","level":"info","event":"\u001b[36m💾 206_как_заработать_на_облигациях.json","logger":"task.stdout"}
{"timestamp":"2026-06-11T11:24:03.772216Z","level":"info","event":"\u001b[32m✅ Статья #206: Как заработать на облигациях","logger":"task.stdout"}
{"timestamp":"2026-06-11T11:24:03.775044Z","level":"error","event":"\r                                                          \u001b[A","logger":"task.stderr"}
{"timestamp":"2026-06-11T11:24:03.791433Z","level":"error","event":"\rФильтрация ссылок:   0%|          | 0/388 [00:00<?, ?it/s]\u001b[A","logger":"task.stderr"}
{"timestamp":"2026-06-11T11:24:03.791945Z","level":"info","event":"\u001b[32m   Новых ссылок: 3","logger":"task.stdout"}
{"timestamp":"2026-06-11T11:24:03.792055Z","level":"info","event":"","logger":"task.stdout"}
{"timestamp":"2026-06-11T11:24:03.792140Z","level":"info","event":"\u001b[36m      [Глубина 3/4] https://www.tbank.ru/invest/help/educate/how-it-works/ways-to-invest/bonds-profit/?card=q3","logger":"task.stdout"}
{"timestamp":"2026-06-11T11:24:04.832018Z","level":"info","event":"\u001b[33m⬇️  https://www.tbank.ru/invest/help/educate/how-it-works/ways-to-invest/bonds-profit/?card=q3","logger":"task.stdout"}
{"timestamp":"2026-06-11T11:24:05.846230Z","level":"info","event":"\u001b[32m✅ 774629 байт","logger":"task.stdout"}
{"timestamp":"2026-06-11T11:24:06.031377Z","level":"info","event":"\u001b[32m   282 параграфов, 18043 символов","logger":"task.stdout"}
{"timestamp":"2026-06-11T11:24:06.047702Z","level":"info","event":"\u001b[36m💾 207_как_заработать_на_облигациях.json","logger":"task.stdout"}
{"timestamp":"2026-06-11T11:24:06.051763Z","level":"info","event":"\u001b[32m✅ Статья #207: Как заработать на облигациях","logger":"task.stdout"}
{"timestamp":"2026-06-11T11:24:06.053434Z","level":"error","event":"\r                                                          \u001b[A","logger":"task.stderr"}
{"timestamp":"2026-06-11T11:24:06.069503Z","level":"error","event":"\rФильтрация ссылок:   0%|          | 0/388 [00:00<?, ?it/s]\u001b[A","logger":"task.stderr"}
{"timestamp":"2026-06-11T11:24:06.069833Z","level":"info","event":"\u001b[32m   Новых ссылок: 2","logger":"task.stdout"}
{"timestamp":"2026-06-11T11:24:06.069963Z","level":"info","event":"","logger":"task.stdout"}
{"timestamp":"2026-06-11T11:24:06.070115Z","level":"info","event":"\u001b[36m        [Глубина 4/4] https://www.tbank.ru/invest/help/brokerage/account/trade-on-bs/buy-n-sell/?card=q9","logger":"task.stdout"}
{"timestamp":"2026-06-11T11:24:07.075725Z","level":"info","event":"\u001b[33m⬇️  https://www.tbank.ru/invest/help/brokerage/account/trade-on-bs/buy-n-sell/?card=q9","logger":"task.stdout"}
{"timestamp":"2026-06-11T11:24:07.931331Z","level":"info","event":"\u001b[32m✅ 806053 байт","logger":"task.stdout"}
{"timestamp":"2026-06-11T11:24:08.186216Z","level":"info","event":"\u001b[32m   261 параграфов, 17456 символов","logger":"task.stdout"}
{"timestamp":"2026-06-11T11:24:08.195906Z","level":"info","event":"\u001b[36m💾 208_как_покупать_и_продавать_ценные_бумаги_и_валюту.json","logger":"task.stdout"}
{"timestamp":"2026-06-11T11:24:08.197049Z","level":"info","event":"\u001b[32m✅ Статья #208: Как покупать и продавать ценные бумаги и валюту","logger":"task.stdout"}
{"timestamp":"2026-06-11T11:24:08.197675Z","level":"info","event":"","logger":"task.stdout"}
{"timestamp":"2026-06-11T11:24:08.198543Z","level":"info","event":"\u001b[36m        [Глубина 4/4] https://www.tbank.ru/invest/help/educate/how-it-works/ways-to-invest/bonds-profit/?card=q4","logger":"task.stdout"}
{"timestamp":"2026-06-11T11:24:09.198523Z","level":"info","event":"\u001b[33m⬇️  https://www.tbank.ru/invest/help/educate/how-it-works/ways-to-invest/bonds-profit/?card=q4","logger":"task.stdout"}
{"timestamp":"2026-06-11T11:24:10.109849Z","level":"info","event":"\u001b[32m✅ 773994 байт","logger":"task.stdout"}
{"timestamp":"2026-06-11T11:24:10.232625Z","level":"info","event":"\u001b[32m   282 параграфов, 18043 символов","logger":"task.stdout"}
{"timestamp":"2026-06-11T11:24:10.240988Z","level":"info","event":"\u001b[36m💾 209_как_заработать_на_облигациях.json","logger":"task.stdout"}
{"timestamp":"2026-06-11T11:24:10.241180Z","level":"info","event":"\u001b[32m✅ Статья #209: Как заработать на облигациях","logger":"task.stdout"}
{"timestamp":"2026-06-11T11:24:10.241292Z","level":"info","event":"","logger":"task.stdout"}
{"timestamp":"2026-06-11T11:24:10.241401Z","level":"info","event":"\u001b[36m    [Глубина 2/4] https://www.tbank.ru/invest/help/educate/how-it-works/ways-to-invest/funds/?card=q10","logger":"task.stdout"}
{"timestamp":"2026-06-11T11:24:11.247925Z","level":"info","event":"\u001b[33m⬇️  https://www.tbank.ru/invest/help/educate/how-it-works/ways-to-invest/funds/?card=q10","logger":"task.stdout"}
{"timestamp":"2026-06-11T11:24:12.102131Z","level":"info","event":"\u001b[32m✅ 841516 байт","logger":"task.stdout"}
{"timestamp":"2026-06-11T11:24:12.279790Z","level":"info","event":"\u001b[32m   299 параграфов, 22380 символов","logger":"task.stdout"}
{"timestamp":"2026-06-11T11:24:12.284249Z","level":"info","event":"\u001b[36m💾 210_что_такое_фонды_etf_и_бпиф.json","logger":"task.stdout"}
{"timestamp":"2026-06-11T11:24:12.284410Z","level":"info","event":"\u001b[32m✅ Статья #210: Что такое фонды ETF и БПИФ","logger":"task.stdout"}
{"timestamp":"2026-06-11T11:24:12.735072Z","level":"info","event":"","logger":"task.stdout"}
{"timestamp":"2026-06-11T11:24:12.741932Z","level":"info","event":"\u001b[33m💾 Checkpoint: 210 статей (25.9/мин)","logger":"task.stdout"}
{"timestamp":"2026-06-11T11:24:12.742262Z","level":"info","event":"","logger":"task.stdout"}
{"timestamp":"2026-06-11T11:24:12.742929Z","level":"error","event":"\r                                                          \u001b[A","logger":"task.stderr"}
{"timestamp":"2026-06-11T11:24:12.750923Z","level":"error","event":"\rФильтрация ссылок:   0%|          | 0/395 [00:00<?, ?it/s]\u001b[A","logger":"task.stderr"}
{"timestamp":"2026-06-11T11:24:12.752027Z","level":"info","event":"\u001b[32m   Новых ссылок: 10","logger":"task.stdout"}
{"timestamp":"2026-06-11T11:24:12.752266Z","level":"info","event":"","logger":"task.stdout"}
{"timestamp":"2026-06-11T11:24:12.752443Z","level":"info","event":"\u001b[36m      [Глубина 3/4] https://www.tbank.ru/invest/help/educate/how-it-works/ways-to-invest/funds/?card=q5","logger":"task.stdout"}
{"timestamp":"2026-06-11T11:24:13.755291Z","level":"info","event":"\u001b[33m⬇️  https://www.tbank.ru/invest/help/educate/how-it-works/ways-to-invest/funds/?card=q5","logger":"task.stdout"}
{"timestamp":"2026-06-11T11:24:14.988055Z","level":"info","event":"\u001b[32m✅ 841877 байт","logger":"task.stdout"}
{"timestamp":"2026-06-11T11:24:15.168456Z","level":"info","event":"\u001b[32m   299 параграфов, 22380 символов","logger":"task.stdout"}
{"timestamp":"2026-06-11T11:24:15.171881Z","level":"info","event":"\u001b[36m💾 211_что_такое_фонды_etf_и_бпиф.json","logger":"task.stdout"}
{"timestamp":"2026-06-11T11:24:15.174720Z","level":"info","event":"\u001b[32m✅ Статья #211: Что такое фонды ETF и БПИФ","logger":"task.stdout"}
{"timestamp":"2026-06-11T11:24:15.177828Z","level":"info","event":"\u001b[32m   Новых ссылок: 9","logger":"task.stdout"}
{"timestamp":"2026-06-11T11:24:15.177965Z","level":"info","event":"","logger":"task.stdout"}
{"timestamp":"2026-06-11T11:24:15.178069Z","level":"info","event":"\u001b[36m        [Глубина 4/4] https://www.tbank.ru/invest/help/educate/how-it-works/ways-to-invest/funds/?card=q6","logger":"task.stdout"}
{"timestamp":"2026-06-11T11:24:15.178212Z","level":"error","event":"\r                                                          \u001b[A","logger":"task.stderr"}
{"timestamp":"2026-06-11T11:24:15.178287Z","level":"error","event":"\rФильтрация ссылок:   0%|          | 0/395 [00:00<?, ?it/s]\u001b[A","logger":"task.stderr"}
{"timestamp":"2026-06-11T11:24:16.188733Z","level":"info","event":"\u001b[33m⬇️  https://www.tbank.ru/invest/help/educate/how-it-works/ways-to-invest/funds/?card=q6","logger":"task.stdout"}
{"timestamp":"2026-06-11T11:24:17.115892Z","level":"info","event":"\u001b[32m✅ 841703 байт","logger":"task.stdout"}
{"timestamp":"2026-06-11T11:24:17.211941Z","level":"info","event":"\u001b[32m   299 параграфов, 22380 символов","logger":"task.stdout"}
{"timestamp":"2026-06-11T11:24:17.216783Z","level":"info","event":"\u001b[36m💾 212_что_такое_фонды_etf_и_бпиф.json","logger":"task.stdout"}
{"timestamp":"2026-06-11T11:24:17.216969Z","level":"info","event":"\u001b[32m✅ Статья #212: Что такое фонды ETF и БПИФ","logger":"task.stdout"}
{"timestamp":"2026-06-11T11:24:17.217152Z","level":"info","event":"","logger":"task.stdout"}
{"timestamp":"2026-06-11T11:24:17.217227Z","level":"info","event":"\u001b[36m        [Глубина 4/4] https://www.tbank.ru/invest/help/educate/how-it-works/ways-to-invest/funds/?card=q4","logger":"task.stdout"}
{"timestamp":"2026-06-11T11:24:18.226377Z","level":"info","event":"\u001b[33m⬇️  https://www.tbank.ru/invest/help/educate/how-it-works/ways-to-invest/funds/?card=q4","logger":"task.stdout"}
{"timestamp":"2026-06-11T11:24:19.226232Z","level":"info","event":"\u001b[32m✅ 841591 байт","logger":"task.stdout"}
{"timestamp":"2026-06-11T11:24:19.363903Z","level":"info","event":"\u001b[32m   299 параграфов, 22380 символов","logger":"task.stdout"}
{"timestamp":"2026-06-11T11:24:19.373153Z","level":"info","event":"\u001b[36m💾 213_что_такое_фонды_etf_и_бпиф.json","logger":"task.stdout"}
{"timestamp":"2026-06-11T11:24:19.373861Z","level":"info","event":"\u001b[32m✅ Статья #213: Что такое фонды ETF и БПИФ","logger":"task.stdout"}
{"timestamp":"2026-06-11T11:24:19.373950Z","level":"info","event":"","logger":"task.stdout"}
{"timestamp":"2026-06-11T11:24:19.374042Z","level":"info","event":"\u001b[36m        [Глубина 4/4] https://www.tbank.ru/invest/help/educate/how-it-works/ways-to-invest/funds/?card=q8","logger":"task.stdout"}
{"timestamp":"2026-06-11T11:24:20.380473Z","level":"info","event":"\u001b[33m⬇️  https://www.tbank.ru/invest/help/educate/how-it-works/ways-to-invest/funds/?card=q8","logger":"task.stdout"}
{"timestamp":"2026-06-11T11:24:21.624040Z","level":"info","event":"\u001b[32m✅ 841673 байт","logger":"task.stdout"}
{"timestamp":"2026-06-11T11:24:21.713656Z","level":"info","event":"\u001b[32m   299 параграфов, 22380 символов","logger":"task.stdout"}
{"timestamp":"2026-06-11T11:24:21.719609Z","level":"info","event":"\u001b[36m💾 214_что_такое_фонды_etf_и_бпиф.json","logger":"task.stdout"}
{"timestamp":"2026-06-11T11:24:21.719958Z","level":"info","event":"\u001b[32m✅ Статья #214: Что такое фонды ETF и БПИФ","logger":"task.stdout"}
{"timestamp":"2026-06-11T11:24:21.720116Z","level":"info","event":"","logger":"task.stdout"}
{"timestamp":"2026-06-11T11:24:21.720298Z","level":"info","event":"\u001b[36m        [Глубина 4/4] https://www.tbank.ru/invest/help/educate/high-risk/about/limited-funds/","logger":"task.stdout"}
{"timestamp":"2026-06-11T11:24:22.721963Z","level":"info","event":"\u001b[33m⬇️  https://www.tbank.ru/invest/help/educate/high-risk/about/limited-funds/","logger":"task.stdout"}
{"timestamp":"2026-06-11T11:24:23.002749Z","level":"info","event":"\u001b[32m✅ 712868 байт","logger":"task.stdout"}
{"timestamp":"2026-06-11T11:24:23.101838Z","level":"info","event":"\u001b[32m   251 параграфов, 13375 символов","logger":"task.stdout"}
{"timestamp":"2026-06-11T11:24:23.104938Z","level":"info","event":"\u001b[36m💾 215_закрытые_паевые_инвестиционные_фонды_зпиф.json","logger":"task.stdout"}
{"timestamp":"2026-06-11T11:24:23.105132Z","level":"info","event":"\u001b[32m✅ Статья #215: Закрытые паевые инвестиционные фонды (ЗПИФ)","logger":"task.stdout"}
{"timestamp":"2026-06-11T11:24:23.105285Z","level":"info","event":"","logger":"task.stdout"}
{"timestamp":"2026-06-11T11:24:23.105411Z","level":"info","event":"\u001b[36m        [Глубина 4/4] https://www.tbank.ru/invest/help/educate/how-it-works/ways-to-invest/funds/?card=q3","logger":"task.stdout"}
{"timestamp":"2026-06-11T11:24:24.106812Z","level":"info","event":"\u001b[33m⬇️  https://www.tbank.ru/invest/help/educate/how-it-works/ways-to-invest/funds/?card=q3","logger":"task.stdout"}
{"timestamp":"2026-06-11T11:24:24.965144Z","level":"info","event":"\u001b[32m✅ 842196 байт","logger":"task.stdout"}
{"timestamp":"2026-06-11T11:24:25.042655Z","level":"info","event":"\u001b[32m   299 параграфов, 22380 символов","logger":"task.stdout"}
{"timestamp":"2026-06-11T11:24:25.045494Z","level":"info","event":"\u001b[36m💾 216_что_такое_фонды_etf_и_бпиф.json","logger":"task.stdout"}
{"timestamp":"2026-06-11T11:24:25.045698Z","level":"info","event":"\u001b[32m✅ Статья #216: Что такое фонды ETF и БПИФ","logger":"task.stdout"}
{"timestamp":"2026-06-11T11:24:25.045781Z","level":"info","event":"","logger":"task.stdout"}
{"timestamp":"2026-06-11T11:24:25.045880Z","level":"info","event":"\u001b[36m        [Глубина 4/4] https://www.tbank.ru/invest/help/educate/how-it-works/ways-to-invest/funds/?card=q1","logger":"task.stdout"}
{"timestamp":"2026-06-11T11:24:26.050874Z","level":"info","event":"\u001b[33m⬇️  https://www.tbank.ru/invest/help/educate/how-it-works/ways-to-invest/funds/?card=q1","logger":"task.stdout"}
{"timestamp":"2026-06-11T11:24:27.066841Z","level":"info","event":"\u001b[32m✅ 841851 байт","logger":"task.stdout"}
{"timestamp":"2026-06-11T11:24:27.215207Z","level":"info","event":"\u001b[32m   299 параграфов, 22380 символов","logger":"task.stdout"}
{"timestamp":"2026-06-11T11:24:27.221385Z","level":"info","event":"\u001b[36m💾 217_что_такое_фонды_etf_и_бпиф.json","logger":"task.stdout"}
{"timestamp":"2026-06-11T11:24:27.222351Z","level":"info","event":"\u001b[32m✅ Статья #217: Что такое фонды ETF и БПИФ","logger":"task.stdout"}
{"timestamp":"2026-06-11T11:24:27.222854Z","level":"info","event":"","logger":"task.stdout"}
{"timestamp":"2026-06-11T11:24:27.223635Z","level":"info","event":"\u001b[36m        [Глубина 4/4] https://www.tbank.ru/invest/help/educate/how-it-works/ways-to-invest/funds/?card=q9","logger":"task.stdout"}
{"timestamp":"2026-06-11T11:24:28.231712Z","level":"info","event":"\u001b[33m⬇️  https://www.tbank.ru/invest/help/educate/how-it-works/ways-to-invest/funds/?card=q9","logger":"task.stdout"}
{"timestamp":"2026-06-11T11:24:29.246619Z","level":"info","event":"\u001b[32m✅ 841538 байт","logger":"task.stdout"}
{"timestamp":"2026-06-11T11:24:29.559682Z","level":"info","event":"\u001b[32m   299 параграфов, 22380 символов","logger":"task.stdout"}
{"timestamp":"2026-06-11T11:24:29.578756Z","level":"info","event":"\u001b[36m💾 218_что_такое_фонды_etf_и_бпиф.json","logger":"task.stdout"}
{"timestamp":"2026-06-11T11:24:29.579271Z","level":"info","event":"\u001b[32m✅ Статья #218: Что такое фонды ETF и БПИФ","logger":"task.stdout"}
{"timestamp":"2026-06-11T11:24:29.579808Z","level":"info","event":"","logger":"task.stdout"}
{"timestamp":"2026-06-11T11:24:29.580698Z","level":"info","event":"\u001b[36m        [Глубина 4/4] https://www.tbank.ru/invest/help/educate/how-it-works/ways-to-invest/funds/?card=q2","logger":"task.stdout"}
{"timestamp":"2026-06-11T11:24:30.590931Z","level":"info","event":"\u001b[33m⬇️  https://www.tbank.ru/invest/help/educate/how-it-works/ways-to-invest/funds/?card=q2","logger":"task.stdout"}
{"timestamp":"2026-06-11T11:24:31.646925Z","level":"info","event":"\u001b[32m✅ 841717 байт","logger":"task.stdout"}
{"timestamp":"2026-06-11T11:24:31.711718Z","level":"info","event":"\u001b[32m   299 параграфов, 22380 символов","logger":"task.stdout"}
{"timestamp":"2026-06-11T11:24:31.713967Z","level":"info","event":"\u001b[36m💾 219_что_такое_фонды_etf_и_бпиф.json","logger":"task.stdout"}
{"timestamp":"2026-06-11T11:24:31.714113Z","level":"info","event":"\u001b[32m✅ Статья #219: Что такое фонды ETF и БПИФ","logger":"task.stdout"}
{"timestamp":"2026-06-11T11:24:31.714189Z","level":"info","event":"","logger":"task.stdout"}
{"timestamp":"2026-06-11T11:24:31.714282Z","level":"info","event":"\u001b[36m        [Глубина 4/4] https://www.tbank.ru/invest/help/educate/how-it-works/ways-to-invest/funds/?card=q7","logger":"task.stdout"}
{"timestamp":"2026-06-11T11:24:32.715592Z","level":"info","event":"\u001b[33m⬇️  https://www.tbank.ru/invest/help/educate/how-it-works/ways-to-invest/funds/?card=q7","logger":"task.stdout"}
{"timestamp":"2026-06-11T11:24:33.797442Z","level":"info","event":"\u001b[32m✅ 841799 байт","logger":"task.stdout"}
{"timestamp":"2026-06-11T11:24:33.975939Z","level":"info","event":"\u001b[32m   299 параграфов, 22380 символов","logger":"task.stdout"}
{"timestamp":"2026-06-11T11:24:33.985601Z","level":"info","event":"\u001b[36m💾 220_что_такое_фонды_etf_и_бпиф.json","logger":"task.stdout"}
{"timestamp":"2026-06-11T11:24:33.986115Z","level":"info","event":"\u001b[32m✅ Статья #220: Что такое фонды ETF и БПИФ","logger":"task.stdout"}
{"timestamp":"2026-06-11T11:24:34.206827Z","level":"info","event":"","logger":"task.stdout"}
{"timestamp":"2026-06-11T11:24:34.207090Z","level":"info","event":"\u001b[33m💾 Checkpoint: 220 статей (26.0/мин)","logger":"task.stdout"}
{"timestamp":"2026-06-11T11:24:34.207254Z","level":"info","event":"","logger":"task.stdout"}
{"timestamp":"2026-06-11T11:24:34.207311Z","level":"info","event":"","logger":"task.stdout"}
{"timestamp":"2026-06-11T11:24:34.207399Z","level":"info","event":"\u001b[36m    [Глубина 2/4] https://www.tbank.ru/invest/help/educate/how-it-works/ways-to-invest/stocks/?card=q4","logger":"task.stdout"}
{"timestamp":"2026-06-11T11:24:35.214283Z","level":"info","event":"\u001b[33m⬇️  https://www.tbank.ru/invest/help/educate/how-it-works/ways-to-invest/stocks/?card=q4","logger":"task.stdout"}
{"timestamp":"2026-06-11T11:24:36.148714Z","level":"info","event":"\u001b[32m✅ 800366 байт","logger":"task.stdout"}
{"timestamp":"2026-06-11T11:24:36.206440Z","level":"info","event":"\u001b[32m   288 параграфов, 19183 символов","logger":"task.stdout"}
{"timestamp":"2026-06-11T11:24:36.209406Z","level":"info","event":"\u001b[36m💾 221_что_такое_акции.json","logger":"task.stdout"}
{"timestamp":"2026-06-11T11:24:36.213398Z","level":"info","event":"\u001b[32m✅ Статья #221: Что такое акции","logger":"task.stdout"}
{"timestamp":"2026-06-11T11:24:36.213577Z","level":"error","event":"\r                                                          \u001b[A","logger":"task.stderr"}
{"timestamp":"2026-06-11T11:24:36.222817Z","level":"error","event":"\rФильтрация ссылок:   0%|          | 0/394 [00:00<?, ?it/s]\u001b[A","logger":"task.stderr"}
{"timestamp":"2026-06-11T11:24:36.223198Z","level":"info","event":"\u001b[32m   Новых ссылок: 7","logger":"task.stdout"}
{"timestamp":"2026-06-11T11:24:36.223459Z","level":"info","event":"","logger":"task.stdout"}
{"timestamp":"2026-06-11T11:24:36.223600Z","level":"info","event":"\u001b[36m      [Глубина 3/4] https://www.tbank.ru/invest/help/educate/how-it-works/ways-to-invest/stocks/?card=q1","logger":"task.stdout"}
{"timestamp":"2026-06-11T11:24:37.232934Z","level":"info","event":"\u001b[33m⬇️  https://www.tbank.ru/invest/help/educate/how-it-works/ways-to-invest/stocks/?card=q1","logger":"task.stdout"}
{"timestamp":"2026-06-11T11:24:38.105445Z","level":"info","event":"\u001b[32m✅ 800436 байт","logger":"task.stdout"}
{"timestamp":"2026-06-11T11:24:38.185115Z","level":"info","event":"\u001b[32m   288 параграфов, 19183 символов","logger":"task.stdout"}
{"timestamp":"2026-06-11T11:24:38.194980Z","level":"info","event":"\u001b[36m💾 222_что_такое_акции.json","logger":"task.stdout"}
{"timestamp":"2026-06-11T11:24:38.198674Z","level":"info","event":"\u001b[32m✅ Статья #222: Что такое акции","logger":"task.stdout"}
{"timestamp":"2026-06-11T11:24:38.199884Z","level":"error","event":"\r                                                          \u001b[A","logger":"task.stderr"}
{"timestamp":"2026-06-11T11:24:38.200682Z","level":"error","event":"\rФильтрация ссылок:   0%|          | 0/394 [00:00<?, ?it/s]\u001b[A","logger":"task.stderr"}
{"timestamp":"2026-06-11T11:24:38.200866Z","level":"info","event":"\u001b[32m   Новых ссылок: 6","logger":"task.stdout"}
{"timestamp":"2026-06-11T11:24:38.200975Z","level":"info","event":"","logger":"task.stdout"}
{"timestamp":"2026-06-11T11:24:38.201051Z","level":"info","event":"\u001b[36m        [Глубина 4/4] https://www.tbank.ru/invest/help/educate/how-it-works/ways-to-invest/stocks/?card=q6","logger":"task.stdout"}
{"timestamp":"2026-06-11T11:24:39.215308Z","level":"info","event":"\u001b[33m⬇️  https://www.tbank.ru/invest/help/educate/how-it-works/ways-to-invest/stocks/?card=q6","logger":"task.stdout"}
{"timestamp":"2026-06-11T11:24:40.460510Z","level":"info","event":"\u001b[32m✅ 800403 байт","logger":"task.stdout"}
{"timestamp":"2026-06-11T11:24:40.821972Z","level":"info","event":"\u001b[32m   288 параграфов, 19183 символов","logger":"task.stdout"}
{"timestamp":"2026-06-11T11:24:40.839708Z","level":"info","event":"\u001b[36m💾 223_что_такое_акции.json","logger":"task.stdout"}
{"timestamp":"2026-06-11T11:24:40.840770Z","level":"info","event":"\u001b[32m✅ Статья #223: Что такое акции","logger":"task.stdout"}
{"timestamp":"2026-06-11T11:24:40.841413Z","level":"info","event":"","logger":"task.stdout"}
{"timestamp":"2026-06-11T11:24:40.841894Z","level":"info","event":"\u001b[36m        [Глубина 4/4] https://www.tbank.ru/invest/help/educate/how-it-works/ways-to-invest/stocks/?card=q5","logger":"task.stdout"}
{"timestamp":"2026-06-11T11:24:41.843050Z","level":"info","event":"\u001b[33m⬇️  https://www.tbank.ru/invest/help/educate/how-it-works/ways-to-invest/stocks/?card=q5","logger":"task.stdout"}
{"timestamp":"2026-06-11T11:24:42.161878Z","level":"info","event":"\u001b[32m✅ 800354 байт","logger":"task.stdout"}
{"timestamp":"2026-06-11T11:24:42.324040Z","level":"info","event":"\u001b[32m   288 параграфов, 19183 символов","logger":"task.stdout"}
{"timestamp":"2026-06-11T11:24:42.329767Z","level":"info","event":"\u001b[36m💾 224_что_такое_акции.json","logger":"task.stdout"}
{"timestamp":"2026-06-11T11:24:42.332086Z","level":"info","event":"\u001b[32m✅ Статья #224: Что такое акции","logger":"task.stdout"}
{"timestamp":"2026-06-11T11:24:42.332285Z","level":"info","event":"","logger":"task.stdout"}
{"timestamp":"2026-06-11T11:24:42.332501Z","level":"info","event":"\u001b[36m        [Глубина 4/4] https://www.tbank.ru/invest/help/educate/how-it-works/rookie-advice/when-buy-stocks/?card=q2","logger":"task.stdout"}
{"timestamp":"2026-06-11T11:24:43.335262Z","level":"info","event":"\u001b[33m⬇️  https://www.tbank.ru/invest/help/educate/how-it-works/rookie-advice/when-buy-stocks/?card=q2","logger":"task.stdout"}
{"timestamp":"2026-06-11T11:24:44.408354Z","level":"info","event":"\u001b[32m✅ 1060684 байт","logger":"task.stdout"}
{"timestamp":"2026-06-11T11:24:45.521873Z","level":"info","event":"\u001b[32m   366 параграфов, 32244 символов","logger":"task.stdout"}
{"timestamp":"2026-06-11T11:24:45.529552Z","level":"info","event":"\u001b[36m💾 225_как_начать_торговать_на_бирже.json","logger":"task.stdout"}
{"timestamp":"2026-06-11T11:24:45.530243Z","level":"info","event":"\u001b[32m✅ Статья #225: Как начать торговать на бирже","logger":"task.stdout"}
{"timestamp":"2026-06-11T11:24:45.530464Z","level":"info","event":"","logger":"task.stdout"}
{"timestamp":"2026-06-11T11:24:45.531221Z","level":"info","event":"\u001b[36m        [Глубина 4/4] https://www.tbank.ru/invest/help/educate/how-it-works/ways-to-invest/stocks/?card=q7","logger":"task.stdout"}
{"timestamp":"2026-06-11T11:24:46.536953Z","level":"info","event":"\u001b[33m⬇️  https://www.tbank.ru/invest/help/educate/how-it-works/ways-to-invest/stocks/?card=q7","logger":"task.stdout"}
{"timestamp":"2026-06-11T11:24:47.321384Z","level":"info","event":"\u001b[32m✅ 800146 байт","logger":"task.stdout"}
{"timestamp":"2026-06-11T11:24:47.397114Z","level":"info","event":"\u001b[32m   288 параграфов, 19183 символов","logger":"task.stdout"}
{"timestamp":"2026-06-11T11:24:47.399546Z","level":"info","event":"\u001b[36m💾 226_что_такое_акции.json","logger":"task.stdout"}
{"timestamp":"2026-06-11T11:24:47.399665Z","level":"info","event":"\u001b[32m✅ Статья #226: Что такое акции","logger":"task.stdout"}
{"timestamp":"2026-06-11T11:24:47.399779Z","level":"info","event":"","logger":"task.stdout"}
{"timestamp":"2026-06-11T11:24:47.399871Z","level":"info","event":"\u001b[36m        [Глубина 4/4] https://www.tbank.ru/invest/help/educate/how-it-works/ways-to-invest/stocks/?card=q3","logger":"task.stdout"}
{"timestamp":"2026-06-11T11:24:48.403214Z","level":"info","event":"\u001b[33m⬇️  https://www.tbank.ru/invest/help/educate/how-it-works/ways-to-invest/stocks/?card=q3","logger":"task.stdout"}
{"timestamp":"2026-06-11T11:24:49.477931Z","level":"info","event":"\u001b[32m✅ 800407 байт","logger":"task.stdout"}
{"timestamp":"2026-06-11T11:24:49.646917Z","level":"info","event":"\u001b[32m   288 параграфов, 19183 символов","logger":"task.stdout"}
{"timestamp":"2026-06-11T11:24:49.649504Z","level":"info","event":"\u001b[36m💾 227_что_такое_акции.json","logger":"task.stdout"}
{"timestamp":"2026-06-11T11:24:49.649608Z","level":"info","event":"\u001b[32m✅ Статья #227: Что такое акции","logger":"task.stdout"}
{"timestamp":"2026-06-11T11:24:49.649689Z","level":"info","event":"","logger":"task.stdout"}
{"timestamp":"2026-06-11T11:24:49.649750Z","level":"info","event":"\u001b[36m        [Глубина 4/4] https://www.tbank.ru/invest/help/brokerage/account/forts/options/?card=q1","logger":"task.stdout"}
{"timestamp":"2026-06-11T11:24:50.654837Z","level":"info","event":"\u001b[33m⬇️  https://www.tbank.ru/invest/help/brokerage/account/forts/options/?card=q1","logger":"task.stdout"}
{"timestamp":"2026-06-11T11:24:51.518393Z","level":"info","event":"\u001b[32m✅ 919379 байт","logger":"task.stdout"}
{"timestamp":"2026-06-11T11:24:51.584540Z","level":"info","event":"\u001b[32m   328 параграфов, 24504 символов","logger":"task.stdout"}
{"timestamp":"2026-06-11T11:24:51.587456Z","level":"info","event":"\u001b[36m💾 228_как_устроена_биржа_опционов.json","logger":"task.stdout"}
{"timestamp":"2026-06-11T11:24:51.587881Z","level":"info","event":"\u001b[32m✅ Статья #228: Как устроена биржа опционов","logger":"task.stdout"}
{"timestamp":"2026-06-11T11:24:51.587943Z","level":"info","event":"","logger":"task.stdout"}
{"timestamp":"2026-06-11T11:24:51.588028Z","level":"info","event":"\u001b[36m    [Глубина 2/4] https://www.tbank.ru/invest/help/educate/how-it-works/ways-to-invest/types-of-coupons/?card=q1","logger":"task.stdout"}
{"timestamp":"2026-06-11T11:24:52.595433Z","level":"info","event":"\u001b[33m⬇️  https://www.tbank.ru/invest/help/educate/how-it-works/ways-to-invest/types-of-coupons/?card=q1","logger":"task.stdout"}
{"timestamp":"2026-06-11T11:24:53.564007Z","level":"info","event":"\u001b[32m✅ 739042 байт","logger":"task.stdout"}
{"timestamp":"2026-06-11T11:24:53.690438Z","level":"info","event":"\u001b[32m   269 параграфов, 16916 символов","logger":"task.stdout"}
{"timestamp":"2026-06-11T11:24:53.696409Z","level":"info","event":"\u001b[36m💾 229_типы_купонов_по_облигациям.json","logger":"task.stdout"}
{"timestamp":"2026-06-11T11:24:53.700367Z","level":"info","event":"\u001b[32m✅ Статья #229: Типы купонов по облигациям","logger":"task.stdout"}
{"timestamp":"2026-06-11T11:24:53.701523Z","level":"error","event":"\r                                                          \u001b[A","logger":"task.stderr"}
{"timestamp":"2026-06-11T11:24:53.706651Z","level":"error","event":"\rФильтрация ссылок:   0%|          | 0/380 [00:00<?, ?it/s]\u001b[A","logger":"task.stderr"}
{"timestamp":"2026-06-11T11:24:53.709313Z","level":"info","event":"\u001b[32m   Новых ссылок: 3","logger":"task.stdout"}
{"timestamp":"2026-06-11T11:24:53.709615Z","level":"info","event":"","logger":"task.stdout"}
{"timestamp":"2026-06-11T11:24:53.709779Z","level":"info","event":"\u001b[36m      [Глубина 3/4] https://www.tbank.ru/invest/help/educate/how-it-works/ways-to-invest/types-of-coupons/?card=q2","logger":"task.stdout"}
{"timestamp":"2026-06-11T11:24:54.711580Z","level":"info","event":"\u001b[33m⬇️  https://www.tbank.ru/invest/help/educate/how-it-works/ways-to-invest/types-of-coupons/?card=q2","logger":"task.stdout"}
{"timestamp":"2026-06-11T11:24:55.575180Z","level":"info","event":"\u001b[32m✅ 739699 байт","logger":"task.stdout"}
{"timestamp":"2026-06-11T11:24:55.659176Z","level":"info","event":"\u001b[32m   269 параграфов, 16916 символов","logger":"task.stdout"}
{"timestamp":"2026-06-11T11:24:55.661629Z","level":"info","event":"\u001b[36m💾 230_типы_купонов_по_облигациям.json","logger":"task.stdout"}
{"timestamp":"2026-06-11T11:24:55.661886Z","level":"info","event":"\u001b[32m✅ Статья #230: Типы купонов по облигациям","logger":"task.stdout"}
{"timestamp":"2026-06-11T11:24:55.816191Z","level":"info","event":"","logger":"task.stdout"}
{"timestamp":"2026-06-11T11:24:55.816757Z","level":"info","event":"\u001b[33m💾 Checkpoint: 230 статей (26.1/мин)","logger":"task.stdout"}
{"timestamp":"2026-06-11T11:24:55.817077Z","level":"info","event":"","logger":"task.stdout"}
{"timestamp":"2026-06-11T11:24:55.818351Z","level":"error","event":"\r                                                          \u001b[A","logger":"task.stderr"}
{"timestamp":"2026-06-11T11:24:55.822096Z","level":"error","event":"\rФильтрация ссылок:   0%|          | 0/380 [00:00<?, ?it/s]\u001b[A","logger":"task.stderr"}
{"timestamp":"2026-06-11T11:24:55.822201Z","level":"info","event":"\u001b[32m   Новых ссылок: 2","logger":"task.stdout"}
{"timestamp":"2026-06-11T11:24:55.822259Z","level":"info","event":"","logger":"task.stdout"}
{"timestamp":"2026-06-11T11:24:55.822330Z","level":"info","event":"\u001b[36m        [Глубина 4/4] https://www.tbank.ru/invest/help/educate/how-it-works/ways-to-invest/types-of-coupons/?card=variable","logger":"task.stdout"}
{"timestamp":"2026-06-11T11:24:56.827504Z","level":"info","event":"\u001b[33m⬇️  https://www.tbank.ru/invest/help/educate/how-it-works/ways-to-invest/types-of-coupons/?card=variable","logger":"task.stdout"}
{"timestamp":"2026-06-11T11:24:57.664077Z","level":"info","event":"\u001b[32m✅ 739387 байт","logger":"task.stdout"}
{"timestamp":"2026-06-11T11:24:57.727590Z","level":"info","event":"\u001b[32m   269 параграфов, 16916 символов","logger":"task.stdout"}
{"timestamp":"2026-06-11T11:24:57.729379Z","level":"info","event":"\u001b[36m💾 231_типы_купонов_по_облигациям.json","logger":"task.stdout"}
{"timestamp":"2026-06-11T11:24:57.729495Z","level":"info","event":"\u001b[32m✅ Статья #231: Типы купонов по облигациям","logger":"task.stdout"}
{"timestamp":"2026-06-11T11:24:57.729573Z","level":"info","event":"","logger":"task.stdout"}
{"timestamp":"2026-06-11T11:24:57.729652Z","level":"info","event":"\u001b[36m        [Глубина 4/4] https://www.tbank.ru/invest/help/educate/how-it-works/ways-to-invest/types-of-coupons/?card=discount","logger":"task.stdout"}
{"timestamp":"2026-06-11T11:24:58.733940Z","level":"info","event":"\u001b[33m⬇️  https://www.tbank.ru/invest/help/educate/how-it-works/ways-to-invest/types-of-coupons/?card=discount","logger":"task.stdout"}
{"timestamp":"2026-06-11T11:24:59.626742Z","level":"info","event":"\u001b[32m✅ 739841 байт","logger":"task.stdout"}
{"timestamp":"2026-06-11T11:24:59.995102Z","level":"info","event":"\u001b[32m   269 параграфов, 16916 символов","logger":"task.stdout"}
{"timestamp":"2026-06-11T11:25:00.070670Z","level":"info","event":"\u001b[36m💾 232_типы_купонов_по_облигациям.json","logger":"task.stdout"}
{"timestamp":"2026-06-11T11:25:00.070980Z","level":"info","event":"\u001b[32m✅ Статья #232: Типы купонов по облигациям","logger":"task.stdout"}
{"timestamp":"2026-06-11T11:25:00.071114Z","level":"info","event":"","logger":"task.stdout"}
{"timestamp":"2026-06-11T11:25:00.071197Z","level":"info","event":"\u001b[36m  [Глубина 1/4] https://www.tbank.ru/invest/help/educate/how-it-works/what-is-exchange/type-of-securities/?card=q1","logger":"task.stdout"}
{"timestamp":"2026-06-11T11:25:01.025734Z","level":"info","event":"\u001b[33m⬇️  https://www.tbank.ru/invest/help/educate/how-it-works/what-is-exchange/type-of-securities/?card=q1","logger":"task.stdout"}
{"timestamp":"2026-06-11T11:25:02.204991Z","level":"info","event":"\u001b[32m✅ 848353 байт","logger":"task.stdout"}
{"timestamp":"2026-06-11T11:25:02.429924Z","level":"info","event":"\u001b[32m   301 параграфов, 21134 символов","logger":"task.stdout"}
{"timestamp":"2026-06-11T11:25:02.441975Z","level":"info","event":"\u001b[36m💾 233_эмиссионные_ценные_бумаги_виды_и_признаки.json","logger":"task.stdout"}
{"timestamp":"2026-06-11T11:25:02.451894Z","level":"info","event":"\u001b[32m✅ Статья #233: Эмиссионные ценные бумаги: виды и признаки","logger":"task.stdout"}
{"timestamp":"2026-06-11T11:25:02.453820Z","level":"error","event":"\r                                                          \u001b[A","logger":"task.stderr"}
{"timestamp":"2026-06-11T11:25:02.469667Z","level":"error","event":"\rФильтрация ссылок:   0%|          | 0/398 [00:00<?, ?it/s]\u001b[A","logger":"task.stderr"}
{"timestamp":"2026-06-11T11:25:02.470691Z","level":"info","event":"\u001b[32m   Новых ссылок: 10","logger":"task.stdout"}
{"timestamp":"2026-06-11T11:25:02.471226Z","level":"info","event":"","logger":"task.stdout"}
{"timestamp":"2026-06-11T11:25:02.471656Z","level":"info","event":"\u001b[36m    [Глубина 2/4] https://www.tbank.ru/invest/help/educate/how-it-works/what-is-exchange/type-of-securities/?card=q4","logger":"task.stdout"}
{"timestamp":"2026-06-11T11:25:03.478368Z","level":"info","event":"\u001b[33m⬇️  https://www.tbank.ru/invest/help/educate/how-it-works/what-is-exchange/type-of-securities/?card=q4","logger":"task.stdout"}
{"timestamp":"2026-06-11T11:25:04.553280Z","level":"info","event":"\u001b[32m✅ 847983 байт","logger":"task.stdout"}
{"timestamp":"2026-06-11T11:25:04.786311Z","level":"info","event":"\u001b[32m   301 параграфов, 21134 символов","logger":"task.stdout"}
{"timestamp":"2026-06-11T11:25:04.799979Z","level":"info","event":"\u001b[36m💾 234_эмиссионные_ценные_бумаги_виды_и_признаки.json","logger":"task.stdout"}
{"timestamp":"2026-06-11T11:25:04.800870Z","level":"info","event":"\u001b[32m✅ Статья #234: Эмиссионные ценные бумаги: виды и признаки","logger":"task.stdout"}
{"timestamp":"2026-06-11T11:25:04.808339Z","level":"error","event":"\r                                                          \u001b[A","logger":"task.stderr"}
{"timestamp":"2026-06-11T11:25:04.832623Z","level":"error","event":"\rФильтрация ссылок:   0%|          | 0/398 [00:00<?, ?it/s]\u001b[A","logger":"task.stderr"}
{"timestamp":"2026-06-11T11:25:04.833059Z","level":"info","event":"\u001b[32m   Новых ссылок: 9","logger":"task.stdout"}
{"timestamp":"2026-06-11T11:25:04.833285Z","level":"info","event":"","logger":"task.stdout"}
{"timestamp":"2026-06-11T11:25:04.833417Z","level":"info","event":"\u001b[36m      [Глубина 3/4] https://www.tbank.ru/invest/help/educate/how-it-works/what-is-exchange/type-of-securities/?card=q10","logger":"task.stdout"}
{"timestamp":"2026-06-11T11:25:05.842577Z","level":"info","event":"\u001b[33m⬇️  https://www.tbank.ru/invest/help/educate/how-it-works/what-is-exchange/type-of-securities/?card=q10","logger":"task.stdout"}
{"timestamp":"2026-06-11T11:25:06.769017Z","level":"info","event":"\u001b[32m✅ 847672 байт","logger":"task.stdout"}
{"timestamp":"2026-06-11T11:25:06.894277Z","level":"info","event":"\u001b[32m   301 параграфов, 21134 символов","logger":"task.stdout"}
{"timestamp":"2026-06-11T11:25:06.897874Z","level":"info","event":"\u001b[36m💾 235_эмиссионные_ценные_бумаги_виды_и_признаки.json","logger":"task.stdout"}
{"timestamp":"2026-06-11T11:25:06.903373Z","level":"info","event":"\u001b[32m✅ Статья #235: Эмиссионные ценные бумаги: виды и признаки","logger":"task.stdout"}
{"timestamp":"2026-06-11T11:25:06.903590Z","level":"info","event":"\u001b[32m   Новых ссылок: 8","logger":"task.stdout"}
{"timestamp":"2026-06-11T11:25:06.903665Z","level":"info","event":"","logger":"task.stdout"}
{"timestamp":"2026-06-11T11:25:06.903719Z","level":"info","event":"\u001b[36m        [Глубина 4/4] https://www.tbank.ru/invest/help/educate/dep-transfer/about/inheritance/","logger":"task.stdout"}
{"timestamp":"2026-06-11T11:25:06.903837Z","level":"error","event":"\r                                                          \u001b[A","logger":"task.stderr"}
{"timestamp":"2026-06-11T11:25:06.903896Z","level":"error","event":"\rФильтрация ссылок:   0%|          | 0/398 [00:00<?, ?it/s]\u001b[A","logger":"task.stderr"}
{"timestamp":"2026-06-11T11:25:07.908516Z","level":"info","event":"\u001b[33m⬇️  https://www.tbank.ru/invest/help/educate/dep-transfer/about/inheritance/","logger":"task.stdout"}
{"timestamp":"2026-06-11T11:25:09.052887Z","level":"info","event":"\u001b[32m✅ 1047115 байт","logger":"task.stdout"}
{"timestamp":"2026-06-11T11:25:09.204091Z","level":"info","event":"\u001b[32m   373 параграфов, 30770 символов","logger":"task.stdout"}
{"timestamp":"2026-06-11T11:25:09.206406Z","level":"info","event":"\u001b[36m💾 236_наследование_ценных_бумаг.json","logger":"task.stdout"}
{"timestamp":"2026-06-11T11:25:09.206586Z","level":"info","event":"\u001b[32m✅ Статья #236: Наследование ценных бумаг","logger":"task.stdout"}
{"timestamp":"2026-06-11T11:25:09.206775Z","level":"info","event":"","logger":"task.stdout"}
{"timestamp":"2026-06-11T11:25:09.206891Z","level":"info","event":"\u001b[36m        [Глубина 4/4] https://www.tbank.ru/invest/help/educate/how-it-works/what-is-exchange/type-of-securities/?card=q3","logger":"task.stdout"}
{"timestamp":"2026-06-11T11:25:10.214178Z","level":"info","event":"\u001b[33m⬇️  https://www.tbank.ru/invest/help/educate/how-it-works/what-is-exchange/type-of-securities/?card=q3","logger":"task.stdout"}
{"timestamp":"2026-06-11T11:25:10.990356Z","level":"info","event":"\u001b[32m✅ 848152 байт","logger":"task.stdout"}
{"timestamp":"2026-06-11T11:25:11.161077Z","level":"info","event":"\u001b[32m   301 параграфов, 21134 символов","logger":"task.stdout"}
{"timestamp":"2026-06-11T11:25:11.163949Z","level":"info","event":"\u001b[36m💾 237_эмиссионные_ценные_бумаги_виды_и_признаки.json","logger":"task.stdout"}
{"timestamp":"2026-06-11T11:25:11.164102Z","level":"info","event":"\u001b[32m✅ Статья #237: Эмиссионные ценные бумаги: виды и признаки","logger":"task.stdout"}
{"timestamp":"2026-06-11T11:25:11.164277Z","level":"info","event":"","logger":"task.stdout"}
{"timestamp":"2026-06-11T11:25:11.164377Z","level":"info","event":"\u001b[36m        [Глубина 4/4] https://www.tbank.ru/invest/help/educate/how-it-works/what-is-exchange/type-of-securities/?card=q7","logger":"task.stdout"}
{"timestamp":"2026-06-11T11:25:12.178517Z","level":"info","event":"\u001b[33m⬇️  https://www.tbank.ru/invest/help/educate/how-it-works/what-is-exchange/type-of-securities/?card=q7","logger":"task.stdout"}
{"timestamp":"2026-06-11T11:25:13.044167Z","level":"info","event":"\u001b[32m✅ 847985 байт","logger":"task.stdout"}
{"timestamp":"2026-06-11T11:25:13.153088Z","level":"info","event":"\u001b[32m   301 параграфов, 21134 символов","logger":"task.stdout"}
{"timestamp":"2026-06-11T11:25:13.157881Z","level":"info","event":"\u001b[36m💾 238_эмиссионные_ценные_бумаги_виды_и_признаки.json","logger":"task.stdout"}
{"timestamp":"2026-06-11T11:25:13.158390Z","level":"info","event":"\u001b[32m✅ Статья #238: Эмиссионные ценные бумаги: виды и признаки","logger":"task.stdout"}
{"timestamp":"2026-06-11T11:25:13.158759Z","level":"info","event":"","logger":"task.stdout"}
{"timestamp":"2026-06-11T11:25:13.158937Z","level":"info","event":"\u001b[36m        [Глубина 4/4] https://www.tbank.ru/invest/help/educate/qualification/about/how-get/?card=q1","logger":"task.stdout"}
{"timestamp":"2026-06-11T11:25:14.232089Z","level":"info","event":"\u001b[33m⬇️  https://www.tbank.ru/invest/help/educate/qualification/about/how-get/?card=q1","logger":"task.stdout"}
{"timestamp":"2026-06-11T11:25:14.636988Z","level":"info","event":"\u001b[32m✅ 683871 байт","logger":"task.stdout"}
{"timestamp":"2026-06-11T11:25:14.758670Z","level":"info","event":"\u001b[32m   225 параграфов, 11938 символов","logger":"task.stdout"}
{"timestamp":"2026-06-11T11:25:14.762137Z","level":"info","event":"\u001b[36m💾 239_как_получить_статус_квалифицированного_инвестора.json","logger":"task.stdout"}
{"timestamp":"2026-06-11T11:25:14.764681Z","level":"info","event":"\u001b[32m✅ Статья #239: Как получить статус квалифицированного инвестора","logger":"task.stdout"}
{"timestamp":"2026-06-11T11:25:14.765051Z","level":"info","event":"","logger":"task.stdout"}
{"timestamp":"2026-06-11T11:25:14.766485Z","level":"info","event":"\u001b[36m        [Глубина 4/4] https://www.tbank.ru/invest/help/educate/how-it-works/what-is-exchange/type-of-securities/?card=q9","logger":"task.stdout"}
{"timestamp":"2026-06-11T11:25:15.786975Z","level":"info","event":"\u001b[33m⬇️  https://www.tbank.ru/invest/help/educate/how-it-works/what-is-exchange/type-of-securities/?card=q9","logger":"task.stdout"}
{"timestamp":"2026-06-11T11:25:17.031884Z","level":"info","event":"\u001b[32m✅ 848176 байт","logger":"task.stdout"}
{"timestamp":"2026-06-11T11:25:17.257921Z","level":"info","event":"\u001b[32m   301 параграфов, 21134 символов","logger":"task.stdout"}
{"timestamp":"2026-06-11T11:25:17.265806Z","level":"info","event":"\u001b[36m💾 240_эмиссионные_ценные_бумаги_виды_и_признаки.json","logger":"task.stdout"}
{"timestamp":"2026-06-11T11:25:17.266091Z","level":"info","event":"\u001b[32m✅ Статья #240: Эмиссионные ценные бумаги: виды и признаки","logger":"task.stdout"}
{"timestamp":"2026-06-11T11:25:17.905875Z","level":"info","event":"","logger":"task.stdout"}
{"timestamp":"2026-06-11T11:25:17.911009Z","level":"info","event":"\u001b[33m💾 Checkpoint: 240 статей (26.1/мин)","logger":"task.stdout"}
{"timestamp":"2026-06-11T11:25:17.911431Z","level":"info","event":"","logger":"task.stdout"}
{"timestamp":"2026-06-11T11:25:17.911677Z","level":"info","event":"","logger":"task.stdout"}
{"timestamp":"2026-06-11T11:25:17.912038Z","level":"info","event":"\u001b[36m        [Глубина 4/4] https://www.tbank.ru/invest/help/educate/how-it-works/what-is-exchange/type-of-securities/?card=q5","logger":"task.stdout"}
{"timestamp":"2026-06-11T11:25:18.917254Z","level":"info","event":"\u001b[33m⬇️  https://www.tbank.ru/invest/help/educate/how-it-works/what-is-exchange/type-of-securities/?card=q5","logger":"task.stdout"}
{"timestamp":"2026-06-11T11:25:19.905376Z","level":"info","event":"\u001b[32m✅ 847782 байт","logger":"task.stdout"}
{"timestamp":"2026-06-11T11:25:20.093269Z","level":"info","event":"\u001b[32m   301 параграфов, 21134 символов","logger":"task.stdout"}
{"timestamp":"2026-06-11T11:25:20.105141Z","level":"info","event":"\u001b[36m💾 241_эмиссионные_ценные_бумаги_виды_и_признаки.json","logger":"task.stdout"}
{"timestamp":"2026-06-11T11:25:20.105368Z","level":"info","event":"\u001b[32m✅ Статья #241: Эмиссионные ценные бумаги: виды и признаки","logger":"task.stdout"}
{"timestamp":"2026-06-11T11:25:20.105499Z","level":"info","event":"","logger":"task.stdout"}
{"timestamp":"2026-06-11T11:25:20.105801Z","level":"info","event":"\u001b[36m        [Глубина 4/4] https://www.tbank.ru/invest/help/educate/how-it-works/what-is-exchange/type-of-securities/?card=q8","logger":"task.stdout"}
{"timestamp":"2026-06-11T11:25:21.117622Z","level":"info","event":"\u001b[33m⬇️  https://www.tbank.ru/invest/help/educate/how-it-works/what-is-exchange/type-of-securities/?card=q8","logger":"task.stdout"}
{"timestamp":"2026-06-11T11:25:21.898410Z","level":"info","event":"\u001b[32m✅ 847879 байт","logger":"task.stdout"}
{"timestamp":"2026-06-11T11:25:22.083145Z","level":"info","event":"\u001b[32m   301 параграфов, 21134 символов","logger":"task.stdout"}
{"timestamp":"2026-06-11T11:25:22.118213Z","level":"info","event":"\u001b[36m💾 242_эмиссионные_ценные_бумаги_виды_и_признаки.json","logger":"task.stdout"}
{"timestamp":"2026-06-11T11:25:22.118377Z","level":"info","event":"\u001b[32m✅ Статья #242: Эмиссионные ценные бумаги: виды и признаки","logger":"task.stdout"}
{"timestamp":"2026-06-11T11:25:22.118474Z","level":"info","event":"","logger":"task.stdout"}
{"timestamp":"2026-06-11T11:25:22.118559Z","level":"info","event":"\u001b[36m        [Глубина 4/4] https://www.tbank.ru/invest/help/educate/how-it-works/what-is-exchange/type-of-securities/?card=q6","logger":"task.stdout"}
{"timestamp":"2026-06-11T11:25:23.097002Z","level":"info","event":"\u001b[33m⬇️  https://www.tbank.ru/invest/help/educate/how-it-works/what-is-exchange/type-of-securities/?card=q6","logger":"task.stdout"}
{"timestamp":"2026-06-11T11:25:23.991029Z","level":"info","event":"\u001b[32m✅ 848263 байт","logger":"task.stdout"}
{"timestamp":"2026-06-11T11:25:24.060035Z","level":"info","event":"\u001b[32m   301 параграфов, 21134 символов","logger":"task.stdout"}
{"timestamp":"2026-06-11T11:25:24.063061Z","level":"info","event":"\u001b[36m💾 243_эмиссионные_ценные_бумаги_виды_и_признаки.json","logger":"task.stdout"}
{"timestamp":"2026-06-11T11:25:24.064019Z","level":"info","event":"\u001b[32m✅ Статья #243: Эмиссионные ценные бумаги: виды и признаки","logger":"task.stdout"}
{"timestamp":"2026-06-11T11:25:24.064114Z","level":"info","event":"","logger":"task.stdout"}
{"timestamp":"2026-06-11T11:25:24.064208Z","level":"info","event":"\u001b[36m  [Глубина 1/4] https://www.tbank.ru/invest/help/educate/how-it-works/rookie-advice/portfolio-n-risk/?card=q4","logger":"task.stdout"}
{"timestamp":"2026-06-11T11:25:25.072070Z","level":"info","event":"\u001b[33m⬇️  https://www.tbank.ru/invest/help/educate/how-it-works/rookie-advice/portfolio-n-risk/?card=q4","logger":"task.stdout"}
{"timestamp":"2026-06-11T11:25:26.146292Z","level":"info","event":"\u001b[32m✅ 862668 байт","logger":"task.stdout"}
{"timestamp":"2026-06-11T11:25:26.221117Z","level":"info","event":"\u001b[32m   286 параграфов, 22370 символов","logger":"task.stdout"}
{"timestamp":"2026-06-11T11:25:26.223826Z","level":"info","event":"\u001b[36m💾 244_сбалансированный_портфель_и_минимизация_рисков.json","logger":"task.stdout"}
{"timestamp":"2026-06-11T11:25:26.230801Z","level":"info","event":"\u001b[32m✅ Статья #244: Сбалансированный портфель и минимизация рисков","logger":"task.stdout"}
{"timestamp":"2026-06-11T11:25:26.232093Z","level":"error","event":"\r                                                          \u001b[A","logger":"task.stderr"}
{"timestamp":"2026-06-11T11:25:26.237920Z","level":"error","event":"\rФильтрация ссылок:   0%|          | 0/391 [00:00<?, ?it/s]\u001b[A","logger":"task.stderr"}
{"timestamp":"2026-06-11T11:25:26.238101Z","level":"info","event":"\u001b[32m   Новых ссылок: 8","logger":"task.stdout"}
{"timestamp":"2026-06-11T11:25:26.238193Z","level":"info","event":"","logger":"task.stdout"}
{"timestamp":"2026-06-11T11:25:26.238324Z","level":"info","event":"\u001b[36m    [Глубина 2/4] https://www.tbank.ru/invest/education/courses/5c164726-1748-4e1f-ab84-5b7c0eadba88/?internal_source=help-visit_from:/invest/help/rookie-advice/portfolio-n-risk/","logger":"task.stdout"}
{"timestamp":"2026-06-11T11:25:27.241172Z","level":"info","event":"\u001b[33m⬇️  https://www.tbank.ru/invest/education/courses/5c164726-1748-4e1f-ab84-5b7c0eadba88/?internal_source=help-visit_from:/invest/help/rookie-advice/portfolio-n-risk/","logger":"task.stdout"}
{"timestamp":"2026-06-11T11:25:27.550049Z","level":"info","event":"\u001b[32m✅ 1163465 байт","logger":"task.stdout"}
{"timestamp":"2026-06-11T11:25:27.621880Z","level":"info","event":"\u001b[32m   7 параграфов, 196 символов","logger":"task.stdout"}
{"timestamp":"2026-06-11T11:25:27.626883Z","level":"info","event":"\u001b[36m💾 245_ветер_перемен_что_делать_инвестору.json","logger":"task.stdout"}
{"timestamp":"2026-06-11T11:25:27.627086Z","level":"info","event":"\u001b[32m✅ Статья #245: Ветер перемен: что делать инвестору","logger":"task.stdout"}
{"timestamp":"2026-06-11T11:25:27.628142Z","level":"error","event":"\r                                                          \u001b[A","logger":"task.stderr"}
{"timestamp":"2026-06-11T11:25:27.631274Z","level":"error","event":"\rФильтрация ссылок:   0%|          | 0/189 [00:00<?, ?it/s]\u001b[A","logger":"task.stderr"}
{"timestamp":"2026-06-11T11:25:27.632910Z","level":"info","event":"\u001b[32m   Новых ссылок: 0","logger":"task.stdout"}
{"timestamp":"2026-06-11T11:25:27.632990Z","level":"info","event":"","logger":"task.stdout"}
{"timestamp":"2026-06-11T11:25:27.633049Z","level":"info","event":"\u001b[36m    [Глубина 2/4] https://www.tbank.ru/invest/help/educate/how-it-works/rookie-advice/portfolio-n-risk/?card=q3","logger":"task.stdout"}
{"timestamp":"2026-06-11T11:25:28.638029Z","level":"info","event":"\u001b[33m⬇️  https://www.tbank.ru/invest/help/educate/how-it-works/rookie-advice/portfolio-n-risk/?card=q3","logger":"task.stdout"}
{"timestamp":"2026-06-11T11:25:29.390501Z","level":"info","event":"\u001b[32m✅ 862291 байт","logger":"task.stdout"}
{"timestamp":"2026-06-11T11:25:29.511602Z","level":"info","event":"\u001b[32m   286 параграфов, 22370 символов","logger":"task.stdout"}
{"timestamp":"2026-06-11T11:25:29.517886Z","level":"info","event":"\u001b[36m💾 246_сбалансированный_портфель_и_минимизация_рисков.json","logger":"task.stdout"}
{"timestamp":"2026-06-11T11:25:29.518780Z","level":"info","event":"\u001b[32m✅ Статья #246: Сбалансированный портфель и минимизация рисков","logger":"task.stdout"}
{"timestamp":"2026-06-11T11:25:29.519654Z","level":"error","event":"\r                                                          \u001b[A","logger":"task.stderr"}
{"timestamp":"2026-06-11T11:25:29.533555Z","level":"error","event":"\rФильтрация ссылок:   0%|          | 0/391 [00:00<?, ?it/s]\u001b[A","logger":"task.stderr"}
{"timestamp":"2026-06-11T11:25:29.534107Z","level":"info","event":"\u001b[32m   Новых ссылок: 6","logger":"task.stdout"}
{"timestamp":"2026-06-11T11:25:29.534390Z","level":"info","event":"","logger":"task.stdout"}
{"timestamp":"2026-06-11T11:25:29.534640Z","level":"info","event":"\u001b[36m      [Глубина 3/4] https://www.tbank.ru/invest/help/educate/how-it-works/rookie-advice/portfolio-n-risk/?card=q1","logger":"task.stdout"}
{"timestamp":"2026-06-11T11:25:30.540248Z","level":"info","event":"\u001b[33m⬇️  https://www.tbank.ru/invest/help/educate/how-it-works/rookie-advice/portfolio-n-risk/?card=q1","logger":"task.stdout"}
{"timestamp":"2026-06-11T11:25:31.525904Z","level":"info","event":"\u001b[32m✅ 862275 байт","logger":"task.stdout"}
{"timestamp":"2026-06-11T11:25:31.606319Z","level":"info","event":"\u001b[32m   286 параграфов, 22370 символов","logger":"task.stdout"}
{"timestamp":"2026-06-11T11:25:31.610680Z","level":"info","event":"\u001b[36m💾 247_сбалансированный_портфель_и_минимизация_рисков.json","logger":"task.stdout"}
{"timestamp":"2026-06-11T11:25:31.614280Z","level":"info","event":"\u001b[32m✅ Статья #247: Сбалансированный портфель и минимизация рисков","logger":"task.stdout"}
{"timestamp":"2026-06-11T11:25:31.617874Z","level":"error","event":"\r                                                          \u001b[A","logger":"task.stderr"}
{"timestamp":"2026-06-11T11:25:31.628176Z","level":"error","event":"\rФильтрация ссылок:   0%|          | 0/391 [00:00<?, ?it/s]\u001b[A","logger":"task.stderr"}
{"timestamp":"2026-06-11T11:25:31.628499Z","level":"info","event":"\u001b[32m   Новых ссылок: 5","logger":"task.stdout"}
{"timestamp":"2026-06-11T11:25:31.628607Z","level":"info","event":"","logger":"task.stdout"}
{"timestamp":"2026-06-11T11:25:31.628739Z","level":"info","event":"\u001b[36m        [Глубина 4/4] https://www.tbank.ru/invest/help/educate/how-it-works/rookie-advice/portfolio-n-risk/?card=q2","logger":"task.stdout"}
{"timestamp":"2026-06-11T11:25:32.634199Z","level":"info","event":"\u001b[33m⬇️  https://www.tbank.ru/invest/help/educate/how-it-works/rookie-advice/portfolio-n-risk/?card=q2","logger":"task.stdout"}
{"timestamp":"2026-06-11T11:25:33.517706Z","level":"info","event":"\u001b[32m✅ 862101 байт","logger":"task.stdout"}
{"timestamp":"2026-06-11T11:25:34.012229Z","level":"info","event":"\u001b[32m   286 параграфов, 22370 символов","logger":"task.stdout"}
{"timestamp":"2026-06-11T11:25:34.059984Z","level":"info","event":"\u001b[36m💾 248_сбалансированный_портфель_и_минимизация_рисков.json","logger":"task.stdout"}
{"timestamp":"2026-06-11T11:25:34.062196Z","level":"info","event":"\u001b[32m✅ Статья #248: Сбалансированный портфель и минимизация рисков","logger":"task.stdout"}
{"timestamp":"2026-06-11T11:25:34.064305Z","level":"info","event":"","logger":"task.stdout"}
{"timestamp":"2026-06-11T11:25:34.066546Z","level":"info","event":"\u001b[36m        [Глубина 4/4] https://www.tbank.ru/invest/help/educate/how-it-works/rookie-advice/portfolio-n-risk/?card=q5","logger":"task.stdout"}
{"timestamp":"2026-06-11T11:25:35.066990Z","level":"info","event":"\u001b[33m⬇️  https://www.tbank.ru/invest/help/educate/how-it-works/rookie-advice/portfolio-n-risk/?card=q5","logger":"task.stdout"}
{"timestamp":"2026-06-11T11:25:36.202487Z","level":"info","event":"\u001b[32m✅ 862330 байт","logger":"task.stdout"}
{"timestamp":"2026-06-11T11:25:36.379826Z","level":"info","event":"\u001b[32m   286 параграфов, 22370 символов","logger":"task.stdout"}
{"timestamp":"2026-06-11T11:25:36.389293Z","level":"info","event":"\u001b[36m💾 249_сбалансированный_портфель_и_минимизация_рисков.json","logger":"task.stdout"}
{"timestamp":"2026-06-11T11:25:36.389493Z","level":"info","event":"\u001b[32m✅ Статья #249: Сбалансированный портфель и минимизация рисков","logger":"task.stdout"}
{"timestamp":"2026-06-11T11:25:36.389581Z","level":"info","event":"","logger":"task.stdout"}
{"timestamp":"2026-06-11T11:25:36.389670Z","level":"info","event":"\u001b[36m        [Глубина 4/4] https://www.tbank.ru/invest/education/courses/2da0c312-2501-4c19-9dbd-1dad07cefc71/?internal_source=help-visit_from:/invest/help/rookie-advice/portfolio-n-risk/","logger":"task.stdout"}
{"timestamp":"2026-06-11T11:25:37.403396Z","level":"info","event":"\u001b[33m⬇️  https://www.tbank.ru/invest/education/courses/2da0c312-2501-4c19-9dbd-1dad07cefc71/?internal_source=help-visit_from:/invest/help/rookie-advice/portfolio-n-risk/","logger":"task.stdout"}
{"timestamp":"2026-06-11T11:25:38.123550Z","level":"info","event":"\u001b[32m✅ 1149797 байт","logger":"task.stdout"}
{"timestamp":"2026-06-11T11:25:38.494476Z","level":"info","event":"\u001b[32m   8 параграфов, 256 символов","logger":"task.stdout"}
{"timestamp":"2026-06-11T11:25:38.501752Z","level":"info","event":"\u001b[36m💾 250_секреты_диверсификации.json","logger":"task.stdout"}
{"timestamp":"2026-06-11T11:25:38.502952Z","level":"info","event":"\u001b[32m✅ Статья #250: Секреты диверсификации","logger":"task.stdout"}
{"timestamp":"2026-06-11T11:25:39.964350Z","level":"info","event":"","logger":"task.stdout"}
{"timestamp":"2026-06-11T11:25:39.982996Z","level":"info","event":"\u001b[33m💾 Checkpoint: 250 статей (26.2/мин)","logger":"task.stdout"}
{"timestamp":"2026-06-11T11:25:39.990910Z","level":"info","event":"","logger":"task.stdout"}
{"timestamp":"2026-06-11T11:25:39.991684Z","level":"info","event":"","logger":"task.stdout"}
{"timestamp":"2026-06-11T11:25:39.994835Z","level":"info","event":"\u001b[36m        [Глубина 4/4] https://www.tbank.ru/invest/help/educate/how-it-works/rookie-advice/portfolio-n-risk/?card=q7","logger":"task.stdout"}
{"timestamp":"2026-06-11T11:25:40.963836Z","level":"info","event":"\u001b[33m⬇️  https://www.tbank.ru/invest/help/educate/how-it-works/rookie-advice/portfolio-n-risk/?card=q7","logger":"task.stdout"}
{"timestamp":"2026-06-11T11:25:43.414288Z","level":"info","event":"\u001b[32m✅ 862617 байт","logger":"task.stdout"}
{"timestamp":"2026-06-11T11:25:44.112305Z","level":"info","event":"\u001b[32m   286 параграфов, 22370 символов","logger":"task.stdout"}
{"timestamp":"2026-06-11T11:25:44.116885Z","level":"info","event":"\u001b[36m💾 251_сбалансированный_портфель_и_минимизация_рисков.json","logger":"task.stdout"}
{"timestamp":"2026-06-11T11:25:44.117323Z","level":"info","event":"\u001b[32m✅ Статья #251: Сбалансированный портфель и минимизация рисков","logger":"task.stdout"}
{"timestamp":"2026-06-11T11:25:44.118202Z","level":"info","event":"","logger":"task.stdout"}
{"timestamp":"2026-06-11T11:25:44.119599Z","level":"info","event":"\u001b[36m        [Глубина 4/4] https://www.tbank.ru/invest/help/educate/how-it-works/rookie-advice/portfolio-n-risk/?card=q6","logger":"task.stdout"}
{"timestamp":"2026-06-11T11:25:45.052467Z","level":"info","event":"\u001b[33m⬇️  https://www.tbank.ru/invest/help/educate/how-it-works/rookie-advice/portfolio-n-risk/?card=q6","logger":"task.stdout"}
{"timestamp":"2026-06-11T11:25:46.272402Z","level":"info","event":"\u001b[32m✅ 862212 байт","logger":"task.stdout"}
{"timestamp":"2026-06-11T11:25:52.617543Z","level":"info","event":"\u001b[32m   286 параграфов, 22370 символов","logger":"task.stdout"}
{"timestamp":"2026-06-11T11:25:52.668014Z","level":"info","event":"\u001b[36m💾 252_сбалансированный_портфель_и_минимизация_рисков.json","logger":"task.stdout"}
{"timestamp":"2026-06-11T11:25:52.668323Z","level":"info","event":"\u001b[32m✅ Статья #252: Сбалансированный портфель и минимизация рисков","logger":"task.stdout"}
{"timestamp":"2026-06-11T11:25:52.805788Z","level":"info","event":"","logger":"task.stdout"}
{"timestamp":"2026-06-11T11:25:52.841553Z","level":"info","event":"\u001b[32m================================================================================","logger":"task.stdout"}
{"timestamp":"2026-06-11T11:25:52.848125Z","level":"info","event":"\u001b[32m✅ ПАРСИНГ ЗАВЕРШЕН за 585.5 сек (9.8 мин)","logger":"task.stdout"}
{"timestamp":"2026-06-11T11:25:52.849616Z","level":"info","event":"\u001b[32m================================================================================\u001b[0m","logger":"task.stdout"}
{"timestamp":"2026-06-11T11:25:52.849885Z","level":"info","event":"","logger":"task.stdout"}
{"timestamp":"2026-06-11T11:25:52.850399Z","level":"info","event":"\u001b[36m================================================================================","logger":"task.stdout"}
{"timestamp":"2026-06-11T11:25:52.850714Z","level":"info","event":"\u001b[36m📊 СТАТИСТИКА ПАРСИНГА","logger":"task.stdout"}
{"timestamp":"2026-06-11T11:25:52.850898Z","level":"info","event":"\u001b[36m================================================================================\u001b[0m","logger":"task.stdout"}
{"timestamp":"2026-06-11T11:25:52.851117Z","level":"info","event":"","logger":"task.stdout"}
{"timestamp":"2026-06-11T11:25:52.851289Z","level":"info","event":"\u001b[32mЗапросы: 252/254","logger":"task.stdout"}
{"timestamp":"2026-06-11T11:25:52.851431Z","level":"info","event":"\u001b[34mСсылки: 502 найдено, 254 посещено","logger":"task.stdout"}
{"timestamp":"2026-06-11T11:25:52.851534Z","level":"info","event":"\u001b[35mСтатьи: 252 (4,936,113 символов)","logger":"task.stdout"}
{"timestamp":"2026-06-11T11:25:52.851607Z","level":"info","event":"\u001b[31mОшибки: 2 URL","logger":"task.stdout"}
{"timestamp":"2026-06-11T11:25:52.851682Z","level":"info","event":"\u001b[36m================================================================================","logger":"task.stdout"}
{"timestamp":"2026-06-11T11:25:52.851929Z","level":"info","event":"","logger":"task.stdout"}
{"timestamp":"2026-06-11T11:25:52.859477Z","level":"error","event":"\r                                                          \u001b[A\rПрогресс парсинга: 0стр [09:45, ?стр/s]","logger":"task.stderr"}
{"timestamp":"2026-06-11T11:25:56.084279Z","level":"info","event":"\u001b[32m💾 all_articles.json (13031.0 KB, 252 статей)","logger":"task.stdout"}
{"timestamp":"2026-06-11T11:25:56.102132Z","level":"info","event":"","logger":"task.stdout"}
{"timestamp":"2026-06-11T11:25:56.106870Z","level":"info","event":"\u001b[33m🧹 ЭТАП 2: ОЧИСТКА","logger":"task.stdout"}
{"timestamp":"2026-06-11T11:25:56.109911Z","level":"info","event":"","logger":"task.stdout"}
{"timestamp":"2026-06-11T11:25:56.110490Z","level":"info","event":"","logger":"task.stdout"}
{"timestamp":"2026-06-11T11:25:56.110800Z","level":"info","event":"\u001b[36m================================================================================","logger":"task.stdout"}
{"timestamp":"2026-06-11T11:25:56.111043Z","level":"info","event":"\u001b[36m🧹 ШАГ 1: УДАЛЕНИЕ ДУБЛИКАТОВ","logger":"task.stdout"}
{"timestamp":"2026-06-11T11:25:56.111193Z","level":"info","event":"\u001b[36m================================================================================\u001b[0m","logger":"task.stdout"}
{"timestamp":"2026-06-11T11:25:56.111322Z","level":"info","event":"","logger":"task.stdout"}
{"timestamp":"2026-06-11T11:25:56.332390Z","level":"info","event":"\u001b[31m✓ Удален дубликат: 239_как_получить_статус_квалифицированного_инвестора.json","logger":"task.stdout"}
{"timestamp":"2026-06-11T11:25:56.679283Z","level":"info","event":"\u001b[31m✓ Удален дубликат: во_что_можно_инвестировать.json","logger":"task.stdout"}
{"timestamp":"2026-06-11T11:25:56.979370Z","level":"info","event":"\u001b[31m✓ Удален дубликат: виды_бирж.json","logger":"task.stdout"}
{"timestamp":"2026-06-11T11:25:57.001775Z","level":"info","event":"\u001b[31m✓ Удален дубликат: 081_как_получать_отчеты_и_справки.json","logger":"task.stdout"}
{"timestamp":"2026-06-11T11:25:57.016784Z","level":"info","event":"\u001b[31m✓ Удален дубликат: 013_тпомощь_инвестиции.json","logger":"task.stdout"}
{"timestamp":"2026-06-11T11:25:57.084074Z","level":"info","event":"\u001b[31m✓ Удален дубликат: 236_наследование_ценных_бумаг.json","logger":"task.stdout"}
{"timestamp":"2026-06-11T11:25:57.090927Z","level":"info","event":"\u001b[31m✓ Удален дубликат: что_такое_ликвидность.json","logger":"task.stdout"}
{"timestamp":"2026-06-11T11:25:57.093717Z","level":"info","event":"\u001b[31m✓ Удален дубликат: 070_отчеты_и_справки.json","logger":"task.stdout"}
{"timestamp":"2026-06-11T11:25:57.104232Z","level":"info","event":"\u001b[31m✓ Удален дубликат: размещение_и_выкуп_акций.json","logger":"task.stdout"}
{"timestamp":"2026-06-11T11:25:57.123773Z","level":"info","event":"\u001b[31m✓ Удален дубликат: 144_как_пользоваться_терминалом.json","logger":"task.stdout"}
{"timestamp":"2026-06-11T11:25:57.144865Z","level":"info","event":"\u001b[31m✓ Удален дубликат: советы_начинающим_инвесторам.json","logger":"task.stdout"}
{"timestamp":"2026-06-11T11:25:57.263981Z","level":"info","event":"\u001b[31m✓ Удален дубликат: 024_купонный_доход_по_облигациям.json","logger":"task.stdout"}
{"timestamp":"2026-06-11T11:25:57.293516Z","level":"info","event":"\u001b[31m✓ Удален дубликат: как_работают_неоактивы.json","logger":"task.stdout"}
{"timestamp":"2026-06-11T11:25:57.338462Z","level":"info","event":"\u001b[31m✓ Удален дубликат: 039_брокерский_счет.json","logger":"task.stdout"}
{"timestamp":"2026-06-11T11:25:57.361404Z","level":"info","event":"\u001b[31m✓ Удален дубликат: что_такое_офз.json","logger":"task.stdout"}
{"timestamp":"2026-06-11T11:25:57.394294Z","level":"info","event":"\u001b[31m✓ Удален дубликат: что_такое_биржа.json","logger":"task.stdout"}
{"timestamp":"2026-06-11T11:25:57.404909Z","level":"info","event":"\u001b[31m✓ Удален дубликат: как_читать_налоговый_отчет_от_т_инвестиций.json","logger":"task.stdout"}
{"timestamp":"2026-06-11T11:25:57.454915Z","level":"info","event":"\u001b[31m✓ Удален дубликат: как_заработать_на_облигациях.json","logger":"task.stdout"}
{"timestamp":"2026-06-11T11:25:57.480440Z","level":"info","event":"\u001b[31m✓ Удален дубликат: как_заработать_на_акциях.json","logger":"task.stdout"}
{"timestamp":"2026-06-11T11:25:57.485867Z","level":"info","event":"\u001b[31m✓ Удален дубликат: 021_что_такое_облигации.json","logger":"task.stdout"}
{"timestamp":"2026-06-11T11:25:57.497846Z","level":"info","event":"\u001b[31m✓ Удален дубликат: как_устроен_фьючерсный_рынок.json","logger":"task.stdout"}
{"timestamp":"2026-06-11T11:25:57.513669Z","level":"info","event":"\u001b[31m✓ Удален дубликат: эмиссионные_ценные_бумаги_виды_и_признаки.json","logger":"task.stdout"}
{"timestamp":"2026-06-11T11:25:57.551127Z","level":"info","event":"\u001b[31m✓ Удален дубликат: 250_секреты_диверсификации.json","logger":"task.stdout"}
{"timestamp":"2026-06-11T11:25:57.563962Z","level":"info","event":"\u001b[31m✓ Удален дубликат: что_такое_брокерский_счет.json","logger":"task.stdout"}
{"timestamp":"2026-06-11T11:25:57.578510Z","level":"info","event":"\u001b[31m✓ Удален дубликат: участники_рынка_ценных_бумаг.json","logger":"task.stdout"}
{"timestamp":"2026-06-11T11:25:57.588744Z","level":"info","event":"\u001b[31m✓ Удален дубликат: 060_как_рассчитывается_вариационная_маржа.json","logger":"task.stdout"}
{"timestamp":"2026-06-11T11:25:57.603811Z","level":"info","event":"\u001b[31m✓ Удален дубликат: 120_сервисы_т_инвестиций.json","logger":"task.stdout"}
{"timestamp":"2026-06-11T11:25:57.613286Z","level":"info","event":"\u001b[31m✓ Удален дубликат: 019_как_работает_срочный_рынок.json","logger":"task.stdout"}
{"timestamp":"2026-06-11T11:25:57.650442Z","level":"info","event":"\u001b[31m✓ Удален дубликат: 036_типы_купонов_по_облигациям.json","logger":"task.stdout"}
{"timestamp":"2026-06-11T11:25:57.655305Z","level":"info","event":"\u001b[31m✓ Удален дубликат: как_работает_фондовый_рынок.json","logger":"task.stdout"}
{"timestamp":"2026-06-11T11:25:57.664252Z","level":"info","event":"\u001b[31m✓ Удален дубликат: что_такое_акции.json","logger":"task.stdout"}
{"timestamp":"2026-06-11T11:25:57.675258Z","level":"info","event":"\u001b[31m✓ Удален дубликат: 190_налог_на_доход_от_торговли_ценными_бумагами.json","logger":"task.stdout"}
{"timestamp":"2026-06-11T11:25:57.694463Z","level":"info","event":"\u001b[31m✓ Удален дубликат: как_подключить_и_отключить_автоследование_в_т_инвестициях.json","logger":"task.stdout"}
{"timestamp":"2026-06-11T11:25:57.745153Z","level":"info","event":"\u001b[31m✓ Удален дубликат: инвестиционные_счета.json","logger":"task.stdout"}
{"timestamp":"2026-06-11T11:25:57.750988Z","level":"info","event":"\u001b[31m✓ Удален дубликат: 245_ветер_перемен_что_делать_инвестору.json","logger":"task.stdout"}
{"timestamp":"2026-06-11T11:25:57.756438Z","level":"info","event":"\u001b[31m✓ Удален дубликат: как_в_терминале_выбрать_активы_для_биржевой_торговли.json","logger":"task.stdout"}
{"timestamp":"2026-06-11T11:25:57.778997Z","level":"info","event":"\u001b[31m✓ Удален дубликат: 057_как_открыть_брокерский_счет.json","logger":"task.stdout"}
{"timestamp":"2026-06-11T11:25:57.782560Z","level":"info","event":"\u001b[31m✓ Удален дубликат: полезное_для_инвесторов.json","logger":"task.stdout"}
{"timestamp":"2026-06-11T11:25:57.799483Z","level":"info","event":"\u001b[31m✓ Удален дубликат: 054_нужно_ли_закрывать_брокерский_счет.json","logger":"task.stdout"}
{"timestamp":"2026-06-11T11:25:57.810028Z","level":"info","event":"\u001b[31m✓ Удален дубликат: 071_как_читать_брокерский_отчет_от_т_инвестиций.json","logger":"task.stdout"}
{"timestamp":"2026-06-11T11:25:57.829817Z","level":"info","event":"\u001b[31m✓ Удален дубликат: сбалансированный_портфель_и_минимизация_рисков.json","logger":"task.stdout"}
{"timestamp":"2026-06-11T11:25:57.880152Z","level":"info","event":"\u001b[31m✓ Удален дубликат: как_скачать_документы_для_подачи_в_налоговые_органы_и_не_только.json","logger":"task.stdout"}
{"timestamp":"2026-06-11T11:25:57.882102Z","level":"info","event":"\u001b[31m✓ Удален дубликат: 026_риск_манипуляций_на_бирже.json","logger":"task.stdout"}
{"timestamp":"2026-06-11T11:25:57.893674Z","level":"info","event":"\u001b[31m✓ Удален дубликат: срочный_рынок.json","logger":"task.stdout"}
{"timestamp":"2026-06-11T11:25:57.894939Z","level":"info","event":"\u001b[31m✓ Удален дубликат: 030_что_такое_фонды_etf_и_бпиф.json","logger":"task.stdout"}
{"timestamp":"2026-06-11T11:25:57.898231Z","level":"info","event":"\u001b[31m✓ Удален дубликат: дивидендный_доход_по_акциям.json","logger":"task.stdout"}
{"timestamp":"2026-06-11T11:25:57.913988Z","level":"info","event":"\u001b[31m✓ Удален дубликат: как_покупать_и_продавать_ценные_бумаги_и_валюту.json","logger":"task.stdout"}
{"timestamp":"2026-06-11T11:25:57.919532Z","level":"info","event":"\u001b[31m✓ Удален дубликат: особенности_инвестирования_на_бирже.json","logger":"task.stdout"}
{"timestamp":"2026-06-11T11:25:57.920978Z","level":"info","event":"","logger":"task.stdout"}
{"timestamp":"2026-06-11T11:25:57.921158Z","level":"info","event":"\u001b[32mУдалено дубликатов: 48","logger":"task.stdout"}
{"timestamp":"2026-06-11T11:25:57.922122Z","level":"info","event":"","logger":"task.stdout"}
{"timestamp":"2026-06-11T11:25:57.929913Z","level":"info","event":"\u001b[36m================================================================================","logger":"task.stdout"}
{"timestamp":"2026-06-11T11:25:57.930513Z","level":"info","event":"\u001b[36m🔄 ШАГ 2: СОЗДАНИЕ ФАЙЛОВ БЕЗ НУМЕРАЦИИ","logger":"task.stdout"}
{"timestamp":"2026-06-11T11:25:57.930659Z","level":"info","event":"\u001b[36m================================================================================\u001b[0m","logger":"task.stdout"}
{"timestamp":"2026-06-11T11:25:57.931236Z","level":"info","event":"","logger":"task.stdout"}
{"timestamp":"2026-06-11T11:25:57.949370Z","level":"info","event":"\u001b[32m✓ Создан: как_заработать_на_акциях.json","logger":"task.stdout"}
{"timestamp":"2026-06-11T11:25:57.963433Z","level":"info","event":"\u001b[32m✓ Создан: советы_начинающим_инвесторам.json","logger":"task.stdout"}
{"timestamp":"2026-06-11T11:25:57.975154Z","level":"info","event":"\u001b[32m✓ Создан: виды_бирж.json","logger":"task.stdout"}
{"timestamp":"2026-06-11T11:25:57.982258Z","level":"info","event":"\u001b[32m✓ Создан: сбалансированный_портфель_и_минимизация_рисков.json","logger":"task.stdout"}
{"timestamp":"2026-06-11T11:25:57.991265Z","level":"info","event":"\u001b[32m✓ Создан: как_в_терминале_выбрать_активы_для_биржевой_торговли.json","logger":"task.stdout"}
{"timestamp":"2026-06-11T11:25:58.014039Z","level":"info","event":"\u001b[32m✓ Создан: что_такое_пульс.json","logger":"task.stdout"}
{"timestamp":"2026-06-11T11:25:58.026510Z","level":"info","event":"\u001b[32m✓ Создан: во_что_можно_инвестировать.json","logger":"task.stdout"}
{"timestamp":"2026-06-11T11:25:58.048392Z","level":"info","event":"\u001b[32m✓ Создан: особенности_инвестирования_на_бирже.json","logger":"task.stdout"}
{"timestamp":"2026-06-11T11:25:58.060132Z","level":"info","event":"\u001b[32m✓ Создан: что_такое_офз.json","logger":"task.stdout"}
{"timestamp":"2026-06-11T11:25:58.071612Z","level":"info","event":"\u001b[32m✓ Создан: что_такое_ликвидность.json","logger":"task.stdout"}
{"timestamp":"2026-06-11T11:25:58.084826Z","level":"info","event":"\u001b[32m✓ Создан: эмиссионные_ценные_бумаги_виды_и_признаки.json","logger":"task.stdout"}
{"timestamp":"2026-06-11T11:25:58.108011Z","level":"info","event":"\u001b[32m✓ Создан: дивидендный_доход_по_акциям.json","logger":"task.stdout"}
{"timestamp":"2026-06-11T11:25:58.111712Z","level":"info","event":"\u001b[32m✓ Создан: как_читать_налоговый_отчет_от_т_инвестиций.json","logger":"task.stdout"}
{"timestamp":"2026-06-11T11:25:58.129510Z","level":"info","event":"\u001b[32m✓ Создан: как_подписаться_на_других_пользователей_и_каналы.json","logger":"task.stdout"}
{"timestamp":"2026-06-11T11:25:58.136129Z","level":"info","event":"\u001b[32m✓ Создан: как_заработать_на_облигациях.json","logger":"task.stdout"}
{"timestamp":"2026-06-11T11:25:58.145140Z","level":"info","event":"\u001b[32m✓ Создан: как_работает_фондовый_рынок.json","logger":"task.stdout"}
{"timestamp":"2026-06-11T11:25:58.155559Z","level":"info","event":"\u001b[32m✓ Создан: как_скачать_документы_для_подачи_в_налоговые_органы_и_не_только.json","logger":"task.stdout"}
{"timestamp":"2026-06-11T11:25:58.161498Z","level":"info","event":"\u001b[32m✓ Создан: участники_рынка_ценных_бумаг.json","logger":"task.stdout"}
{"timestamp":"2026-06-11T11:25:58.169251Z","level":"info","event":"\u001b[32m✓ Создан: что_такое_акции.json","logger":"task.stdout"}
{"timestamp":"2026-06-11T11:25:58.175378Z","level":"info","event":"\u001b[32m✓ Создан: полезное_для_инвесторов.json","logger":"task.stdout"}
{"timestamp":"2026-06-11T11:25:58.193279Z","level":"info","event":"\u001b[32m✓ Создан: правила_модерации.json","logger":"task.stdout"}
{"timestamp":"2026-06-11T11:25:58.213018Z","level":"info","event":"\u001b[32m✓ Создан: как_устроен_фьючерсный_рынок.json","logger":"task.stdout"}
{"timestamp":"2026-06-11T11:25:58.219338Z","level":"info","event":"\u001b[32m✓ Создан: как_покупать_и_продавать_ценные_бумаги_и_валюту.json","logger":"task.stdout"}
{"timestamp":"2026-06-11T11:25:58.226739Z","level":"info","event":"\u001b[32m✓ Создан: что_нужно_для_статуса_квалифицированного_инвестора.json","logger":"task.stdout"}
{"timestamp":"2026-06-11T11:25:58.238096Z","level":"info","event":"\u001b[32m✓ Создан: как_подтвердить_профиль.json","logger":"task.stdout"}
{"timestamp":"2026-06-11T11:25:58.248642Z","level":"info","event":"\u001b[32m✓ Создан: срочный_рынок.json","logger":"task.stdout"}
{"timestamp":"2026-06-11T11:25:58.260645Z","level":"info","event":"\u001b[32m✓ Создан: прямые_эфиры_и_записи_эфиров.json","logger":"task.stdout"}
{"timestamp":"2026-06-11T11:25:58.281775Z","level":"info","event":"\u001b[32m✓ Создан: что_такое_брокерский_счет.json","logger":"task.stdout"}
{"timestamp":"2026-06-11T11:25:58.296591Z","level":"info","event":"\u001b[32m✓ Создан: размещение_и_выкуп_акций.json","logger":"task.stdout"}
{"timestamp":"2026-06-11T11:25:58.302285Z","level":"info","event":"\u001b[32m✓ Создан: как_вывести_деньги_с_иис.json","logger":"task.stdout"}
{"timestamp":"2026-06-11T11:25:58.309321Z","level":"info","event":"\u001b[32m✓ Создан: замещающие_облигации.json","logger":"task.stdout"}
{"timestamp":"2026-06-11T11:25:58.318728Z","level":"info","event":"\u001b[32m✓ Создан: как_заработать_на_публикациях.json","logger":"task.stdout"}
{"timestamp":"2026-06-11T11:25:58.331134Z","level":"info","event":"\u001b[32m✓ Создан: как_работают_неоактивы.json","logger":"task.stdout"}
{"timestamp":"2026-06-11T11:25:58.346482Z","level":"info","event":"\u001b[32m✓ Создан: жалобы_и_черные_списки.json","logger":"task.stdout"}
{"timestamp":"2026-06-11T11:25:58.353069Z","level":"info","event":"\u001b[32m✓ Создан: что_такое_биржа.json","logger":"task.stdout"}
{"timestamp":"2026-06-11T11:25:58.359899Z","level":"info","event":"\u001b[32m✓ Создан: эмитенты_в_пульсе.json","logger":"task.stdout"}
{"timestamp":"2026-06-11T11:25:58.364745Z","level":"info","event":"\u001b[32m✓ Создан: инвестиционные_счета.json","logger":"task.stdout"}
{"timestamp":"2026-06-11T11:25:58.372997Z","level":"info","event":"\u001b[32m✓ Создан: как_сравнивать_компании.json","logger":"task.stdout"}
{"timestamp":"2026-06-11T11:25:58.375687Z","level":"info","event":"\u001b[32m✓ Создан: как_устроена_программа_привилегий_для_авторов_пульса.json","logger":"task.stdout"}
{"timestamp":"2026-06-11T11:25:58.384338Z","level":"info","event":"\u001b[32m✓ Создан: как_создать_профиль.json","logger":"task.stdout"}
{"timestamp":"2026-06-11T11:25:58.391126Z","level":"info","event":"\u001b[32m✓ Создан: закрытые_паевые_инвестиционные_фонды_зпиф.json","logger":"task.stdout"}
{"timestamp":"2026-06-11T11:25:58.396883Z","level":"info","event":"\u001b[32m✓ Создан: как_подключить_и_отключить_автоследование_в_т_инвестициях.json","logger":"task.stdout"}
{"timestamp":"2026-06-11T11:25:58.404087Z","level":"info","event":"\u001b[32m✓ Создан: пульс.json","logger":"task.stdout"}
{"timestamp":"2026-06-11T11:25:58.431958Z","level":"info","event":"\u001b[32m✓ Создан: первая_публикация.json","logger":"task.stdout"}
{"timestamp":"2026-06-11T11:25:58.432898Z","level":"info","event":"","logger":"task.stdout"}
{"timestamp":"2026-06-11T11:25:58.433371Z","level":"info","event":"\u001b[32mСоздано файлов без нумерации: 44","logger":"task.stdout"}
{"timestamp":"2026-06-11T11:25:58.434039Z","level":"info","event":"","logger":"task.stdout"}
{"timestamp":"2026-06-11T11:25:58.435046Z","level":"info","event":"\u001b[36m================================================================================","logger":"task.stdout"}
{"timestamp":"2026-06-11T11:25:58.435732Z","level":"info","event":"\u001b[36m🗑️  ШАГ 3: УДАЛЕНИЕ ПРОНУМЕРОВАННЫХ ФАЙЛОВ","logger":"task.stdout"}
{"timestamp":"2026-06-11T11:25:58.436231Z","level":"info","event":"\u001b[36m================================================================================\u001b[0m","logger":"task.stdout"}
{"timestamp":"2026-06-11T11:25:58.437214Z","level":"info","event":"","logger":"task.stdout"}
{"timestamp":"2026-06-11T11:25:58.437800Z","level":"info","event":"\u001b[31m✓ Удален: 110_что_такое_облигации.json","logger":"task.stdout"}
{"timestamp":"2026-06-11T11:25:58.438658Z","level":"info","event":"\u001b[31m✓ Удален: 020_как_заработать_на_акциях.json","logger":"task.stdout"}
{"timestamp":"2026-06-11T11:25:58.439319Z","level":"info","event":"\u001b[31m✓ Удален: 172_как_устроена_маржинальная_торговля.json","logger":"task.stdout"}
{"timestamp":"2026-06-11T11:25:58.442368Z","level":"info","event":"\u001b[31m✓ Удален: 138_советы_начинающим_инвесторам.json","logger":"task.stdout"}
{"timestamp":"2026-06-11T11:25:58.442911Z","level":"info","event":"\u001b[31m✓ Удален: 068_виды_бирж.json","logger":"task.stdout"}
{"timestamp":"2026-06-11T11:25:58.443095Z","level":"info","event":"\u001b[31m✓ Удален: 248_сбалансированный_портфель_и_минимизация_рисков.json","logger":"task.stdout"}
{"timestamp":"2026-06-11T11:25:58.443477Z","level":"info","event":"\u001b[31m✓ Удален: 184_как_заработать_на_акциях.json","logger":"task.stdout"}
{"timestamp":"2026-06-11T11:25:58.444062Z","level":"info","event":"\u001b[31m✓ Удален: 140_как_в_терминале_выбрать_активы_для_биржевой_торговли.json","logger":"task.stdout"}
{"timestamp":"2026-06-11T11:25:58.444525Z","level":"info","event":"\u001b[31m✓ Удален: 114_что_такое_пульс.json","logger":"task.stdout"}
{"timestamp":"2026-06-11T11:25:58.445048Z","level":"info","event":"\u001b[31m✓ Удален: 069_как_получать_отчеты_и_справки.json","logger":"task.stdout"}
{"timestamp":"2026-06-11T11:25:58.445478Z","level":"info","event":"\u001b[31m✓ Удален: 129_что_такое_пульс.json","logger":"task.stdout"}
{"timestamp":"2026-06-11T11:25:58.446122Z","level":"info","event":"\u001b[31m✓ Удален: 109_во_что_можно_инвестировать.json","logger":"task.stdout"}
{"timestamp":"2026-06-11T11:25:58.446652Z","level":"info","event":"\u001b[31m✓ Удален: 151_как_перевести_бумаги_в_тинвестиции.json","logger":"task.stdout"}
{"timestamp":"2026-06-11T11:25:58.448271Z","level":"info","event":"\u001b[31m✓ Удален: 029_особенности_инвестирования_на_бирже.json","logger":"task.stdout"}
{"timestamp":"2026-06-11T11:25:58.448690Z","level":"info","event":"\u001b[31m✓ Удален: 111_что_такое_пульс.json","logger":"task.stdout"}
{"timestamp":"2026-06-11T11:25:58.449062Z","level":"info","event":"\u001b[31m✓ Удален: 154_что_такое_офз.json","logger":"task.stdout"}
{"timestamp":"2026-06-11T11:25:58.449398Z","level":"info","event":"\u001b[31m✓ Удален: 086_как_читать_брокерский_отчет_от_т_инвестиций.json","logger":"task.stdout"}
{"timestamp":"2026-06-11T11:25:58.449520Z","level":"info","event":"\u001b[31m✓ Удален: 199_как_вывести_деньги_с_брокерского_счета.json","logger":"task.stdout"}
{"timestamp":"2026-06-11T11:25:58.449681Z","level":"info","event":"\u001b[31m✓ Удален: 135_что_такое_ликвидность.json","logger":"task.stdout"}
{"timestamp":"2026-06-11T11:25:58.449886Z","level":"info","event":"\u001b[31m✓ Удален: 210_что_такое_фонды_etf_и_бпиф.json","logger":"task.stdout"}
{"timestamp":"2026-06-11T11:25:58.449967Z","level":"info","event":"\u001b[31m✓ Удален: 139_что_такое_ликвидность.json","logger":"task.stdout"}
{"timestamp":"2026-06-11T11:25:58.450102Z","level":"info","event":"\u001b[31m✓ Удален: 234_эмиссионные_ценные_бумаги_виды_и_признаки.json","logger":"task.stdout"}
{"timestamp":"2026-06-11T11:25:58.450851Z","level":"info","event":"\u001b[31m✓ Удален: 126_что_такое_пульс.json","logger":"task.stdout"}
{"timestamp":"2026-06-11T11:25:58.451204Z","level":"info","event":"\u001b[31m✓ Удален: 092_как_получать_отчеты_и_справки.json","logger":"task.stdout"}
{"timestamp":"2026-06-11T11:25:58.451590Z","level":"info","event":"\u001b[31m✓ Удален: 174_что_такое_офз.json","logger":"task.stdout"}
{"timestamp":"2026-06-11T11:25:58.451785Z","level":"info","event":"\u001b[31m✓ Удален: 191_дивидендный_доход_по_акциям.json","logger":"task.stdout"}
{"timestamp":"2026-06-11T11:25:58.452237Z","level":"info","event":"\u001b[31m✓ Удален: 003_виды_бирж.json","logger":"task.stdout"}
{"timestamp":"2026-06-11T11:25:58.452986Z","level":"info","event":"\u001b[31m✓ Удален: 089_как_читать_налоговый_отчет_от_т_инвестиций.json","logger":"task.stdout"}
{"timestamp":"2026-06-11T11:25:58.453423Z","level":"info","event":"\u001b[31m✓ Удален: 015_режимы_торгов.json","logger":"task.stdout"}
{"timestamp":"2026-06-11T11:25:58.454697Z","level":"info","event":"\u001b[31m✓ Удален: 128_как_подписаться_на_других_пользователей_и_каналы.json","logger":"task.stdout"}
{"timestamp":"2026-06-11T11:25:58.455330Z","level":"info","event":"\u001b[31m✓ Удален: 207_как_заработать_на_облигациях.json","logger":"task.stdout"}
{"timestamp":"2026-06-11T11:25:58.456198Z","level":"info","event":"\u001b[31m✓ Удален: 106_как_работает_фондовый_рынок.json","logger":"task.stdout"}
{"timestamp":"2026-06-11T11:25:58.459747Z","level":"info","event":"\u001b[31m✓ Удален: 004_особенности_инвестирования_на_бирже.json","logger":"task.stdout"}
{"timestamp":"2026-06-11T11:25:58.461940Z","level":"info","event":"\u001b[31m✓ Удален: 080_как_скачать_документы_для_подачи_в_налоговые_органы_и_не_только.json","logger":"task.stdout"}
{"timestamp":"2026-06-11T11:25:58.462431Z","level":"info","event":"\u001b[31m✓ Удален: 150_участники_рынка_ценных_бумаг.json","logger":"task.stdout"}
{"timestamp":"2026-06-11T11:25:58.464345Z","level":"info","event":"\u001b[31m✓ Удален: 104_как_работает_фондовый_рынок.json","logger":"task.stdout"}
{"timestamp":"2026-06-11T11:25:58.465249Z","level":"info","event":"\u001b[31m✓ Удален: 014_что_такое_акции.json","logger":"task.stdout"}
{"timestamp":"2026-06-11T11:25:58.468069Z","level":"info","event":"\u001b[31m✓ Удален: 031_полезное_для_инвесторов.json","logger":"task.stdout"}
{"timestamp":"2026-06-11T11:25:58.468551Z","level":"info","event":"\u001b[31m✓ Удален: 103_как_получать_отчеты_и_справки.json","logger":"task.stdout"}
{"timestamp":"2026-06-11T11:25:58.469173Z","level":"info","event":"\u001b[31m✓ Удален: 018_особенности_инвестирования_на_бирже.json","logger":"task.stdout"}
{"timestamp":"2026-06-11T11:25:58.470478Z","level":"info","event":"\u001b[31m✓ Удален: 152_участники_рынка_ценных_бумаг.json","logger":"task.stdout"}
{"timestamp":"2026-06-11T11:25:58.471735Z","level":"info","event":"\u001b[31m✓ Удален: 177_что_такое_офз.json","logger":"task.stdout"}
{"timestamp":"2026-06-11T11:25:58.472234Z","level":"info","event":"\u001b[31m✓ Удален: 131_правила_модерации.json","logger":"task.stdout"}
{"timestamp":"2026-06-11T11:25:58.472944Z","level":"info","event":"\u001b[31m✓ Удален: 193_дивидендный_доход_по_акциям.json","logger":"task.stdout"}
{"timestamp":"2026-06-11T11:25:58.473993Z","level":"info","event":"\u001b[31m✓ Удален: 222_что_такое_акции.json","logger":"task.stdout"}
{"timestamp":"2026-06-11T11:25:58.475105Z","level":"info","event":"\u001b[31m✓ Удален: 066_виды_бирж.json","logger":"task.stdout"}
{"timestamp":"2026-06-11T11:25:58.477248Z","level":"info","event":"\u001b[31m✓ Удален: 045_как_устроен_фьючерсный_рынок.json","logger":"task.stdout"}
{"timestamp":"2026-06-11T11:25:58.480845Z","level":"info","event":"\u001b[31m✓ Удален: 183_как_покупать_и_продавать_ценные_бумаги_и_валюту.json","logger":"task.stdout"}
{"timestamp":"2026-06-11T11:25:58.483717Z","level":"info","event":"\u001b[31m✓ Удален: 028_что_нужно_для_статуса_квалифицированного_инвестора.json","logger":"task.stdout"}
{"timestamp":"2026-06-11T11:25:58.484441Z","level":"info","event":"\u001b[31m✓ Удален: 094_как_получать_отчеты_и_справки.json","logger":"task.stdout"}
{"timestamp":"2026-06-11T11:25:58.486343Z","level":"info","event":"\u001b[31m✓ Удален: 196_режимы_торгов.json","logger":"task.stdout"}
{"timestamp":"2026-06-11T11:25:58.487111Z","level":"info","event":"\u001b[31m✓ Удален: 243_эмиссионные_ценные_бумаги_виды_и_признаки.json","logger":"task.stdout"}
{"timestamp":"2026-06-11T11:25:58.488213Z","level":"info","event":"\u001b[31m✓ Удален: 064_особенности_инвестирования_на_бирже.json","logger":"task.stdout"}
{"timestamp":"2026-06-11T11:25:58.488666Z","level":"info","event":"\u001b[31m✓ Удален: 227_что_такое_акции.json","logger":"task.stdout"}
{"timestamp":"2026-06-11T11:25:58.489438Z","level":"info","event":"\u001b[31m✓ Удален: 044_как_покупать_и_продавать_драгоценные_металлы.json","logger":"task.stdout"}
{"timestamp":"2026-06-11T11:25:58.492750Z","level":"info","event":"\u001b[31m✓ Удален: 091_как_читать_налоговый_отчет_от_т_инвестиций.json","logger":"task.stdout"}
{"timestamp":"2026-06-11T11:25:58.498274Z","level":"info","event":"\u001b[31m✓ Удален: 218_что_такое_фонды_etf_и_бпиф.json","logger":"task.stdout"}
{"timestamp":"2026-06-11T11:25:58.499071Z","level":"info","event":"\u001b[31m✓ Удален: 112_как_подтвердить_профиль.json","logger":"task.stdout"}
{"timestamp":"2026-06-11T11:25:58.500442Z","level":"info","event":"\u001b[31m✓ Удален: 101_как_читать_налоговый_отчет_от_т_инвестиций.json","logger":"task.stdout"}
{"timestamp":"2026-06-11T11:25:58.506811Z","level":"info","event":"\u001b[31m✓ Удален: 141_что_такое_ликвидность.json","logger":"task.stdout"}
{"timestamp":"2026-06-11T11:25:58.510979Z","level":"info","event":"\u001b[31m✓ Удален: 061_виды_бирж.json","logger":"task.stdout"}
{"timestamp":"2026-06-11T11:25:58.513955Z","level":"info","event":"\u001b[31m✓ Удален: 048_как_торговать_фьючерсами.json","logger":"task.stdout"}
{"timestamp":"2026-06-11T11:25:58.516188Z","level":"info","event":"\u001b[31m✓ Удален: 201_купонный_доход_по_облигациям.json","logger":"task.stdout"}
{"timestamp":"2026-06-11T11:25:58.517709Z","level":"info","event":"\u001b[31m✓ Удален: 164_что_такое_облигации.json","logger":"task.stdout"}
{"timestamp":"2026-06-11T11:25:58.518279Z","level":"info","event":"\u001b[31m✓ Удален: 153_что_такое_облигации.json","logger":"task.stdout"}
{"timestamp":"2026-06-11T11:25:58.519148Z","level":"info","event":"\u001b[31m✓ Удален: 047_срочный_рынок.json","logger":"task.stdout"}
{"timestamp":"2026-06-11T11:25:58.519494Z","level":"info","event":"\u001b[31m✓ Удален: 008_особенности_инвестирования_на_бирже.json","logger":"task.stdout"}
{"timestamp":"2026-06-11T11:25:58.520069Z","level":"info","event":"\u001b[31m✓ Удален: 232_типы_купонов_по_облигациям.json","logger":"task.stdout"}
{"timestamp":"2026-06-11T11:25:58.521124Z","level":"info","event":"\u001b[31m✓ Удален: 225_как_начать_торговать_на_бирже.json","logger":"task.stdout"}
{"timestamp":"2026-06-11T11:25:58.523166Z","level":"info","event":"\u001b[31m✓ Удален: 113_прямые_эфиры_и_записи_эфиров.json","logger":"task.stdout"}
{"timestamp":"2026-06-11T11:25:58.524051Z","level":"info","event":"\u001b[31m✓ Удален: 063_виды_бирж.json","logger":"task.stdout"}
{"timestamp":"2026-06-11T11:25:58.525795Z","level":"info","event":"\u001b[31m✓ Удален: 127_что_такое_пульс.json","logger":"task.stdout"}
{"timestamp":"2026-06-11T11:25:58.527774Z","level":"info","event":"\u001b[31m✓ Удален: 056_как_работает_срочный_рынок.json","logger":"task.stdout"}
{"timestamp":"2026-06-11T11:25:58.528045Z","level":"info","event":"\u001b[31m✓ Удален: 011_как_начать_торговать_на_бирже.json","logger":"task.stdout"}
{"timestamp":"2026-06-11T11:25:58.536052Z","level":"info","event":"\u001b[31m✓ Удален: 010_как_заработать_на_облигациях.json","logger":"task.stdout"}
{"timestamp":"2026-06-11T11:25:58.556613Z","level":"info","event":"\u001b[31m✓ Удален: 043_что_такое_брокерский_счет.json","logger":"task.stdout"}
{"timestamp":"2026-06-11T11:25:58.557747Z","level":"info","event":"\u001b[31m✓ Удален: 033_эмиссионные_ценные_бумаги_виды_и_признаки.json","logger":"task.stdout"}
{"timestamp":"2026-06-11T11:25:58.560415Z","level":"info","event":"\u001b[31m✓ Удален: 108_режимы_торгов.json","logger":"task.stdout"}
{"timestamp":"2026-06-11T11:25:58.562973Z","level":"info","event":"\u001b[31m✓ Удален: 005_размещение_и_выкуп_акций.json","logger":"task.stdout"}
{"timestamp":"2026-06-11T11:25:58.566680Z","level":"info","event":"\u001b[31m✓ Удален: 133_что_такое_ликвидность.json","logger":"task.stdout"}
{"timestamp":"2026-06-11T11:25:58.573896Z","level":"info","event":"\u001b[31m✓ Удален: 241_эмиссионные_ценные_бумаги_виды_и_признаки.json","logger":"task.stdout"}
{"timestamp":"2026-06-11T11:25:58.576765Z","level":"info","event":"\u001b[31m✓ Удален: 073_как_читать_брокерский_отчет_от_т_инвестиций.json","logger":"task.stdout"}
{"timestamp":"2026-06-11T11:25:58.577907Z","level":"info","event":"\u001b[31m✓ Удален: 208_как_покупать_и_продавать_ценные_бумаги_и_валюту.json","logger":"task.stdout"}
{"timestamp":"2026-06-11T11:25:58.578240Z","level":"info","event":"\u001b[31m✓ Удален: 251_сбалансированный_портфель_и_минимизация_рисков.json","logger":"task.stdout"}
{"timestamp":"2026-06-11T11:25:58.583556Z","level":"info","event":"\u001b[31m✓ Удален: 156_что_такое_облигации.json","logger":"task.stdout"}
{"timestamp":"2026-06-11T11:25:58.584510Z","level":"info","event":"\u001b[31m✓ Удален: 093_как_получать_отчеты_и_справки.json","logger":"task.stdout"}
{"timestamp":"2026-06-11T11:25:58.585496Z","level":"info","event":"\u001b[31m✓ Удален: 198_как_вывести_деньги_с_иис.json","logger":"task.stdout"}
{"timestamp":"2026-06-11T11:25:58.587710Z","level":"info","event":"\u001b[31m✓ Удален: 233_эмиссионные_ценные_бумаги_виды_и_признаки.json","logger":"task.stdout"}
{"timestamp":"2026-06-11T11:25:58.590141Z","level":"info","event":"\u001b[31m✓ Удален: 158_замещающие_облигации.json","logger":"task.stdout"}
{"timestamp":"2026-06-11T11:25:58.592473Z","level":"info","event":"\u001b[31m✓ Удален: 022_особенности_инвестирования_на_бирже.json","logger":"task.stdout"}
{"timestamp":"2026-06-11T11:25:58.594768Z","level":"info","event":"\u001b[31m✓ Удален: 118_как_заработать_на_публикациях.json","logger":"task.stdout"}
{"timestamp":"2026-06-11T11:25:58.600028Z","level":"info","event":"\u001b[31m✓ Удален: 002_как_работает_фондовый_рынок.json","logger":"task.stdout"}
{"timestamp":"2026-06-11T11:25:58.603099Z","level":"info","event":"\u001b[31m✓ Удален: 142_фундаментальный_анализ_ценных_бумаг.json","logger":"task.stdout"}
{"timestamp":"2026-06-11T11:25:58.605826Z","level":"info","event":"\u001b[31m✓ Удален: 087_как_читать_налоговый_отчет_от_т_инвестиций.json","logger":"task.stdout"}
{"timestamp":"2026-06-11T11:25:58.606699Z","level":"info","event":"\u001b[31m✓ Удален: 231_типы_купонов_по_облигациям.json","logger":"task.stdout"}
{"timestamp":"2026-06-11T11:25:58.607734Z","level":"info","event":"\u001b[31m✓ Удален: 206_как_заработать_на_облигациях.json","logger":"task.stdout"}
{"timestamp":"2026-06-11T11:25:58.609755Z","level":"info","event":"\u001b[31m✓ Удален: 098_как_скачать_документы_для_подачи_в_налоговые_органы_и_не_только.json","logger":"task.stdout"}
{"timestamp":"2026-06-11T11:25:58.620068Z","level":"info","event":"\u001b[31m✓ Удален: 107_как_работает_фондовый_рынок.json","logger":"task.stdout"}
{"timestamp":"2026-06-11T11:25:58.625398Z","level":"info","event":"\u001b[31m✓ Удален: 059_как_работают_неоактивы.json","logger":"task.stdout"}
{"timestamp":"2026-06-11T11:25:58.634213Z","level":"info","event":"\u001b[31m✓ Удален: 167_как_покупать_и_продавать_ценные_бумаги_и_валюту.json","logger":"task.stdout"}
{"timestamp":"2026-06-11T11:25:58.639319Z","level":"info","event":"\u001b[31m✓ Удален: 166_размещение_и_выкуп_акций.json","logger":"task.stdout"}
{"timestamp":"2026-06-11T11:25:58.642129Z","level":"info","event":"\u001b[31m✓ Удален: 185_как_заработать_на_акциях.json","logger":"task.stdout"}
{"timestamp":"2026-06-11T11:25:58.649391Z","level":"info","event":"\u001b[31m✓ Удален: 192_дивидендный_доход_по_акциям.json","logger":"task.stdout"}
{"timestamp":"2026-06-11T11:25:58.651661Z","level":"info","event":"\u001b[31m✓ Удален: 102_как_получать_отчеты_и_справки.json","logger":"task.stdout"}
{"timestamp":"2026-06-11T11:25:58.655676Z","level":"info","event":"\u001b[31m✓ Удален: 125_жалобы_и_черные_списки.json","logger":"task.stdout"}
{"timestamp":"2026-06-11T11:25:58.662912Z","level":"info","event":"\u001b[31m✓ Удален: 216_что_такое_фонды_etf_и_бпиф.json","logger":"task.stdout"}
{"timestamp":"2026-06-11T11:25:58.666724Z","level":"info","event":"\u001b[31m✓ Удален: 105_как_работает_фондовый_рынок.json","logger":"task.stdout"}
{"timestamp":"2026-06-11T11:25:58.674172Z","level":"info","event":"\u001b[31m✓ Удален: 204_как_заработать_на_облигациях.json","logger":"task.stdout"}
{"timestamp":"2026-06-11T11:25:58.679176Z","level":"info","event":"\u001b[31m✓ Удален: 085_как_читать_налоговый_отчет_от_т_инвестиций.json","logger":"task.stdout"}
{"timestamp":"2026-06-11T11:25:58.681407Z","level":"info","event":"\u001b[31m✓ Удален: 065_виды_бирж.json","logger":"task.stdout"}
{"timestamp":"2026-06-11T11:25:58.683654Z","level":"info","event":"\u001b[31m✓ Удален: 095_как_получать_отчеты_и_справки.json","logger":"task.stdout"}
{"timestamp":"2026-06-11T11:25:58.684137Z","level":"info","event":"\u001b[31m✓ Удален: 023_что_такое_биржа.json","logger":"task.stdout"}
{"timestamp":"2026-06-11T11:25:58.686838Z","level":"info","event":"\u001b[31m✓ Удален: 037_как_устроен_фьючерсный_рынок.json","logger":"task.stdout"}
{"timestamp":"2026-06-11T11:25:58.689712Z","level":"info","event":"\u001b[31m✓ Удален: 246_сбалансированный_портфель_и_минимизация_рисков.json","logger":"task.stdout"}
{"timestamp":"2026-06-11T11:25:58.691938Z","level":"info","event":"\u001b[31m✓ Удален: 123_эмитенты_в_пульсе.json","logger":"task.stdout"}
{"timestamp":"2026-06-11T11:25:58.693347Z","level":"info","event":"\u001b[31m✓ Удален: 009_льгота_на_долгосрочное_владение_ценными_бумагами_лдв.json","logger":"task.stdout"}
{"timestamp":"2026-06-11T11:25:58.694281Z","level":"info","event":"\u001b[31m✓ Удален: 051_как_торговать_опционами.json","logger":"task.stdout"}
{"timestamp":"2026-06-11T11:25:58.695607Z","level":"info","event":"\u001b[31m✓ Удален: 130_что_такое_пульс.json","logger":"task.stdout"}
{"timestamp":"2026-06-11T11:25:58.706471Z","level":"info","event":"\u001b[31m✓ Удален: 213_что_такое_фонды_etf_и_бпиф.json","logger":"task.stdout"}
{"timestamp":"2026-06-11T11:25:58.709995Z","level":"info","event":"\u001b[31m✓ Удален: 223_что_такое_акции.json","logger":"task.stdout"}
{"timestamp":"2026-06-11T11:25:58.713017Z","level":"info","event":"\u001b[31m✓ Удален: 220_что_такое_фонды_etf_и_бпиф.json","logger":"task.stdout"}
{"timestamp":"2026-06-11T11:25:58.714328Z","level":"info","event":"\u001b[31m✓ Удален: 134_что_такое_ликвидность.json","logger":"task.stdout"}
{"timestamp":"2026-06-11T11:25:58.715149Z","level":"info","event":"\u001b[31m✓ Удален: 226_что_такое_акции.json","logger":"task.stdout"}
{"timestamp":"2026-06-11T11:25:58.716071Z","level":"info","event":"\u001b[31m✓ Удален: 077_как_получать_отчеты_и_справки.json","logger":"task.stdout"}
{"timestamp":"2026-06-11T11:25:58.717522Z","level":"info","event":"\u001b[31m✓ Удален: 182_как_заработать_на_акциях.json","logger":"task.stdout"}
{"timestamp":"2026-06-11T11:25:58.719434Z","level":"info","event":"\u001b[31m✓ Удален: 088_как_читать_брокерский_отчет_от_т_инвестиций.json","logger":"task.stdout"}
{"timestamp":"2026-06-11T11:25:58.721842Z","level":"info","event":"\u001b[31m✓ Удален: 062_виды_бирж.json","logger":"task.stdout"}
{"timestamp":"2026-06-11T11:25:58.727001Z","level":"info","event":"\u001b[31m✓ Удален: 209_как_заработать_на_облигациях.json","logger":"task.stdout"}
{"timestamp":"2026-06-11T11:25:58.728380Z","level":"info","event":"\u001b[31m✓ Удален: 042_как_устроена_маржинальная_торговля.json","logger":"task.stdout"}
{"timestamp":"2026-06-11T11:25:58.728995Z","level":"info","event":"\u001b[31m✓ Удален: 058_инвестиционные_счета.json","logger":"task.stdout"}
{"timestamp":"2026-06-11T11:25:58.729389Z","level":"info","event":"\u001b[31m✓ Удален: 050_как_пополнить_брокерский_счет.json","logger":"task.stdout"}
{"timestamp":"2026-06-11T11:25:58.730520Z","level":"info","event":"\u001b[31m✓ Удален: 244_сбалансированный_портфель_и_минимизация_рисков.json","logger":"task.stdout"}
{"timestamp":"2026-06-11T11:25:58.731718Z","level":"info","event":"\u001b[31m✓ Удален: 072_как_скачать_документы_для_подачи_в_налоговые_органы_и_не_только.json","logger":"task.stdout"}
{"timestamp":"2026-06-11T11:25:58.731961Z","level":"info","event":"\u001b[31m✓ Удален: 025_что_такое_офз.json","logger":"task.stdout"}
{"timestamp":"2026-06-11T11:25:58.732114Z","level":"info","event":"\u001b[31m✓ Удален: 173_что_такое_акции.json","logger":"task.stdout"}
{"timestamp":"2026-06-11T11:25:58.732778Z","level":"info","event":"\u001b[31m✓ Удален: 165_размещение_и_выкуп_акций.json","logger":"task.stdout"}
{"timestamp":"2026-06-11T11:25:58.732969Z","level":"info","event":"\u001b[31m✓ Удален: 034_особенности_инвестирования_на_бирже.json","logger":"task.stdout"}
{"timestamp":"2026-06-11T11:25:58.733334Z","level":"info","event":"\u001b[31m✓ Удален: 228_как_устроена_биржа_опционов.json","logger":"task.stdout"}
{"timestamp":"2026-06-11T11:25:58.734010Z","level":"info","event":"\u001b[31m✓ Удален: 079_как_получать_отчеты_и_справки.json","logger":"task.stdout"}
{"timestamp":"2026-06-11T11:25:58.736304Z","level":"info","event":"\u001b[31m✓ Удален: 230_типы_купонов_по_облигациям.json","logger":"task.stdout"}
{"timestamp":"2026-06-11T11:25:58.737040Z","level":"info","event":"\u001b[31m✓ Удален: 076_как_читать_брокерский_отчет_от_т_инвестиций.json","logger":"task.stdout"}
{"timestamp":"2026-06-11T11:25:58.737848Z","level":"info","event":"\u001b[31m✓ Удален: 252_сбалансированный_портфель_и_минимизация_рисков.json","logger":"task.stdout"}
{"timestamp":"2026-06-11T11:25:58.738179Z","level":"info","event":"\u001b[31m✓ Удален: 155_как_сравнивать_компании.json","logger":"task.stdout"}
{"timestamp":"2026-06-11T11:25:58.739067Z","level":"info","event":"\u001b[31m✓ Удален: 067_как_работает_срочный_рынок.json","logger":"task.stdout"}
{"timestamp":"2026-06-11T11:25:58.740127Z","level":"info","event":"\u001b[31m✓ Удален: 035_сбалансированный_портфель_и_минимизация_рисков.json","logger":"task.stdout"}
{"timestamp":"2026-06-11T11:25:58.741402Z","level":"info","event":"\u001b[31m✓ Удален: 170_размещение_и_выкуп_акций.json","logger":"task.stdout"}
{"timestamp":"2026-06-11T11:25:58.741999Z","level":"info","event":"\u001b[31m✓ Удален: 188_дивидендный_доход_по_акциям.json","logger":"task.stdout"}
{"timestamp":"2026-06-11T11:25:58.743272Z","level":"info","event":"\u001b[31m✓ Удален: 032_виды_бирж.json","logger":"task.stdout"}
{"timestamp":"2026-06-11T11:25:58.744983Z","level":"info","event":"\u001b[31m✓ Удален: 163_что_такое_облигации.json","logger":"task.stdout"}
{"timestamp":"2026-06-11T11:25:58.745418Z","level":"info","event":"\u001b[31m✓ Удален: 149_участники_рынка_ценных_бумаг.json","logger":"task.stdout"}
{"timestamp":"2026-06-11T11:25:58.746122Z","level":"info","event":"\u001b[31m✓ Удален: 205_купонный_доход_по_облигациям.json","logger":"task.stdout"}
{"timestamp":"2026-06-11T11:25:58.747167Z","level":"info","event":"\u001b[31m✓ Удален: 082_как_читать_налоговый_отчет_от_т_инвестиций.json","logger":"task.stdout"}
{"timestamp":"2026-06-11T11:25:58.748895Z","level":"info","event":"\u001b[31m✓ Удален: 115_как_подписаться_на_других_пользователей_и_каналы.json","logger":"task.stdout"}
{"timestamp":"2026-06-11T11:25:58.749915Z","level":"info","event":"\u001b[31m✓ Удален: 090_как_получать_отчеты_и_справки.json","logger":"task.stdout"}
{"timestamp":"2026-06-11T11:25:58.751308Z","level":"info","event":"\u001b[31m✓ Удален: 194_дивидендный_доход_по_акциям.json","logger":"task.stdout"}
{"timestamp":"2026-06-11T11:25:58.752328Z","level":"info","event":"\u001b[31m✓ Удален: 097_как_читать_брокерский_отчет_от_т_инвестиций.json","logger":"task.stdout"}
{"timestamp":"2026-06-11T11:25:58.753082Z","level":"info","event":"\u001b[31m✓ Удален: 169_размещение_и_выкуп_акций.json","logger":"task.stdout"}
{"timestamp":"2026-06-11T11:25:58.753654Z","level":"info","event":"\u001b[31m✓ Удален: 075_как_читать_налоговый_отчет_от_т_инвестиций.json","logger":"task.stdout"}
{"timestamp":"2026-06-11T11:25:58.756217Z","level":"info","event":"\u001b[31m✓ Удален: 074_как_скачать_документы_для_подачи_в_налоговые_органы_и_не_только.json","logger":"task.stdout"}
{"timestamp":"2026-06-11T11:25:58.757014Z","level":"info","event":"\u001b[31m✓ Удален: 116_как_устроена_программа_привилегий_для_авторов_пульса.json","logger":"task.stdout"}
{"timestamp":"2026-06-11T11:25:58.757223Z","level":"info","event":"\u001b[31m✓ Удален: 121_как_создать_профиль.json","logger":"task.stdout"}
{"timestamp":"2026-06-11T11:25:58.757698Z","level":"info","event":"\u001b[31m✓ Удален: 237_эмиссионные_ценные_бумаги_виды_и_признаки.json","logger":"task.stdout"}
{"timestamp":"2026-06-11T11:25:58.759901Z","level":"info","event":"\u001b[31m✓ Удален: 181_как_заработать_на_акциях.json","logger":"task.stdout"}
{"timestamp":"2026-06-11T11:25:58.760801Z","level":"info","event":"\u001b[31m✓ Удален: 100_как_читать_брокерский_отчет_от_т_инвестиций.json","logger":"task.stdout"}
{"timestamp":"2026-06-11T11:25:58.761166Z","level":"info","event":"\u001b[31m✓ Удален: 240_эмиссионные_ценные_бумаги_виды_и_признаки.json","logger":"task.stdout"}
{"timestamp":"2026-06-11T11:25:58.761872Z","level":"info","event":"\u001b[31m✓ Удален: 017_дивидендный_доход_по_акциям.json","logger":"task.stdout"}
{"timestamp":"2026-06-11T11:25:58.762262Z","level":"info","event":"\u001b[31m✓ Удален: 157_купонный_доход_по_облигациям.json","logger":"task.stdout"}
{"timestamp":"2026-06-11T11:25:58.762930Z","level":"info","event":"\u001b[31m✓ Удален: 084_как_получать_отчеты_и_справки.json","logger":"task.stdout"}
{"timestamp":"2026-06-11T11:25:58.764945Z","level":"info","event":"\u001b[31m✓ Удален: 136_терминал_т_инвестиций.json","logger":"task.stdout"}
{"timestamp":"2026-06-11T11:25:58.765955Z","level":"info","event":"\u001b[31m✓ Удален: 055_как_устроен_фьючерсный_рынок.json","logger":"task.stdout"}
{"timestamp":"2026-06-11T11:25:58.766932Z","level":"info","event":"\u001b[31m✓ Удален: 027_фундаментальный_анализ_ценных_бумаг.json","logger":"task.stdout"}
{"timestamp":"2026-06-11T11:25:58.768407Z","level":"info","event":"\u001b[31m✓ Удален: 146_участники_рынка_ценных_бумаг.json","logger":"task.stdout"}
{"timestamp":"2026-06-11T11:25:58.769559Z","level":"info","event":"\u001b[31m✓ Удален: 212_что_такое_фонды_etf_и_бпиф.json","logger":"task.stdout"}
{"timestamp":"2026-06-11T11:25:58.770263Z","level":"info","event":"\u001b[31m✓ Удален: 187_дивидендный_доход_по_акциям.json","logger":"task.stdout"}
{"timestamp":"2026-06-11T11:25:58.771001Z","level":"info","event":"\u001b[31m✓ Удален: 203_купонный_доход_по_облигациям.json","logger":"task.stdout"}
{"timestamp":"2026-06-11T11:25:58.771605Z","level":"info","event":"\u001b[31m✓ Удален: 160_как_заработать_на_облигациях.json","logger":"task.stdout"}
{"timestamp":"2026-06-11T11:25:58.772104Z","level":"info","event":"\u001b[31m✓ Удален: 215_закрытые_паевые_инвестиционные_фонды_зпиф.json","logger":"task.stdout"}
{"timestamp":"2026-06-11T11:25:58.773946Z","level":"info","event":"\u001b[31m✓ Удален: 124_что_такое_пульс.json","logger":"task.stdout"}
{"timestamp":"2026-06-11T11:25:58.774210Z","level":"info","event":"\u001b[31m✓ Удален: 247_сбалансированный_портфель_и_минимизация_рисков.json","logger":"task.stdout"}
{"timestamp":"2026-06-11T11:25:58.774901Z","level":"info","event":"\u001b[31m✓ Удален: 217_что_такое_фонды_etf_и_бпиф.json","logger":"task.stdout"}
{"timestamp":"2026-06-11T11:25:58.775462Z","level":"info","event":"\u001b[31m✓ Удален: 186_как_заработать_на_акциях.json","logger":"task.stdout"}
{"timestamp":"2026-06-11T11:25:58.776313Z","level":"info","event":"\u001b[31m✓ Удален: 171_размещение_и_выкуп_акций.json","logger":"task.stdout"}
{"timestamp":"2026-06-11T11:25:58.777337Z","level":"info","event":"\u001b[31m✓ Удален: 078_как_получать_отчеты_и_справки.json","logger":"task.stdout"}
{"timestamp":"2026-06-11T11:25:58.779285Z","level":"info","event":"\u001b[31m✓ Удален: 242_эмиссионные_ценные_бумаги_виды_и_признаки.json","logger":"task.stdout"}
{"timestamp":"2026-06-11T11:25:58.779884Z","level":"info","event":"\u001b[31m✓ Удален: 007_что_такое_ликвидность.json","logger":"task.stdout"}
{"timestamp":"2026-06-11T11:25:58.781554Z","level":"info","event":"\u001b[31m✓ Удален: 049_как_выставлять_биржевые_заявки.json","logger":"task.stdout"}
{"timestamp":"2026-06-11T11:25:58.782732Z","level":"info","event":"\u001b[31m✓ Удален: 083_как_читать_брокерский_отчет_от_т_инвестиций.json","logger":"task.stdout"}
{"timestamp":"2026-06-11T11:25:58.783495Z","level":"info","event":"\u001b[31m✓ Удален: 006_особенности_инвестирования_на_бирже.json","logger":"task.stdout"}
{"timestamp":"2026-06-11T11:25:58.784238Z","level":"info","event":"\u001b[31m✓ Удален: 176_что_такое_офз.json","logger":"task.stdout"}
{"timestamp":"2026-06-11T11:25:58.784619Z","level":"info","event":"\u001b[31m✓ Удален: 096_как_читать_налоговый_отчет_от_т_инвестиций.json","logger":"task.stdout"}
{"timestamp":"2026-06-11T11:25:58.785558Z","level":"info","event":"\u001b[31m✓ Удален: 148_участники_рынка_ценных_бумаг.json","logger":"task.stdout"}
{"timestamp":"2026-06-11T11:25:58.786341Z","level":"info","event":"\u001b[31m✓ Удален: 147_что_такое_брокерский_счет.json","logger":"task.stdout"}
{"timestamp":"2026-06-11T11:25:58.786675Z","level":"info","event":"\u001b[31m✓ Удален: 229_типы_купонов_по_облигациям.json","logger":"task.stdout"}
{"timestamp":"2026-06-11T11:25:58.788454Z","level":"info","event":"\u001b[31m✓ Удален: 012_особенности_инвестирования_на_бирже.json","logger":"task.stdout"}
{"timestamp":"2026-06-11T11:25:58.789168Z","level":"info","event":"\u001b[31m✓ Удален: 211_что_такое_фонды_etf_и_бпиф.json","logger":"task.stdout"}
{"timestamp":"2026-06-11T11:25:58.789733Z","level":"info","event":"\u001b[31m✓ Удален: 249_сбалансированный_портфель_и_минимизация_рисков.json","logger":"task.stdout"}
{"timestamp":"2026-06-11T11:25:58.790308Z","level":"info","event":"\u001b[31m✓ Удален: 145_участники_рынка_ценных_бумаг.json","logger":"task.stdout"}
{"timestamp":"2026-06-11T11:25:58.792223Z","level":"info","event":"\u001b[31m✓ Удален: 200_как_подключить_и_отключить_автоследование_в_т_инвестициях.json","logger":"task.stdout"}
{"timestamp":"2026-06-11T11:25:58.793983Z","level":"info","event":"\u001b[31m✓ Удален: 195_дивидендный_доход_по_акциям.json","logger":"task.stdout"}
{"timestamp":"2026-06-11T11:25:58.796066Z","level":"info","event":"\u001b[31m✓ Удален: 041_как_вывести_деньги_с_брокерского_счета.json","logger":"task.stdout"}
{"timestamp":"2026-06-11T11:25:58.797359Z","level":"info","event":"\u001b[31m✓ Удален: 180_что_такое_офз.json","logger":"task.stdout"}
{"timestamp":"2026-06-11T11:25:58.798214Z","level":"info","event":"\u001b[31m✓ Удален: 052_как_устроен_фьючерсный_рынок.json","logger":"task.stdout"}
{"timestamp":"2026-06-11T11:25:58.798737Z","level":"info","event":"\u001b[31m✓ Удален: 224_что_такое_акции.json","logger":"task.stdout"}
{"timestamp":"2026-06-11T11:25:58.803087Z","level":"info","event":"\u001b[31m✓ Удален: 137_что_такое_ликвидность.json","logger":"task.stdout"}
{"timestamp":"2026-06-11T11:25:58.805282Z","level":"info","event":"\u001b[31m✓ Удален: 214_что_такое_фонды_etf_и_бпиф.json","logger":"task.stdout"}
{"timestamp":"2026-06-11T11:25:58.806166Z","level":"info","event":"\u001b[31m✓ Удален: 038_тарифы_для_брокерского_счета_и_иис.json","logger":"task.stdout"}
{"timestamp":"2026-06-11T11:25:58.808961Z","level":"info","event":"\u001b[31m✓ Удален: 040_как_устроен_фьючерсный_рынок.json","logger":"task.stdout"}
{"timestamp":"2026-06-11T11:25:58.813098Z","level":"info","event":"\u001b[31m✓ Удален: 221_что_такое_акции.json","logger":"task.stdout"}
{"timestamp":"2026-06-11T11:25:58.814329Z","level":"info","event":"\u001b[31m✓ Удален: 132_что_такое_пульс.json","logger":"task.stdout"}
{"timestamp":"2026-06-11T11:25:58.814888Z","level":"info","event":"\u001b[31m✓ Удален: 168_размещение_и_выкуп_акций.json","logger":"task.stdout"}
{"timestamp":"2026-06-11T11:25:58.815547Z","level":"info","event":"\u001b[31m✓ Удален: 016_участники_рынка_ценных_бумаг.json","logger":"task.stdout"}
{"timestamp":"2026-06-11T11:25:58.816379Z","level":"info","event":"\u001b[31m✓ Удален: 099_как_читать_брокерский_отчет_от_т_инвестиций.json","logger":"task.stdout"}
{"timestamp":"2026-06-11T11:25:58.817312Z","level":"info","event":"\u001b[31m✓ Удален: 162_что_такое_облигации.json","logger":"task.stdout"}
{"timestamp":"2026-06-11T11:25:58.818744Z","level":"info","event":"\u001b[31m✓ Удален: 119_пульс.json","logger":"task.stdout"}
{"timestamp":"2026-06-11T11:25:58.819827Z","level":"info","event":"\u001b[31m✓ Удален: 046_как_покупать_и_продавать_ценные_бумаги_и_валюту.json","logger":"task.stdout"}
{"timestamp":"2026-06-11T11:25:58.821171Z","level":"info","event":"\u001b[31m✓ Удален: 219_что_такое_фонды_etf_и_бпиф.json","logger":"task.stdout"}
{"timestamp":"2026-06-11T11:25:58.821582Z","level":"info","event":"\u001b[31m✓ Удален: 053_как_устроена_биржа_опционов.json","logger":"task.stdout"}
{"timestamp":"2026-06-11T11:25:58.822532Z","level":"info","event":"\u001b[31m✓ Удален: 179_налог_на_доход_от_торговли_ценными_бумагами.json","logger":"task.stdout"}
{"timestamp":"2026-06-11T11:25:58.823376Z","level":"info","event":"\u001b[31m✓ Удален: 001_как_работает_рынок_ценных_бумаг.json","logger":"task.stdout"}
{"timestamp":"2026-06-11T11:25:58.823601Z","level":"info","event":"\u001b[31m✓ Удален: 197_дивидендный_доход_по_акциям.json","logger":"task.stdout"}
{"timestamp":"2026-06-11T11:25:58.824047Z","level":"info","event":"\u001b[31m✓ Удален: 202_купонный_доход_по_облигациям.json","logger":"task.stdout"}
{"timestamp":"2026-06-11T11:25:58.824766Z","level":"info","event":"\u001b[31m✓ Удален: 175_что_такое_офз.json","logger":"task.stdout"}
{"timestamp":"2026-06-11T11:25:58.825188Z","level":"info","event":"\u001b[31m✓ Удален: 178_что_такое_офз.json","logger":"task.stdout"}
{"timestamp":"2026-06-11T11:25:58.826264Z","level":"info","event":"\u001b[31m✓ Удален: 117_как_создать_профиль.json","logger":"task.stdout"}
{"timestamp":"2026-06-11T11:25:58.826836Z","level":"info","event":"\u001b[31m✓ Удален: 161_как_заработать_на_облигациях.json","logger":"task.stdout"}
{"timestamp":"2026-06-11T11:25:58.828011Z","level":"info","event":"\u001b[31m✓ Удален: 159_что_такое_облигации.json","logger":"task.stdout"}
{"timestamp":"2026-06-11T11:25:58.828160Z","level":"info","event":"\u001b[31m✓ Удален: 235_эмиссионные_ценные_бумаги_виды_и_признаки.json","logger":"task.stdout"}
{"timestamp":"2026-06-11T11:25:58.830356Z","level":"info","event":"\u001b[31m✓ Удален: 122_первая_публикация.json","logger":"task.stdout"}
{"timestamp":"2026-06-11T11:25:58.831324Z","level":"info","event":"\u001b[31m✓ Удален: 238_эмиссионные_ценные_бумаги_виды_и_признаки.json","logger":"task.stdout"}
{"timestamp":"2026-06-11T11:25:58.832469Z","level":"info","event":"\u001b[31m✓ Удален: 189_как_вывести_деньги_с_брокерского_счета.json","logger":"task.stdout"}
{"timestamp":"2026-06-11T11:25:58.833914Z","level":"info","event":"\u001b[31m✓ Удален: 143_что_такое_ликвидность.json","logger":"task.stdout"}
{"timestamp":"2026-06-11T11:25:58.836209Z","level":"info","event":"","logger":"task.stdout"}
{"timestamp":"2026-06-11T11:25:58.836628Z","level":"info","event":"\u001b[32mУдалено пронумерованных файлов: 231","logger":"task.stdout"}
{"timestamp":"2026-06-11T11:25:58.837248Z","level":"info","event":"","logger":"task.stdout"}
{"timestamp":"2026-06-11T11:25:58.839048Z","level":"info","event":"\u001b[36m================================================================================","logger":"task.stdout"}
{"timestamp":"2026-06-11T11:25:58.839295Z","level":"info","event":"\u001b[36m🗑️  ШАГ 4: УДАЛЕНИЕ ЧЕКПОИНТОВ","logger":"task.stdout"}
{"timestamp":"2026-06-11T11:25:58.840584Z","level":"info","event":"\u001b[36m================================================================================\u001b[0m","logger":"task.stdout"}
{"timestamp":"2026-06-11T11:25:58.842306Z","level":"info","event":"","logger":"task.stdout"}
{"timestamp":"2026-06-11T11:25:58.847707Z","level":"info","event":"\u001b[32m✓ Удален: checkpoint_110_articles.json","logger":"task.stdout"}
{"timestamp":"2026-06-11T11:25:58.848810Z","level":"info","event":"\u001b[32m✓ Удален: checkpoint_190_articles.json","logger":"task.stdout"}
{"timestamp":"2026-06-11T11:25:58.849303Z","level":"info","event":"\u001b[32m✓ Удален: checkpoint_70_articles.json","logger":"task.stdout"}
{"timestamp":"2026-06-11T11:25:58.850637Z","level":"info","event":"\u001b[32m✓ Удален: checkpoint_80_articles.json","logger":"task.stdout"}
{"timestamp":"2026-06-11T11:25:58.853934Z","level":"info","event":"\u001b[32m✓ Удален: checkpoint_160_articles.json","logger":"task.stdout"}
{"timestamp":"2026-06-11T11:25:58.855505Z","level":"info","event":"\u001b[32m✓ Удален: checkpoint_10_articles.json","logger":"task.stdout"}
{"timestamp":"2026-06-11T11:25:58.857468Z","level":"info","event":"\u001b[32m✓ Удален: checkpoint_90_articles.json","logger":"task.stdout"}
{"timestamp":"2026-06-11T11:25:58.859305Z","level":"info","event":"\u001b[32m✓ Удален: checkpoint_170_articles.json","logger":"task.stdout"}
{"timestamp":"2026-06-11T11:25:58.862551Z","level":"info","event":"\u001b[32m✓ Удален: checkpoint_180_articles.json","logger":"task.stdout"}
{"timestamp":"2026-06-11T11:25:58.864958Z","level":"info","event":"\u001b[32m✓ Удален: checkpoint_60_articles.json","logger":"task.stdout"}
{"timestamp":"2026-06-11T11:25:58.874560Z","level":"info","event":"\u001b[32m✓ Удален: checkpoint_100_articles.json","logger":"task.stdout"}
{"timestamp":"2026-06-11T11:25:58.878200Z","level":"info","event":"\u001b[32m✓ Удален: checkpoint_40_articles.json","logger":"task.stdout"}
{"timestamp":"2026-06-11T11:25:58.884827Z","level":"info","event":"\u001b[32m✓ Удален: checkpoint_120_articles.json","logger":"task.stdout"}
{"timestamp":"2026-06-11T11:25:58.885883Z","level":"info","event":"\u001b[32m✓ Удален: checkpoint_30_articles.json","logger":"task.stdout"}
{"timestamp":"2026-06-11T11:25:58.890516Z","level":"info","event":"\u001b[32m✓ Удален: checkpoint_150_articles.json","logger":"task.stdout"}
{"timestamp":"2026-06-11T11:25:58.895867Z","level":"info","event":"\u001b[32m✓ Удален: checkpoint_140_articles.json","logger":"task.stdout"}
{"timestamp":"2026-06-11T11:25:58.900514Z","level":"info","event":"\u001b[32m✓ Удален: checkpoint_20_articles.json","logger":"task.stdout"}
{"timestamp":"2026-06-11T11:25:58.905886Z","level":"info","event":"\u001b[32m✓ Удален: checkpoint_130_articles.json","logger":"task.stdout"}
{"timestamp":"2026-06-11T11:25:58.910000Z","level":"info","event":"\u001b[32m✓ Удален: checkpoint_50_articles.json","logger":"task.stdout"}
{"timestamp":"2026-06-11T11:25:58.911377Z","level":"info","event":"\u001b[32m✓ Удален: checkpoint_200_articles.json","logger":"task.stdout"}
{"timestamp":"2026-06-11T11:25:58.918101Z","level":"info","event":"\u001b[32m✓ Удален: checkpoint_210_articles.json","logger":"task.stdout"}
{"timestamp":"2026-06-11T11:25:58.924524Z","level":"info","event":"\u001b[32m✓ Удален: checkpoint_240_articles.json","logger":"task.stdout"}
{"timestamp":"2026-06-11T11:25:58.926299Z","level":"info","event":"\u001b[32m✓ Удален: checkpoint_230_articles.json","logger":"task.stdout"}
{"timestamp":"2026-06-11T11:25:58.927562Z","level":"info","event":"\u001b[32m✓ Удален: checkpoint_220_articles.json","logger":"task.stdout"}
{"timestamp":"2026-06-11T11:25:58.929540Z","level":"info","event":"\u001b[32m✓ Удален: checkpoint_250_articles.json","logger":"task.stdout"}
{"timestamp":"2026-06-11T11:25:58.930895Z","level":"info","event":"","logger":"task.stdout"}
{"timestamp":"2026-06-11T11:25:58.931095Z","level":"info","event":"\u001b[32mУдалено чекпоинтов: 25","logger":"task.stdout"}
{"timestamp":"2026-06-11T11:25:58.931711Z","level":"info","event":"","logger":"task.stdout"}
{"timestamp":"2026-06-11T11:25:58.931849Z","level":"info","event":"\u001b[36m================================================================================","logger":"task.stdout"}
{"timestamp":"2026-06-11T11:25:58.932345Z","level":"info","event":"\u001b[36m✅ ПРОВЕРКА РЕЗУЛЬТАТА","logger":"task.stdout"}
{"timestamp":"2026-06-11T11:25:58.932655Z","level":"info","event":"\u001b[36m================================================================================\u001b[0m","logger":"task.stdout"}
{"timestamp":"2026-06-11T11:25:58.932743Z","level":"info","event":"","logger":"task.stdout"}
{"timestamp":"2026-06-11T11:25:58.940407Z","level":"info","event":"\u001b[32mВсего файлов: 130","logger":"task.stdout"}
{"timestamp":"2026-06-11T11:25:58.940870Z","level":"info","event":"\u001b[32m✅ Пронумерованных файлов не осталось!","logger":"task.stdout"}
{"timestamp":"2026-06-11T11:25:58.941427Z","level":"info","event":"\u001b[32m✅ Все файлы имеют корректные названия!","logger":"task.stdout"}
{"timestamp":"2026-06-11T11:25:58.941913Z","level":"info","event":"","logger":"task.stdout"}
{"timestamp":"2026-06-11T11:25:58.942753Z","level":"info","event":"\u001b[36m================================================================================","logger":"task.stdout"}
{"timestamp":"2026-06-11T11:25:58.943291Z","level":"info","event":"","logger":"task.stdout"}
{"timestamp":"2026-06-11T11:25:58.943560Z","level":"info","event":"\u001b[36m================================================================================","logger":"task.stdout"}
{"timestamp":"2026-06-11T11:25:58.943975Z","level":"info","event":"\u001b[36m📊 ИТОГОВАЯ СТАТИСТИКА ОЧИСТКИ","logger":"task.stdout"}
{"timestamp":"2026-06-11T11:25:58.944314Z","level":"info","event":"\u001b[36m================================================================================\u001b[0m","logger":"task.stdout"}
{"timestamp":"2026-06-11T11:25:58.944503Z","level":"info","event":"","logger":"task.stdout"}
{"timestamp":"2026-06-11T11:25:58.944940Z","level":"info","event":"\u001b[32m  • Удалено дубликатов: 48","logger":"task.stdout"}
{"timestamp":"2026-06-11T11:25:58.945388Z","level":"info","event":"\u001b[32m  • Создано файлов без нумерации: 44","logger":"task.stdout"}
{"timestamp":"2026-06-11T11:25:58.945773Z","level":"info","event":"\u001b[32m  • Удалено пронумерованных: 231","logger":"task.stdout"}
{"timestamp":"2026-06-11T11:25:58.946153Z","level":"info","event":"\u001b[32m  • Удалено чекпоинтов: 25","logger":"task.stdout"}
{"timestamp":"2026-06-11T11:25:58.946633Z","level":"info","event":"","logger":"task.stdout"}
{"timestamp":"2026-06-11T11:25:58.946718Z","level":"info","event":"\u001b[36m================================================================================","logger":"task.stdout"}
{"timestamp":"2026-06-11T11:25:58.946850Z","level":"info","event":"","logger":"task.stdout"}
{"timestamp":"2026-06-11T11:25:58.946962Z","level":"info","event":"\u001b[32m================================================================================","logger":"task.stdout"}
{"timestamp":"2026-06-11T11:25:58.947244Z","level":"info","event":"\u001b[32m🎉 ВСЕ ЗАВЕРШЕНО!","logger":"task.stdout"}
{"timestamp":"2026-06-11T11:25:58.947562Z","level":"info","event":"\u001b[32m================================================================================\u001b[0m","logger":"task.stdout"}
{"timestamp":"2026-06-11T11:25:58.948128Z","level":"info","event":"","logger":"task.stdout"}
{"timestamp":"2026-06-11T11:25:58.948919Z","level":"info","event":"\u001b[36m📁 Директория: /opt/airflow/tbank_knowledge","logger":"task.stdout"}
{"timestamp":"2026-06-11T11:25:58.949528Z","level":"info","event":"\u001b[36m📚 Уникальных статей: 252","logger":"task.stdout"}
{"timestamp":"2026-06-11T11:25:58.949750Z","level":"info","event":"","logger":"task.stdout"}
{"timestamp":"2026-06-11T11:25:59.011911Z","level":"info","event":"Окончание парсинга","logger":"task.stdout"}
{"timestamp":"2026-06-11T11:25:59.023506Z","level":"info","event":"Done. Returned value was: {'status': 'success', 'timestamp': '2026-06-11 11:25:59.011504'}","run_id":"manual__2026-06-11T11:15:47.219248+00:00","map_index":-1,"ti_id":"019eb665-37d6-7a64-859a-9a6881997bef","task_id":"run_tbank_parser","try_number":1,"dag_id":"daily_data_update","logger":"airflow.task.operators.airflow.providers.standard.operators.python.PythonOperator","filename":"python.py","lineno":233}
{"timestamp":"2026-06-11T11:25:59.029951Z","level":"info","event":"::group::Post Execute","run_id":"manual__2026-06-11T11:15:47.219248+00:00","map_index":-1,"ti_id":"019eb665-37d6-7a64-859a-9a6881997bef","task_id":"run_tbank_parser","try_number":1,"dag_id":"daily_data_update","logger":"task","filename":"task_runner.py","lineno":1288}
{"timestamp":"2026-06-11T11:25:59.043001Z","level":"info","event":"Pushing xcom","ti":"RuntimeTaskInstance(id=UUID('019eb665-37d6-7a64-859a-9a6881997bef'), task_id='run_tbank_parser', dag_id='daily_data_update', run_id='manual__2026-06-11T11:15:47.219248+00:00', try_number=1, dag_version_id=UUID('019eb4ff-04c9-71de-936c-5b8b73da6aeb'), map_index=-1, hostname='be6fcdf0ae27', context_carrier={'traceparent': '00-07f34923b0c6eecad458f8c01b276192-36d281de34906082-01'}, task=<Task(PythonOperator): run_tbank_parser>, bundle_instance=LocalDagBundle(name=dags-folder), max_tries=1, start_date=datetime.datetime(2026, 6, 11, 11, 16, 5, 384902, tzinfo=datetime.timezone.utc), end_date=None, state=<TaskInstanceState.RUNNING: 'running'>, is_mapped=False, rendered_map_index=None, sentry_integration='')","run_id":"manual__2026-06-11T11:15:47.219248+00:00","map_index":-1,"ti_id":"019eb665-37d6-7a64-859a-9a6881997bef","task_id":"run_tbank_parser","try_number":1,"dag_id":"daily_data_update","logger":"task","filename":"task_runner.py","lineno":1791}
{"timestamp":"2026-06-11T11:25:59.961410Z","level":"info","event":"Task instance in success state","logger":"task.stdout"}
{"timestamp":"2026-06-11T11:25:59.964420Z","level":"info","event":" Previous state of the Task instance: TaskInstanceState.RUNNING","logger":"task.stdout"}
{"timestamp":"2026-06-11T11:25:59.981203Z","level":"info","event":"Task operator:<Task(PythonOperator): run_tbank_parser>","logger":"task.stdout"}
{"timestamp":"2026-06-11T11:25:59.981106Z","level":"info","event":"::endgroup::","run_id":"manual__2026-06-11T11:15:47.219248+00:00","map_index":-1,"ti_id":"019eb665-37d6-7a64-859a-9a6881997bef","task_id":"run_tbank_parser","try_number":1,"dag_id":"daily_data_update","logger":"task","filename":"task_runner.py","lineno":1896}
