{"timestamp":"2026-06-11T04:44:39.346790Z","level":"info","event":"::group::Pre Execute","logger":"task","filename":"task_runner.py","lineno":1926}
{"timestamp":"2026-06-11T04:44:41.922815Z","level":"info","event":"DAG bundles loaded: dags-folder, example_dags","run_id":"scheduled__2026-06-11T00:00:00+00:00","task_id":"run_tbank_parser","map_index":-1,"try_number":1,"dag_id":"daily_data_update","ti_id":"019eb4ff-06c8-70b8-b4b9-323f52a2602a","logger":"airflow.dag_processing.bundles.manager.DagBundlesManager","filename":"manager.py","lineno":209}
{"timestamp":"2026-06-11T04:44:41.924587Z","level":"info","event":"Filling up the DagBag from /opt/airflow/dags/update_data.py","run_id":"scheduled__2026-06-11T00:00:00+00:00","task_id":"run_tbank_parser","map_index":-1,"try_number":1,"dag_id":"daily_data_update","ti_id":"019eb4ff-06c8-70b8-b4b9-323f52a2602a","logger":"airflow.dag_processing.dagbag.BundleDagBag","filename":"dagbag.py","lineno":469}
{"timestamp":"2026-06-11T04:44:42.051096Z","level":"info","event":"Задача создана: run_tbank_parser","logger":"task.stdout"}
{"timestamp":"2026-06-11T04:44:42.051555Z","level":"warning","event":"The `airflow.operators.python.PythonOperator` attribute is deprecated. Please use `'airflow.providers.standard.operators.python.PythonOperator'`.","category":"UserWarning","filename":"/opt/airflow/dags/update_data.py","lineno":48,"run_id":"scheduled__2026-06-11T00:00:00+00:00","task_id":"run_tbank_parser","map_index":-1,"try_number":1,"dag_id":"daily_data_update","ti_id":"019eb4ff-06c8-70b8-b4b9-323f52a2602a","logger":"py.warnings"}
{"timestamp":"2026-06-11T04:44:42.134240Z","level":"info","event":"Task instance is in running state","logger":"task.stdout"}
{"timestamp":"2026-06-11T04:44:42.135292Z","level":"info","event":" Previous state of the Task instance: TaskInstanceState.QUEUED","logger":"task.stdout"}
{"timestamp":"2026-06-11T04:44:42.136072Z","level":"info","event":"Current task name:run_tbank_parser","logger":"task.stdout"}
{"timestamp":"2026-06-11T04:44:42.136197Z","level":"info","event":"Dag name:daily_data_update","logger":"task.stdout"}
{"timestamp":"2026-06-11T04:44:42.134064Z","level":"info","event":"::endgroup::","run_id":"scheduled__2026-06-11T00:00:00+00:00","task_id":"run_tbank_parser","map_index":-1,"try_number":1,"dag_id":"daily_data_update","ti_id":"019eb4ff-06c8-70b8-b4b9-323f52a2602a","logger":"task","filename":"task_runner.py","lineno":1727}
{"timestamp":"2026-06-11T04:44:42.138708Z","level":"info","event":"Запуск парсинга","logger":"task.stdout"}
{"timestamp":"2026-06-11T04:44:42.138837Z","level":"info","event":"","logger":"task.stdout"}
{"timestamp":"2026-06-11T04:44:42.138889Z","level":"info","event":"\u001b[36m================================================================================","logger":"task.stdout"}
{"timestamp":"2026-06-11T04:44:42.138934Z","level":"info","event":"\u001b[36mT-BANK KNOWLEDGE BASE PARSER & CLEANER","logger":"task.stdout"}
{"timestamp":"2026-06-11T04:44:42.138986Z","level":"info","event":"\u001b[36m================================================================================\u001b[0m","logger":"task.stdout"}
{"timestamp":"2026-06-11T04:44:42.139035Z","level":"info","event":"","logger":"task.stdout"}
{"timestamp":"2026-06-11T04:44:42.139118Z","level":"info","event":"\u001b[33m📥 ЭТАП 1: ПАРСИНГ","logger":"task.stdout"}
{"timestamp":"2026-06-11T04:44:42.140675Z","level":"info","event":"","logger":"task.stdout"}
{"timestamp":"2026-06-11T04:44:42.141315Z","level":"info","event":"","logger":"task.stdout"}
{"timestamp":"2026-06-11T04:44:42.141390Z","level":"info","event":"\u001b[36m================================================================================","logger":"task.stdout"}
{"timestamp":"2026-06-11T04:44:42.141442Z","level":"info","event":"\u001b[36m🚀 T-Bank Knowledge Parser","logger":"task.stdout"}
{"timestamp":"2026-06-11T04:44:42.142229Z","level":"info","event":"\u001b[36m================================================================================\u001b[0m","logger":"task.stdout"}
{"timestamp":"2026-06-11T04:44:42.144358Z","level":"info","event":"\u001b[32m📁 tbank_knowledge","logger":"task.stdout"}
{"timestamp":"2026-06-11T04:44:42.146342Z","level":"info","event":"\u001b[32m🌐 https://www.tbank.ru/invest/help/educate/how-it-works/","logger":"task.stdout"}
{"timestamp":"2026-06-11T04:44:42.147316Z","level":"info","event":"\u001b[33m📊 Глубина: 4","logger":"task.stdout"}
{"timestamp":"2026-06-11T04:44:42.150168Z","level":"info","event":"","logger":"task.stdout"}
{"timestamp":"2026-06-11T04:44:42.150301Z","level":"info","event":"","logger":"task.stdout"}
{"timestamp":"2026-06-11T04:44:42.150352Z","level":"info","event":"\u001b[36m[Глубина 0/4] https://www.tbank.ru/invest/help/educate/how-it-works/","logger":"task.stdout"}
{"timestamp":"2026-06-11T04:44:42.150398Z","level":"info","event":"\u001b[33m⬇️  https://www.tbank.ru/invest/help/educate/how-it-works/","logger":"task.stdout"}
{"timestamp":"2026-06-11T04:44:42.907067Z","level":"info","event":"\u001b[32m✅ 603989 байт","logger":"task.stdout"}
{"timestamp":"2026-06-11T04:44:42.978085Z","level":"info","event":"\u001b[32m   228 параграфов, 8847 символов","logger":"task.stdout"}
{"timestamp":"2026-06-11T04:44:42.981208Z","level":"info","event":"\u001b[36m💾 001_как_работает_рынок_ценных_бумаг.json","logger":"task.stdout"}
{"timestamp":"2026-06-11T04:44:42.987147Z","level":"info","event":"\u001b[32m✅ Статья #1: Как работает рынок ценных бумаг","logger":"task.stdout"}
{"timestamp":"2026-06-11T04:44:42.988760Z","level":"error","event":"\rПрогресс парсинга: 0стр [00:00, ?стр/s]","logger":"task.stderr"}
{"timestamp":"2026-06-11T04:44:42.992438Z","level":"error","event":"\rФильтрация ссылок:   0%|          | 0/385 [00:00<?, ?it/s]\u001b[A","logger":"task.stderr"}
{"timestamp":"2026-06-11T04:44:42.992734Z","level":"info","event":"\u001b[32m   Новых ссылок: 32","logger":"task.stdout"}
{"timestamp":"2026-06-11T04:44:42.992855Z","level":"info","event":"","logger":"task.stdout"}
{"timestamp":"2026-06-11T04:44:42.992953Z","level":"info","event":"\u001b[36m  [Глубина 1/4] https://www.tbank.ru/invest/help/educate/how-it-works/what-is-exchange/trading-modes/","logger":"task.stdout"}
{"timestamp":"2026-06-11T04:44:43.993836Z","level":"info","event":"\u001b[33m⬇️  https://www.tbank.ru/invest/help/educate/how-it-works/what-is-exchange/trading-modes/","logger":"task.stdout"}
{"timestamp":"2026-06-11T04:44:44.936502Z","level":"info","event":"\u001b[32m✅ 696552 байт","logger":"task.stdout"}
{"timestamp":"2026-06-11T04:44:45.014471Z","level":"info","event":"\u001b[32m   254 параграфов, 14664 символов","logger":"task.stdout"}
{"timestamp":"2026-06-11T04:44:45.017198Z","level":"info","event":"\u001b[36m💾 002_режимы_торгов.json","logger":"task.stdout"}
{"timestamp":"2026-06-11T04:44:45.019179Z","level":"info","event":"\u001b[32m✅ Статья #2: Режимы торгов","logger":"task.stdout"}
{"timestamp":"2026-06-11T04:44:45.021797Z","level":"info","event":"\u001b[32m   Новых ссылок: 32","logger":"task.stdout"}
{"timestamp":"2026-06-11T04:44:45.021886Z","level":"info","event":"","logger":"task.stdout"}
{"timestamp":"2026-06-11T04:44:45.021964Z","level":"info","event":"\u001b[36m    [Глубина 2/4] https://www.tbank.ru/invest/help/educate/how-it-works/rookie-advice/fundamental/","logger":"task.stdout"}
{"timestamp":"2026-06-11T04:44:45.022164Z","level":"error","event":"\r                                                          \u001b[A","logger":"task.stderr"}
{"timestamp":"2026-06-11T04:44:45.022280Z","level":"error","event":"\rФильтрация ссылок:   0%|          | 0/385 [00:00<?, ?it/s]\u001b[A","logger":"task.stderr"}
{"timestamp":"2026-06-11T04:44:46.023471Z","level":"info","event":"\u001b[33m⬇️  https://www.tbank.ru/invest/help/educate/how-it-works/rookie-advice/fundamental/","logger":"task.stdout"}
{"timestamp":"2026-06-11T04:44:46.940079Z","level":"info","event":"\u001b[32m✅ 1265470 байт","logger":"task.stdout"}
{"timestamp":"2026-06-11T04:44:47.037557Z","level":"info","event":"\u001b[32m   424 параграфов, 41934 символов","logger":"task.stdout"}
{"timestamp":"2026-06-11T04:44:47.041240Z","level":"info","event":"\u001b[36m💾 003_фундаментальный_анализ_ценных_бумаг.json","logger":"task.stdout"}
{"timestamp":"2026-06-11T04:44:47.044501Z","level":"info","event":"\u001b[32m✅ Статья #3: Фундаментальный анализ ценных бумаг","logger":"task.stdout"}
{"timestamp":"2026-06-11T04:44:47.045330Z","level":"error","event":"\r                                                          \u001b[A","logger":"task.stderr"}
{"timestamp":"2026-06-11T04:44:47.047514Z","level":"error","event":"\rФильтрация ссылок:   0%|          | 0/405 [00:00<?, ?it/s]\u001b[A","logger":"task.stderr"}
{"timestamp":"2026-06-11T04:44:47.047676Z","level":"info","event":"\u001b[32m   Новых ссылок: 38","logger":"task.stdout"}
{"timestamp":"2026-06-11T04:44:47.047756Z","level":"info","event":"","logger":"task.stdout"}
{"timestamp":"2026-06-11T04:44:47.047830Z","level":"info","event":"\u001b[36m      [Глубина 3/4] https://www.tbank.ru/invest/help/educate/how-it-works/what-is-exchange/exchange-types/","logger":"task.stdout"}
{"timestamp":"2026-06-11T04:44:48.050553Z","level":"info","event":"\u001b[33m⬇️  https://www.tbank.ru/invest/help/educate/how-it-works/what-is-exchange/exchange-types/","logger":"task.stdout"}
{"timestamp":"2026-06-11T04:44:48.929787Z","level":"info","event":"\u001b[32m✅ 729598 байт","logger":"task.stdout"}
{"timestamp":"2026-06-11T04:44:48.994733Z","level":"info","event":"\u001b[32m   277 параграфов, 16055 символов","logger":"task.stdout"}
{"timestamp":"2026-06-11T04:44:48.997183Z","level":"info","event":"\u001b[36m💾 004_виды_бирж.json","logger":"task.stdout"}
{"timestamp":"2026-06-11T04:44:49.002167Z","level":"info","event":"\u001b[32m✅ Статья #4: Виды бирж","logger":"task.stdout"}
{"timestamp":"2026-06-11T04:44:49.002524Z","level":"info","event":"\u001b[32m   Новых ссылок: 33","logger":"task.stdout"}
{"timestamp":"2026-06-11T04:44:49.002608Z","level":"info","event":"","logger":"task.stdout"}
{"timestamp":"2026-06-11T04:44:49.002760Z","level":"info","event":"\u001b[36m        [Глубина 4/4] https://www.tbank.ru/invest/help/educate/how-it-works/what-is-exchange/investment-features/?card=q6","logger":"task.stdout"}
{"timestamp":"2026-06-11T04:44:49.002871Z","level":"error","event":"\r                                                          \u001b[A","logger":"task.stderr"}
{"timestamp":"2026-06-11T04:44:49.002943Z","level":"error","event":"\rФильтрация ссылок:   0%|          | 0/391 [00:00<?, ?it/s]\u001b[A","logger":"task.stderr"}
{"timestamp":"2026-06-11T04:44:50.004624Z","level":"info","event":"\u001b[33m⬇️  https://www.tbank.ru/invest/help/educate/how-it-works/what-is-exchange/investment-features/?card=q6","logger":"task.stdout"}
{"timestamp":"2026-06-11T04:44:50.673080Z","level":"info","event":"\u001b[32m✅ 776630 байт","logger":"task.stdout"}
{"timestamp":"2026-06-11T04:44:50.732542Z","level":"info","event":"\u001b[32m   273 параграфов, 18040 символов","logger":"task.stdout"}
{"timestamp":"2026-06-11T04:44:50.743027Z","level":"info","event":"\u001b[36m💾 005_особенности_инвестирования_на_бирже.json","logger":"task.stdout"}
{"timestamp":"2026-06-11T04:44:50.743280Z","level":"info","event":"\u001b[32m✅ Статья #5: Особенности инвестирования на бирже","logger":"task.stdout"}
{"timestamp":"2026-06-11T04:44:50.743962Z","level":"info","event":"","logger":"task.stdout"}
{"timestamp":"2026-06-11T04:44:50.744136Z","level":"info","event":"\u001b[36m        [Глубина 4/4] https://www.tbank.ru/invest/help/educate/how-it-works/ways-to-invest/stocks-profit/","logger":"task.stdout"}
{"timestamp":"2026-06-11T04:44:51.746738Z","level":"info","event":"\u001b[33m⬇️  https://www.tbank.ru/invest/help/educate/how-it-works/ways-to-invest/stocks-profit/","logger":"task.stdout"}
{"timestamp":"2026-06-11T04:44:52.718699Z","level":"info","event":"\u001b[32m✅ 762428 байт","logger":"task.stdout"}
{"timestamp":"2026-06-11T04:44:52.825337Z","level":"info","event":"\u001b[32m   267 параграфов, 17053 символов","logger":"task.stdout"}
{"timestamp":"2026-06-11T04:44:52.827834Z","level":"info","event":"\u001b[36m💾 006_как_заработать_на_акциях.json","logger":"task.stdout"}
{"timestamp":"2026-06-11T04:44:52.827986Z","level":"info","event":"\u001b[32m✅ Статья #6: Как заработать на акциях","logger":"task.stdout"}
{"timestamp":"2026-06-11T04:44:52.828066Z","level":"info","event":"","logger":"task.stdout"}
{"timestamp":"2026-06-11T04:44:52.828118Z","level":"info","event":"\u001b[36m        [Глубина 4/4] https://www.tbank.ru/invest/help/brokerage/account/forts/futures/?card=q1","logger":"task.stdout"}
{"timestamp":"2026-06-11T04:44:53.840429Z","level":"info","event":"\u001b[33m⬇️  https://www.tbank.ru/invest/help/brokerage/account/forts/futures/?card=q1","logger":"task.stdout"}
{"timestamp":"2026-06-11T04:44:54.775614Z","level":"info","event":"\u001b[32m✅ 814352 байт","logger":"task.stdout"}
{"timestamp":"2026-06-11T04:44:54.860769Z","level":"info","event":"\u001b[32m   286 параграфов, 20828 символов","logger":"task.stdout"}
{"timestamp":"2026-06-11T04:44:54.864809Z","level":"info","event":"\u001b[36m💾 007_как_устроен_фьючерсный_рынок.json","logger":"task.stdout"}
{"timestamp":"2026-06-11T04:44:54.865060Z","level":"info","event":"\u001b[32m✅ Статья #7: Как устроен фьючерсный рынок","logger":"task.stdout"}
{"timestamp":"2026-06-11T04:44:54.865162Z","level":"info","event":"","logger":"task.stdout"}
{"timestamp":"2026-06-11T04:44:54.865312Z","level":"info","event":"\u001b[36m        [Глубина 4/4] https://www.tbank.ru/invest/help/educate/how-it-works/ways-to-invest/coupon-yield/","logger":"task.stdout"}
{"timestamp":"2026-06-11T04:44:55.873145Z","level":"info","event":"\u001b[33m⬇️  https://www.tbank.ru/invest/help/educate/how-it-works/ways-to-invest/coupon-yield/","logger":"task.stdout"}
{"timestamp":"2026-06-11T04:44:56.821596Z","level":"info","event":"\u001b[32m✅ 751599 байт","logger":"task.stdout"}
{"timestamp":"2026-06-11T04:44:56.954584Z","level":"info","event":"\u001b[32m   269 параграфов, 15475 символов","logger":"task.stdout"}
{"timestamp":"2026-06-11T04:44:56.962885Z","level":"info","event":"\u001b[36m💾 008_купонный_доход_по_облигациям.json","logger":"task.stdout"}
{"timestamp":"2026-06-11T04:44:56.963511Z","level":"info","event":"\u001b[32m✅ Статья #8: Купонный доход по облигациям","logger":"task.stdout"}
{"timestamp":"2026-06-11T04:44:56.964028Z","level":"info","event":"","logger":"task.stdout"}
{"timestamp":"2026-06-11T04:44:56.964311Z","level":"info","event":"\u001b[36m        [Глубина 4/4] https://www.tbank.ru/invest/help/educate/how-it-works/ways-to-invest/stocks/","logger":"task.stdout"}
{"timestamp":"2026-06-11T04:44:57.966034Z","level":"info","event":"\u001b[33m⬇️  https://www.tbank.ru/invest/help/educate/how-it-works/ways-to-invest/stocks/","logger":"task.stdout"}
{"timestamp":"2026-06-11T04:44:58.696517Z","level":"info","event":"\u001b[32m✅ 800088 байт","logger":"task.stdout"}
{"timestamp":"2026-06-11T04:44:58.814421Z","level":"info","event":"\u001b[32m   288 параграфов, 19183 символов","logger":"task.stdout"}
{"timestamp":"2026-06-11T04:44:58.821198Z","level":"info","event":"\u001b[36m💾 009_что_такое_акции.json","logger":"task.stdout"}
{"timestamp":"2026-06-11T04:44:58.821942Z","level":"info","event":"\u001b[32m✅ Статья #9: Что такое акции","logger":"task.stdout"}
{"timestamp":"2026-06-11T04:44:58.823559Z","level":"info","event":"","logger":"task.stdout"}
{"timestamp":"2026-06-11T04:44:58.824439Z","level":"info","event":"\u001b[36m        [Глубина 4/4] https://www.tbank.ru/invest/help/educate/how-it-works/what-is-exchange/","logger":"task.stdout"}
{"timestamp":"2026-06-11T04:44:59.832838Z","level":"info","event":"\u001b[33m⬇️  https://www.tbank.ru/invest/help/educate/how-it-works/what-is-exchange/","logger":"task.stdout"}
{"timestamp":"2026-06-11T04:45:00.054497Z","level":"info","event":"\u001b[32m✅ 610225 байт","logger":"task.stdout"}
{"timestamp":"2026-06-11T04:45:00.141655Z","level":"info","event":"\u001b[32m   243 параграфов, 9361 символов","logger":"task.stdout"}
{"timestamp":"2026-06-11T04:45:00.143325Z","level":"info","event":"\u001b[36m💾 010_что_такое_биржа.json","logger":"task.stdout"}
{"timestamp":"2026-06-11T04:45:00.143842Z","level":"info","event":"\u001b[32m✅ Статья #10: Что такое биржа","logger":"task.stdout"}
{"timestamp":"2026-06-11T04:45:00.155424Z","level":"info","event":"","logger":"task.stdout"}
{"timestamp":"2026-06-11T04:45:00.155646Z","level":"info","event":"\u001b[33m💾 Checkpoint: 10 статей (33.3/мин)","logger":"task.stdout"}
{"timestamp":"2026-06-11T04:45:00.155846Z","level":"info","event":"","logger":"task.stdout"}
{"timestamp":"2026-06-11T04:45:00.155938Z","level":"info","event":"","logger":"task.stdout"}
{"timestamp":"2026-06-11T04:45:00.156030Z","level":"info","event":"\u001b[36m        [Глубина 4/4] https://www.tbank.ru/invest/help/educate/how-it-works/rookie-advice/when-buy-stocks/","logger":"task.stdout"}
{"timestamp":"2026-06-11T04:45:01.159268Z","level":"info","event":"\u001b[33m⬇️  https://www.tbank.ru/invest/help/educate/how-it-works/rookie-advice/when-buy-stocks/","logger":"task.stdout"}
{"timestamp":"2026-06-11T04:45:02.241181Z","level":"info","event":"\u001b[32m✅ 1060446 байт","logger":"task.stdout"}
{"timestamp":"2026-06-11T04:45:02.299844Z","level":"info","event":"\u001b[32m   366 параграфов, 32244 символов","logger":"task.stdout"}
{"timestamp":"2026-06-11T04:45:02.301621Z","level":"info","event":"\u001b[36m💾 011_как_начать_торговать_на_бирже.json","logger":"task.stdout"}
{"timestamp":"2026-06-11T04:45:02.301717Z","level":"info","event":"\u001b[32m✅ Статья #11: Как начать торговать на бирже","logger":"task.stdout"}
{"timestamp":"2026-06-11T04:45:02.301784Z","level":"info","event":"","logger":"task.stdout"}
{"timestamp":"2026-06-11T04:45:02.301856Z","level":"info","event":"\u001b[36m        [Глубина 4/4] https://www.tbank.ru/invest/help/educate/how-it-works/ways-to-invest/dividend-yield/","logger":"task.stdout"}
{"timestamp":"2026-06-11T04:45:03.303000Z","level":"info","event":"\u001b[33m⬇️  https://www.tbank.ru/invest/help/educate/how-it-works/ways-to-invest/dividend-yield/","logger":"task.stdout"}
{"timestamp":"2026-06-11T04:45:03.529264Z","level":"info","event":"\u001b[32m✅ 874871 байт","logger":"task.stdout"}
{"timestamp":"2026-06-11T04:45:03.577764Z","level":"info","event":"\u001b[32m   296 параграфов, 24092 символов","logger":"task.stdout"}
{"timestamp":"2026-06-11T04:45:03.579367Z","level":"info","event":"\u001b[36m💾 012_дивидендный_доход_по_акциям.json","logger":"task.stdout"}
{"timestamp":"2026-06-11T04:45:03.579511Z","level":"info","event":"\u001b[32m✅ Статья #12: Дивидендный доход по акциям","logger":"task.stdout"}
{"timestamp":"2026-06-11T04:45:03.579584Z","level":"info","event":"","logger":"task.stdout"}
{"timestamp":"2026-06-11T04:45:03.579639Z","level":"info","event":"\u001b[36m        [Глубина 4/4] https://www.tbank.ru/invest/help/educate/how-it-works/rookie-advice/portfolio-n-risk/","logger":"task.stdout"}
{"timestamp":"2026-06-11T04:45:04.583065Z","level":"info","event":"\u001b[33m⬇️  https://www.tbank.ru/invest/help/educate/how-it-works/rookie-advice/portfolio-n-risk/","logger":"task.stdout"}
{"timestamp":"2026-06-11T04:45:05.270689Z","level":"info","event":"\u001b[32m✅ 862037 байт","logger":"task.stdout"}
{"timestamp":"2026-06-11T04:45:05.330555Z","level":"info","event":"\u001b[32m   286 параграфов, 22370 символов","logger":"task.stdout"}
{"timestamp":"2026-06-11T04:45:05.334887Z","level":"info","event":"\u001b[36m💾 013_сбалансированный_портфель_и_минимизация_рисков.json","logger":"task.stdout"}
{"timestamp":"2026-06-11T04:45:05.335642Z","level":"info","event":"\u001b[32m✅ Статья #13: Сбалансированный портфель и минимизация рисков","logger":"task.stdout"}
{"timestamp":"2026-06-11T04:45:05.335855Z","level":"info","event":"","logger":"task.stdout"}
{"timestamp":"2026-06-11T04:45:05.335961Z","level":"info","event":"\u001b[36m        [Глубина 4/4] https://www.tbank.ru/invest/help/educate/how-it-works/what-is-exchange/exchange-types/?card=q5","logger":"task.stdout"}
{"timestamp":"2026-06-11T04:45:06.336673Z","level":"info","event":"\u001b[33m⬇️  https://www.tbank.ru/invest/help/educate/how-it-works/what-is-exchange/exchange-types/?card=q5","logger":"task.stdout"}
{"timestamp":"2026-06-11T04:45:06.951355Z","level":"info","event":"\u001b[32m✅ 729713 байт","logger":"task.stdout"}
{"timestamp":"2026-06-11T04:45:07.025063Z","level":"info","event":"\u001b[32m   277 параграфов, 16055 символов","logger":"task.stdout"}
{"timestamp":"2026-06-11T04:45:07.026920Z","level":"info","event":"\u001b[36m💾 014_виды_бирж.json","logger":"task.stdout"}
{"timestamp":"2026-06-11T04:45:07.027033Z","level":"info","event":"\u001b[32m✅ Статья #14: Виды бирж","logger":"task.stdout"}
{"timestamp":"2026-06-11T04:45:07.027149Z","level":"info","event":"","logger":"task.stdout"}
{"timestamp":"2026-06-11T04:45:07.027217Z","level":"info","event":"\u001b[36m        [Глубина 4/4] https://www.tbank.ru/invest/help/educate/how-it-works/ways-to-invest/funds/","logger":"task.stdout"}
{"timestamp":"2026-06-11T04:45:08.036689Z","level":"info","event":"\u001b[33m⬇️  https://www.tbank.ru/invest/help/educate/how-it-works/ways-to-invest/funds/","logger":"task.stdout"}
{"timestamp":"2026-06-11T04:45:09.010520Z","level":"info","event":"\u001b[32m✅ 841848 байт","logger":"task.stdout"}
{"timestamp":"2026-06-11T04:45:09.148395Z","level":"info","event":"\u001b[32m   299 параграфов, 22380 символов","logger":"task.stdout"}
{"timestamp":"2026-06-11T04:45:09.150538Z","level":"info","event":"\u001b[36m💾 015_что_такое_фонды_etf_и_бпиф.json","logger":"task.stdout"}
{"timestamp":"2026-06-11T04:45:09.150710Z","level":"info","event":"\u001b[32m✅ Статья #15: Что такое фонды ETF и БПИФ","logger":"task.stdout"}
{"timestamp":"2026-06-11T04:45:09.150785Z","level":"info","event":"","logger":"task.stdout"}
{"timestamp":"2026-06-11T04:45:09.150849Z","level":"info","event":"\u001b[36m        [Глубина 4/4] https://www.tbank.ru/invest/help/educate/how-it-works/ways-to-invest/bonds-profit/","logger":"task.stdout"}
{"timestamp":"2026-06-11T04:45:10.153501Z","level":"info","event":"\u001b[33m⬇️  https://www.tbank.ru/invest/help/educate/how-it-works/ways-to-invest/bonds-profit/","logger":"task.stdout"}
{"timestamp":"2026-06-11T04:45:10.845375Z","level":"info","event":"\u001b[32m✅ 774248 байт","logger":"task.stdout"}
{"timestamp":"2026-06-11T04:45:10.910257Z","level":"info","event":"\u001b[32m   282 параграфов, 18043 символов","logger":"task.stdout"}
{"timestamp":"2026-06-11T04:45:10.912109Z","level":"info","event":"\u001b[36m💾 016_как_заработать_на_облигациях.json","logger":"task.stdout"}
{"timestamp":"2026-06-11T04:45:10.912277Z","level":"info","event":"\u001b[32m✅ Статья #16: Как заработать на облигациях","logger":"task.stdout"}
{"timestamp":"2026-06-11T04:45:10.917733Z","level":"info","event":"","logger":"task.stdout"}
{"timestamp":"2026-06-11T04:45:10.917865Z","level":"info","event":"\u001b[36m        [Глубина 4/4] https://www.tbank.ru/invest/help/educate/how-it-works/rookie-advice/fraud-alert/","logger":"task.stdout"}
{"timestamp":"2026-06-11T04:45:11.917779Z","level":"info","event":"\u001b[33m⬇️  https://www.tbank.ru/invest/help/educate/how-it-works/rookie-advice/fraud-alert/","logger":"task.stdout"}
{"timestamp":"2026-06-11T04:45:12.806942Z","level":"info","event":"\u001b[32m✅ 777946 байт","logger":"task.stdout"}
{"timestamp":"2026-06-11T04:45:12.869910Z","level":"info","event":"\u001b[32m   273 параграфов, 19218 символов","logger":"task.stdout"}
{"timestamp":"2026-06-11T04:45:12.871924Z","level":"info","event":"\u001b[36m💾 017_риск_манипуляций_на_бирже.json","logger":"task.stdout"}
{"timestamp":"2026-06-11T04:45:12.872136Z","level":"info","event":"\u001b[32m✅ Статья #17: Риск манипуляций на бирже","logger":"task.stdout"}
{"timestamp":"2026-06-11T04:45:12.872262Z","level":"info","event":"","logger":"task.stdout"}
{"timestamp":"2026-06-11T04:45:12.872371Z","level":"info","event":"\u001b[36m        [Глубина 4/4] https://www.tbank.ru/invest/help/educate/how-it-works/what-is-exchange/exchange-types/?card=q1","logger":"task.stdout"}
{"timestamp":"2026-06-11T04:45:13.875768Z","level":"info","event":"\u001b[33m⬇️  https://www.tbank.ru/invest/help/educate/how-it-works/what-is-exchange/exchange-types/?card=q1","logger":"task.stdout"}
{"timestamp":"2026-06-11T04:45:14.077523Z","level":"info","event":"\u001b[32m✅ 729663 байт","logger":"task.stdout"}
{"timestamp":"2026-06-11T04:45:14.361268Z","level":"info","event":"\u001b[32m   277 параграфов, 16055 символов","logger":"task.stdout"}
{"timestamp":"2026-06-11T04:45:14.362434Z","level":"info","event":"\u001b[36m💾 018_виды_бирж.json","logger":"task.stdout"}
{"timestamp":"2026-06-11T04:45:14.362499Z","level":"info","event":"\u001b[32m✅ Статья #18: Виды бирж","logger":"task.stdout"}
{"timestamp":"2026-06-11T04:45:14.362547Z","level":"info","event":"","logger":"task.stdout"}
{"timestamp":"2026-06-11T04:45:14.362599Z","level":"info","event":"\u001b[36m        [Глубина 4/4] https://www.tbank.ru/invest/help/brokerage/account/forts/about/?card=q2","logger":"task.stdout"}
{"timestamp":"2026-06-11T04:45:15.364941Z","level":"info","event":"\u001b[33m⬇️  https://www.tbank.ru/invest/help/brokerage/account/forts/about/?card=q2","logger":"task.stdout"}
{"timestamp":"2026-06-11T04:45:16.110320Z","level":"info","event":"\u001b[32m✅ 690117 байт","logger":"task.stdout"}
{"timestamp":"2026-06-11T04:45:16.163384Z","level":"info","event":"\u001b[32m   246 параграфов, 12490 символов","logger":"task.stdout"}
{"timestamp":"2026-06-11T04:45:16.165199Z","level":"info","event":"\u001b[36m💾 019_как_работает_срочный_рынок.json","logger":"task.stdout"}
{"timestamp":"2026-06-11T04:45:16.165495Z","level":"info","event":"\u001b[32m✅ Статья #19: Как работает срочный рынок","logger":"task.stdout"}
{"timestamp":"2026-06-11T04:45:16.165591Z","level":"info","event":"","logger":"task.stdout"}
{"timestamp":"2026-06-11T04:45:16.165674Z","level":"info","event":"\u001b[36m        [Глубина 4/4] https://www.tbank.ru/invest/help/educate/how-it-works/ways-to-invest/types-of-coupons/","logger":"task.stdout"}
{"timestamp":"2026-06-11T04:45:17.167333Z","level":"info","event":"\u001b[33m⬇️  https://www.tbank.ru/invest/help/educate/how-it-works/ways-to-invest/types-of-coupons/","logger":"task.stdout"}
{"timestamp":"2026-06-11T04:45:17.352156Z","level":"info","event":"\u001b[32m✅ 739419 байт","logger":"task.stdout"}
{"timestamp":"2026-06-11T04:45:17.409548Z","level":"info","event":"\u001b[32m   269 параграфов, 16916 символов","logger":"task.stdout"}
{"timestamp":"2026-06-11T04:45:17.413722Z","level":"info","event":"\u001b[36m💾 020_типы_купонов_по_облигациям.json","logger":"task.stdout"}
{"timestamp":"2026-06-11T04:45:17.416331Z","level":"info","event":"\u001b[32m✅ Статья #20: Типы купонов по облигациям","logger":"task.stdout"}
{"timestamp":"2026-06-11T04:45:17.461070Z","level":"info","event":"","logger":"task.stdout"}
{"timestamp":"2026-06-11T04:45:17.461234Z","level":"info","event":"\u001b[33m💾 Checkpoint: 20 статей (34.0/мин)","logger":"task.stdout"}
{"timestamp":"2026-06-11T04:45:17.461317Z","level":"info","event":"","logger":"task.stdout"}
{"timestamp":"2026-06-11T04:45:17.463359Z","level":"info","event":"","logger":"task.stdout"}
{"timestamp":"2026-06-11T04:45:17.463941Z","level":"info","event":"\u001b[36m        [Глубина 4/4] https://www.tbank.ru/invest/help/educate/how-it-works/ways-to-invest/bonds/","logger":"task.stdout"}
{"timestamp":"2026-06-11T04:45:18.467303Z","level":"info","event":"\u001b[33m⬇️  https://www.tbank.ru/invest/help/educate/how-it-works/ways-to-invest/bonds/","logger":"task.stdout"}
{"timestamp":"2026-06-11T04:45:19.336798Z","level":"info","event":"\u001b[32m✅ 945908 байт","logger":"task.stdout"}
{"timestamp":"2026-06-11T04:45:19.409548Z","level":"info","event":"\u001b[32m   327 параграфов, 28335 символов","logger":"task.stdout"}
{"timestamp":"2026-06-11T04:45:19.411651Z","level":"info","event":"\u001b[36m💾 021_что_такое_облигации.json","logger":"task.stdout"}
{"timestamp":"2026-06-11T04:45:19.411739Z","level":"info","event":"\u001b[32m✅ Статья #21: Что такое облигации","logger":"task.stdout"}
{"timestamp":"2026-06-11T04:45:19.411813Z","level":"info","event":"","logger":"task.stdout"}
{"timestamp":"2026-06-11T04:45:19.411866Z","level":"info","event":"\u001b[36m        [Глубина 4/4] https://www.tbank.ru/invest/help/educate/how-it-works/ways-to-invest/state-bonds/","logger":"task.stdout"}
{"timestamp":"2026-06-11T04:45:20.416867Z","level":"info","event":"\u001b[33m⬇️  https://www.tbank.ru/invest/help/educate/how-it-works/ways-to-invest/state-bonds/","logger":"task.stdout"}
{"timestamp":"2026-06-11T04:45:21.163519Z","level":"info","event":"\u001b[32m✅ 814711 байт","logger":"task.stdout"}
{"timestamp":"2026-06-11T04:45:21.240012Z","level":"info","event":"\u001b[32m   295 параграфов, 21088 символов","logger":"task.stdout"}
{"timestamp":"2026-06-11T04:45:21.241864Z","level":"info","event":"\u001b[36m💾 022_что_такое_офз.json","logger":"task.stdout"}
{"timestamp":"2026-06-11T04:45:21.241972Z","level":"info","event":"\u001b[32m✅ Статья #22: Что такое ОФЗ","logger":"task.stdout"}
{"timestamp":"2026-06-11T04:45:21.242075Z","level":"info","event":"","logger":"task.stdout"}
{"timestamp":"2026-06-11T04:45:21.242150Z","level":"info","event":"\u001b[36m        [Глубина 4/4] https://www.tbank.ru/invest/help/educate/how-it-works/what-is-exchange/investment-features/","logger":"task.stdout"}
{"timestamp":"2026-06-11T04:45:22.246189Z","level":"info","event":"\u001b[33m⬇️  https://www.tbank.ru/invest/help/educate/how-it-works/what-is-exchange/investment-features/","logger":"task.stdout"}
{"timestamp":"2026-06-11T04:45:22.929392Z","level":"info","event":"\u001b[32m✅ 776907 байт","logger":"task.stdout"}
{"timestamp":"2026-06-11T04:45:22.978489Z","level":"info","event":"\u001b[32m   273 параграфов, 18040 символов","logger":"task.stdout"}
{"timestamp":"2026-06-11T04:45:22.979650Z","level":"info","event":"\u001b[36m💾 023_особенности_инвестирования_на_бирже.json","logger":"task.stdout"}
{"timestamp":"2026-06-11T04:45:22.979742Z","level":"info","event":"\u001b[32m✅ Статья #23: Особенности инвестирования на бирже","logger":"task.stdout"}
{"timestamp":"2026-06-11T04:45:22.979800Z","level":"info","event":"","logger":"task.stdout"}
{"timestamp":"2026-06-11T04:45:22.979848Z","level":"info","event":"\u001b[36m        [Глубина 4/4] https://www.tbank.ru/invest/help/educate/how-it-works/ways-to-invest/ipo-n-buyback/","logger":"task.stdout"}
{"timestamp":"2026-06-11T04:45:23.985058Z","level":"info","event":"\u001b[33m⬇️  https://www.tbank.ru/invest/help/educate/how-it-works/ways-to-invest/ipo-n-buyback/","logger":"task.stdout"}
{"timestamp":"2026-06-11T04:45:24.169384Z","level":"info","event":"\u001b[32m✅ 773471 байт","logger":"task.stdout"}
{"timestamp":"2026-06-11T04:45:24.213892Z","level":"info","event":"\u001b[32m   267 параграфов, 17673 символов","logger":"task.stdout"}
{"timestamp":"2026-06-11T04:45:24.215802Z","level":"info","event":"\u001b[36m💾 024_размещение_и_выкуп_акций.json","logger":"task.stdout"}
{"timestamp":"2026-06-11T04:45:24.215906Z","level":"info","event":"\u001b[32m✅ Статья #24: Размещение и выкуп акций","logger":"task.stdout"}
{"timestamp":"2026-06-11T04:45:24.215961Z","level":"info","event":"","logger":"task.stdout"}
{"timestamp":"2026-06-11T04:45:24.216031Z","level":"info","event":"\u001b[36m        [Глубина 4/4] https://www.tbank.ru/invest/help/educate/how-it-works/what-is-exchange/how-it-works/","logger":"task.stdout"}
{"timestamp":"2026-06-11T04:45:25.217991Z","level":"info","event":"\u001b[33m⬇️  https://www.tbank.ru/invest/help/educate/how-it-works/what-is-exchange/how-it-works/","logger":"task.stdout"}
{"timestamp":"2026-06-11T04:45:25.893758Z","level":"info","event":"\u001b[32m✅ 800233 байт","logger":"task.stdout"}
{"timestamp":"2026-06-11T04:45:25.954956Z","level":"info","event":"\u001b[32m   272 параграфов, 18868 символов","logger":"task.stdout"}
{"timestamp":"2026-06-11T04:45:25.959444Z","level":"info","event":"\u001b[36m💾 025_как_работает_фондовый_рынок.json","logger":"task.stdout"}
{"timestamp":"2026-06-11T04:45:25.959708Z","level":"info","event":"\u001b[32m✅ Статья #25: Как работает фондовый рынок","logger":"task.stdout"}
{"timestamp":"2026-06-11T04:45:25.959968Z","level":"info","event":"","logger":"task.stdout"}
{"timestamp":"2026-06-11T04:45:25.960277Z","level":"info","event":"\u001b[36m        [Глубина 4/4] https://www.tbank.ru/invest/help/brokerage/account/about-bs/what-is-it/","logger":"task.stdout"}
{"timestamp":"2026-06-11T04:45:26.983013Z","level":"info","event":"\u001b[33m⬇️  https://www.tbank.ru/invest/help/brokerage/account/about-bs/what-is-it/","logger":"task.stdout"}
{"timestamp":"2026-06-11T04:45:27.870518Z","level":"info","event":"\u001b[32m✅ 752209 байт","logger":"task.stdout"}
{"timestamp":"2026-06-11T04:45:28.007372Z","level":"info","event":"\u001b[32m   253 параграфов, 16571 символов","logger":"task.stdout"}
{"timestamp":"2026-06-11T04:45:28.012956Z","level":"info","event":"\u001b[36m💾 026_что_такое_брокерский_счет.json","logger":"task.stdout"}
{"timestamp":"2026-06-11T04:45:28.013638Z","level":"info","event":"\u001b[32m✅ Статья #26: Что такое брокерский счет","logger":"task.stdout"}
{"timestamp":"2026-06-11T04:45:28.013858Z","level":"info","event":"","logger":"task.stdout"}
{"timestamp":"2026-06-11T04:45:28.014470Z","level":"info","event":"\u001b[36m        [Глубина 4/4] https://www.tbank.ru/invest/help/educate/","logger":"task.stdout"}
{"timestamp":"2026-06-11T04:45:29.017943Z","level":"info","event":"\u001b[33m⬇️  https://www.tbank.ru/invest/help/educate/","logger":"task.stdout"}
{"timestamp":"2026-06-11T04:45:29.353906Z","level":"info","event":"\u001b[32m✅ 562741 байт","logger":"task.stdout"}
{"timestamp":"2026-06-11T04:45:29.462835Z","level":"info","event":"\u001b[32m   248 параграфов, 9913 символов","logger":"task.stdout"}
{"timestamp":"2026-06-11T04:45:29.473329Z","level":"info","event":"\u001b[36m💾 027_полезное_для_инвесторов.json","logger":"task.stdout"}
{"timestamp":"2026-06-11T04:45:29.474341Z","level":"info","event":"\u001b[32m✅ Статья #27: Полезное для инвесторов","logger":"task.stdout"}
{"timestamp":"2026-06-11T04:45:29.474900Z","level":"info","event":"","logger":"task.stdout"}
{"timestamp":"2026-06-11T04:45:29.475445Z","level":"info","event":"\u001b[36m        [Глубина 4/4] https://www.tbank.ru/invest/help/educate/how-it-works/what-is-exchange/exchange-types/?card=q3","logger":"task.stdout"}
{"timestamp":"2026-06-11T04:45:30.479083Z","level":"info","event":"\u001b[33m⬇️  https://www.tbank.ru/invest/help/educate/how-it-works/what-is-exchange/exchange-types/?card=q3","logger":"task.stdout"}
{"timestamp":"2026-06-11T04:45:31.343167Z","level":"info","event":"\u001b[32m✅ 729742 байт","logger":"task.stdout"}
{"timestamp":"2026-06-11T04:45:31.576508Z","level":"info","event":"\u001b[32m   277 параграфов, 16055 символов","logger":"task.stdout"}
{"timestamp":"2026-06-11T04:45:31.586636Z","level":"info","event":"\u001b[36m💾 028_виды_бирж.json","logger":"task.stdout"}
{"timestamp":"2026-06-11T04:45:31.587327Z","level":"info","event":"\u001b[32m✅ Статья #28: Виды бирж","logger":"task.stdout"}
{"timestamp":"2026-06-11T04:45:31.588260Z","level":"info","event":"","logger":"task.stdout"}
{"timestamp":"2026-06-11T04:45:31.588586Z","level":"info","event":"\u001b[36m        [Глубина 4/4] https://www.tbank.ru/invest/help/educate/how-it-works/what-is-exchange/exchange-types/?card=q7","logger":"task.stdout"}
{"timestamp":"2026-06-11T04:45:32.601987Z","level":"info","event":"\u001b[33m⬇️  https://www.tbank.ru/invest/help/educate/how-it-works/what-is-exchange/exchange-types/?card=q7","logger":"task.stdout"}
{"timestamp":"2026-06-11T04:45:33.357835Z","level":"info","event":"\u001b[32m✅ 729658 байт","logger":"task.stdout"}
{"timestamp":"2026-06-11T04:45:33.528671Z","level":"info","event":"\u001b[32m   277 параграфов, 16055 символов","logger":"task.stdout"}
{"timestamp":"2026-06-11T04:45:33.543122Z","level":"info","event":"\u001b[36m💾 029_виды_бирж.json","logger":"task.stdout"}
{"timestamp":"2026-06-11T04:45:33.543615Z","level":"info","event":"\u001b[32m✅ Статья #29: Виды бирж","logger":"task.stdout"}
{"timestamp":"2026-06-11T04:45:33.543981Z","level":"info","event":"","logger":"task.stdout"}
{"timestamp":"2026-06-11T04:45:33.544202Z","level":"info","event":"\u001b[36m        [Глубина 4/4] https://www.tbank.ru/invest/help/","logger":"task.stdout"}
{"timestamp":"2026-06-11T04:45:34.549165Z","level":"info","event":"\u001b[33m⬇️  https://www.tbank.ru/invest/help/","logger":"task.stdout"}
{"timestamp":"2026-06-11T04:45:35.262510Z","level":"info","event":"\u001b[32m✅ 752892 байт","logger":"task.stdout"}
{"timestamp":"2026-06-11T04:45:35.484550Z","level":"info","event":"\u001b[32m   290 параграфов, 10908 символов","logger":"task.stdout"}
{"timestamp":"2026-06-11T04:45:35.489022Z","level":"info","event":"\u001b[36m💾 030_тпомощь_инвестиции.json","logger":"task.stdout"}
{"timestamp":"2026-06-11T04:45:35.489757Z","level":"info","event":"\u001b[32m✅ Статья #30: Т‑Помощь. Инвестиции","logger":"task.stdout"}
{"timestamp":"2026-06-11T04:45:35.571783Z","level":"info","event":"","logger":"task.stdout"}
{"timestamp":"2026-06-11T04:45:35.572552Z","level":"info","event":"\u001b[33m💾 Checkpoint: 30 статей (33.7/мин)","logger":"task.stdout"}
{"timestamp":"2026-06-11T04:45:35.572718Z","level":"info","event":"","logger":"task.stdout"}
{"timestamp":"2026-06-11T04:45:35.572825Z","level":"info","event":"","logger":"task.stdout"}
{"timestamp":"2026-06-11T04:45:35.572918Z","level":"info","event":"\u001b[36m        [Глубина 4/4] https://www.tbank.ru/invest/help/educate/how-it-works/what-is-exchange/exchange-members/","logger":"task.stdout"}
{"timestamp":"2026-06-11T04:45:36.580800Z","level":"info","event":"\u001b[33m⬇️  https://www.tbank.ru/invest/help/educate/how-it-works/what-is-exchange/exchange-members/","logger":"task.stdout"}
{"timestamp":"2026-06-11T04:45:37.525084Z","level":"info","event":"\u001b[32m✅ 731020 байт","logger":"task.stdout"}
{"timestamp":"2026-06-11T04:45:37.584804Z","level":"info","event":"\u001b[32m   269 параграфов, 15927 символов","logger":"task.stdout"}
{"timestamp":"2026-06-11T04:45:37.586758Z","level":"info","event":"\u001b[36m💾 031_участники_рынка_ценных_бумаг.json","logger":"task.stdout"}
{"timestamp":"2026-06-11T04:45:37.586866Z","level":"info","event":"\u001b[32m✅ Статья #31: Участники рынка ценных бумаг","logger":"task.stdout"}
{"timestamp":"2026-06-11T04:45:37.586922Z","level":"info","event":"","logger":"task.stdout"}
{"timestamp":"2026-06-11T04:45:37.587034Z","level":"info","event":"\u001b[36m        [Глубина 4/4] https://www.tbank.ru/invest/help/educate/how-it-works/what-is-exchange/exchange-types/?card=q2","logger":"task.stdout"}
{"timestamp":"2026-06-11T04:45:38.593258Z","level":"info","event":"\u001b[33m⬇️  https://www.tbank.ru/invest/help/educate/how-it-works/what-is-exchange/exchange-types/?card=q2","logger":"task.stdout"}
{"timestamp":"2026-06-11T04:45:39.516651Z","level":"info","event":"\u001b[32m✅ 729694 байт","logger":"task.stdout"}
{"timestamp":"2026-06-11T04:45:39.623143Z","level":"info","event":"\u001b[32m   277 параграфов, 16055 символов","logger":"task.stdout"}
{"timestamp":"2026-06-11T04:45:39.626478Z","level":"info","event":"\u001b[36m💾 032_виды_бирж.json","logger":"task.stdout"}
{"timestamp":"2026-06-11T04:45:39.626599Z","level":"info","event":"\u001b[32m✅ Статья #32: Виды бирж","logger":"task.stdout"}
{"timestamp":"2026-06-11T04:45:39.626653Z","level":"info","event":"","logger":"task.stdout"}
{"timestamp":"2026-06-11T04:45:39.626713Z","level":"info","event":"\u001b[36m        [Глубина 4/4] https://www.tbank.ru/invest/help/educate/how-it-works/what-is-exchange/exchange-types/?card=q6","logger":"task.stdout"}
{"timestamp":"2026-06-11T04:45:40.628145Z","level":"info","event":"\u001b[33m⬇️  https://www.tbank.ru/invest/help/educate/how-it-works/what-is-exchange/exchange-types/?card=q6","logger":"task.stdout"}
{"timestamp":"2026-06-11T04:45:41.508124Z","level":"info","event":"\u001b[32m✅ 729829 байт","logger":"task.stdout"}
{"timestamp":"2026-06-11T04:45:41.555187Z","level":"info","event":"\u001b[32m   277 параграфов, 16055 символов","logger":"task.stdout"}
{"timestamp":"2026-06-11T04:45:41.558210Z","level":"info","event":"\u001b[36m💾 033_виды_бирж.json","logger":"task.stdout"}
{"timestamp":"2026-06-11T04:45:41.558349Z","level":"info","event":"\u001b[32m✅ Статья #33: Виды бирж","logger":"task.stdout"}
{"timestamp":"2026-06-11T04:45:41.558418Z","level":"info","event":"","logger":"task.stdout"}
{"timestamp":"2026-06-11T04:45:41.558472Z","level":"info","event":"\u001b[36m        [Глубина 4/4] https://www.tbank.ru/invest/help/brokerage/account/forts/about/","logger":"task.stdout"}
{"timestamp":"2026-06-11T04:45:42.560603Z","level":"info","event":"\u001b[33m⬇️  https://www.tbank.ru/invest/help/brokerage/account/forts/about/","logger":"task.stdout"}
{"timestamp":"2026-06-11T04:45:43.176051Z","level":"info","event":"\u001b[32m✅ 690443 байт","logger":"task.stdout"}
{"timestamp":"2026-06-11T04:45:43.233652Z","level":"info","event":"\u001b[32m   246 параграфов, 12490 символов","logger":"task.stdout"}
{"timestamp":"2026-06-11T04:45:43.235231Z","level":"info","event":"\u001b[36m💾 034_как_работает_срочный_рынок.json","logger":"task.stdout"}
{"timestamp":"2026-06-11T04:45:43.235430Z","level":"info","event":"\u001b[32m✅ Статья #34: Как работает срочный рынок","logger":"task.stdout"}
{"timestamp":"2026-06-11T04:45:43.235508Z","level":"info","event":"","logger":"task.stdout"}
{"timestamp":"2026-06-11T04:45:43.235568Z","level":"info","event":"\u001b[36m        [Глубина 4/4] https://www.tbank.ru/invest/help/educate/how-it-works/what-is-exchange/type-of-securities/","logger":"task.stdout"}
{"timestamp":"2026-06-11T04:45:44.240277Z","level":"info","event":"\u001b[33m⬇️  https://www.tbank.ru/invest/help/educate/how-it-works/what-is-exchange/type-of-securities/","logger":"task.stdout"}
{"timestamp":"2026-06-11T04:45:45.205139Z","level":"info","event":"\u001b[32m✅ 847829 байт","logger":"task.stdout"}
{"timestamp":"2026-06-11T04:45:45.288423Z","level":"info","event":"\u001b[32m   301 параграфов, 21134 символов","logger":"task.stdout"}
{"timestamp":"2026-06-11T04:45:45.293080Z","level":"info","event":"\u001b[36m💾 035_эмиссионные_ценные_бумаги_виды_и_признаки.json","logger":"task.stdout"}
{"timestamp":"2026-06-11T04:45:45.293345Z","level":"info","event":"\u001b[32m✅ Статья #35: Эмиссионные ценные бумаги: виды и признаки","logger":"task.stdout"}
{"timestamp":"2026-06-11T04:45:45.293398Z","level":"info","event":"","logger":"task.stdout"}
{"timestamp":"2026-06-11T04:45:45.293465Z","level":"info","event":"\u001b[36m        [Глубина 4/4] https://www.tbank.ru/invest/help/educate/how-it-works/rookie-advice/liquidity/","logger":"task.stdout"}
{"timestamp":"2026-06-11T04:45:46.297362Z","level":"info","event":"\u001b[33m⬇️  https://www.tbank.ru/invest/help/educate/how-it-works/rookie-advice/liquidity/","logger":"task.stdout"}
{"timestamp":"2026-06-11T04:45:46.534535Z","level":"info","event":"\u001b[32m✅ 1064743 байт","logger":"task.stdout"}
{"timestamp":"2026-06-11T04:45:46.604286Z","level":"info","event":"\u001b[32m   353 параграфов, 33922 символов","logger":"task.stdout"}
{"timestamp":"2026-06-11T04:45:46.605870Z","level":"info","event":"\u001b[36m💾 036_что_такое_ликвидность.json","logger":"task.stdout"}
{"timestamp":"2026-06-11T04:45:46.606055Z","level":"info","event":"\u001b[32m✅ Статья #36: Что такое ликвидность","logger":"task.stdout"}
{"timestamp":"2026-06-11T04:45:46.606140Z","level":"info","event":"","logger":"task.stdout"}
{"timestamp":"2026-06-11T04:45:46.606225Z","level":"info","event":"\u001b[36m        [Глубина 4/4] https://www.tbank.ru/invest/help/educate/how-it-works/what-is-exchange/exchange-types/?card=q4","logger":"task.stdout"}
{"timestamp":"2026-06-11T04:45:47.608132Z","level":"info","event":"\u001b[33m⬇️  https://www.tbank.ru/invest/help/educate/how-it-works/what-is-exchange/exchange-types/?card=q4","logger":"task.stdout"}
{"timestamp":"2026-06-11T04:45:48.441096Z","level":"info","event":"\u001b[32m✅ 729767 байт","logger":"task.stdout"}
{"timestamp":"2026-06-11T04:45:48.495908Z","level":"info","event":"\u001b[32m   277 параграфов, 16055 символов","logger":"task.stdout"}
{"timestamp":"2026-06-11T04:45:48.502914Z","level":"info","event":"\u001b[36m💾 037_виды_бирж.json","logger":"task.stdout"}
{"timestamp":"2026-06-11T04:45:48.503094Z","level":"info","event":"\u001b[32m✅ Статья #37: Виды бирж","logger":"task.stdout"}
{"timestamp":"2026-06-11T04:45:48.503272Z","level":"info","event":"","logger":"task.stdout"}
{"timestamp":"2026-06-11T04:45:48.503353Z","level":"info","event":"\u001b[36m      [Глубина 3/4] https://www.tbank.ru/invest/help/educate/how-it-works/rookie-advice/when-buy-stocks/?card=q9","logger":"task.stdout"}
{"timestamp":"2026-06-11T04:45:49.508375Z","level":"info","event":"\u001b[33m⬇️  https://www.tbank.ru/invest/help/educate/how-it-works/rookie-advice/when-buy-stocks/?card=q9","logger":"task.stdout"}
{"timestamp":"2026-06-11T04:45:50.592879Z","level":"info","event":"\u001b[32m✅ 1060731 байт","logger":"task.stdout"}
{"timestamp":"2026-06-11T04:45:50.675612Z","level":"info","event":"\u001b[32m   366 параграфов, 32244 символов","logger":"task.stdout"}
{"timestamp":"2026-06-11T04:45:50.677668Z","level":"info","event":"\u001b[36m💾 038_как_начать_торговать_на_бирже.json","logger":"task.stdout"}
{"timestamp":"2026-06-11T04:45:50.677803Z","level":"info","event":"\u001b[32m✅ Статья #38: Как начать торговать на бирже","logger":"task.stdout"}
{"timestamp":"2026-06-11T04:45:50.680239Z","level":"error","event":"\r                                                          \u001b[A","logger":"task.stderr"}
{"timestamp":"2026-06-11T04:45:50.693531Z","level":"error","event":"\rФильтрация ссылок:   0%|          | 0/412 [00:00<?, ?it/s]\u001b[A","logger":"task.stderr"}
{"timestamp":"2026-06-11T04:45:50.693926Z","level":"info","event":"\u001b[32m   Новых ссылок: 23","logger":"task.stdout"}
{"timestamp":"2026-06-11T04:45:50.694019Z","level":"info","event":"","logger":"task.stdout"}
{"timestamp":"2026-06-11T04:45:50.694108Z","level":"info","event":"\u001b[36m        [Глубина 4/4] https://www.tbank.ru/invest/help/educate/how-it-works/rookie-advice/when-buy-stocks/?card=q6","logger":"task.stdout"}
{"timestamp":"2026-06-11T04:45:51.717237Z","level":"info","event":"\u001b[33m⬇️  https://www.tbank.ru/invest/help/educate/how-it-works/rookie-advice/when-buy-stocks/?card=q6","logger":"task.stdout"}
{"timestamp":"2026-06-11T04:45:52.454164Z","level":"info","event":"\u001b[32m✅ 1060640 байт","logger":"task.stdout"}
{"timestamp":"2026-06-11T04:45:52.537589Z","level":"info","event":"\u001b[32m   366 параграфов, 32244 символов","logger":"task.stdout"}
{"timestamp":"2026-06-11T04:45:52.541920Z","level":"info","event":"\u001b[36m💾 039_как_начать_торговать_на_бирже.json","logger":"task.stdout"}
{"timestamp":"2026-06-11T04:45:52.542764Z","level":"info","event":"\u001b[32m✅ Статья #39: Как начать торговать на бирже","logger":"task.stdout"}
{"timestamp":"2026-06-11T04:45:52.542926Z","level":"info","event":"","logger":"task.stdout"}
{"timestamp":"2026-06-11T04:45:52.542992Z","level":"info","event":"\u001b[36m        [Глубина 4/4] https://www.tbank.ru/invest/help/services/terminal/about/how-to/?card=q7","logger":"task.stdout"}
{"timestamp":"2026-06-11T04:45:53.545516Z","level":"info","event":"\u001b[33m⬇️  https://www.tbank.ru/invest/help/services/terminal/about/how-to/?card=q7","logger":"task.stdout"}
{"timestamp":"2026-06-11T04:45:54.262241Z","level":"info","event":"\u001b[32m✅ 804449 байт","logger":"task.stdout"}
{"timestamp":"2026-06-11T04:45:54.317539Z","level":"info","event":"\u001b[32m   283 параграфов, 19158 символов","logger":"task.stdout"}
{"timestamp":"2026-06-11T04:45:54.319168Z","level":"info","event":"\u001b[36m💾 040_как_устроен_терминал.json","logger":"task.stdout"}
{"timestamp":"2026-06-11T04:45:54.319562Z","level":"info","event":"\u001b[32m✅ Статья #40: Как устроен терминал","logger":"task.stdout"}
{"timestamp":"2026-06-11T04:45:54.342305Z","level":"info","event":"","logger":"task.stdout"}
{"timestamp":"2026-06-11T04:45:54.342465Z","level":"info","event":"\u001b[33m💾 Checkpoint: 40 статей (33.2/мин)","logger":"task.stdout"}
{"timestamp":"2026-06-11T04:45:54.342625Z","level":"info","event":"","logger":"task.stdout"}
{"timestamp":"2026-06-11T04:45:54.342707Z","level":"info","event":"","logger":"task.stdout"}
{"timestamp":"2026-06-11T04:45:54.344370Z","level":"info","event":"\u001b[36m        [Глубина 4/4] https://www.tbank.ru/invest/education/courses/41194f6f-5a3f-4f9b-8f74-31bdfdcbead1/?internal_source=help_from:/invest/help/rookie-advice/when-buy-stocks/","logger":"task.stdout"}
{"timestamp":"2026-06-11T04:45:55.348631Z","level":"info","event":"\u001b[33m⬇️  https://www.tbank.ru/invest/education/courses/41194f6f-5a3f-4f9b-8f74-31bdfdcbead1/?internal_source=help_from:/invest/help/rookie-advice/when-buy-stocks/","logger":"task.stdout"}
{"timestamp":"2026-06-11T04:45:55.619707Z","level":"info","event":"\u001b[32m✅ 1147010 байт","logger":"task.stdout"}
{"timestamp":"2026-06-11T04:45:55.675568Z","level":"info","event":"\u001b[32m   6 параграфов, 173 символов","logger":"task.stdout"}
{"timestamp":"2026-06-11T04:45:55.676951Z","level":"info","event":"\u001b[36m💾 041_как_выбрать_стратегию_инвестирования.json","logger":"task.stdout"}
{"timestamp":"2026-06-11T04:45:55.677087Z","level":"info","event":"\u001b[32m✅ Статья #41: Как выбрать стратегию инвестирования","logger":"task.stdout"}
{"timestamp":"2026-06-11T04:45:55.677161Z","level":"info","event":"","logger":"task.stdout"}
{"timestamp":"2026-06-11T04:45:55.677213Z","level":"info","event":"\u001b[36m        [Глубина 4/4] https://www.tbank.ru/invest/help/educate/how-it-works/rookie-advice/when-buy-stocks/?card=q2","logger":"task.stdout"}
{"timestamp":"2026-06-11T04:45:56.683066Z","level":"info","event":"\u001b[33m⬇️  https://www.tbank.ru/invest/help/educate/how-it-works/rookie-advice/when-buy-stocks/?card=q2","logger":"task.stdout"}
{"timestamp":"2026-06-11T04:45:57.529075Z","level":"info","event":"\u001b[32m✅ 1060654 байт","logger":"task.stdout"}
{"timestamp":"2026-06-11T04:45:57.636139Z","level":"info","event":"\u001b[32m   366 параграфов, 32244 символов","logger":"task.stdout"}
{"timestamp":"2026-06-11T04:45:57.638827Z","level":"info","event":"\u001b[36m💾 042_как_начать_торговать_на_бирже.json","logger":"task.stdout"}
{"timestamp":"2026-06-11T04:45:57.638898Z","level":"info","event":"\u001b[32m✅ Статья #42: Как начать торговать на бирже","logger":"task.stdout"}
{"timestamp":"2026-06-11T04:45:57.639182Z","level":"info","event":"","logger":"task.stdout"}
{"timestamp":"2026-06-11T04:45:57.639259Z","level":"info","event":"\u001b[36m        [Глубина 4/4] https://www.tbank.ru/invest/help/educate/how-it-works/rookie-advice/when-buy-stocks/?card=q3","logger":"task.stdout"}
{"timestamp":"2026-06-11T04:45:58.643933Z","level":"info","event":"\u001b[33m⬇️  https://www.tbank.ru/invest/help/educate/how-it-works/rookie-advice/when-buy-stocks/?card=q3","logger":"task.stdout"}
{"timestamp":"2026-06-11T04:45:59.413715Z","level":"info","event":"\u001b[32m✅ 1060443 байт","logger":"task.stdout"}
{"timestamp":"2026-06-11T04:45:59.479353Z","level":"info","event":"\u001b[32m   366 параграфов, 32244 символов","logger":"task.stdout"}
{"timestamp":"2026-06-11T04:45:59.483099Z","level":"info","event":"\u001b[36m💾 043_как_начать_торговать_на_бирже.json","logger":"task.stdout"}
{"timestamp":"2026-06-11T04:45:59.483181Z","level":"info","event":"\u001b[32m✅ Статья #43: Как начать торговать на бирже","logger":"task.stdout"}
{"timestamp":"2026-06-11T04:45:59.483245Z","level":"info","event":"","logger":"task.stdout"}
{"timestamp":"2026-06-11T04:45:59.483300Z","level":"info","event":"\u001b[36m        [Глубина 4/4] https://www.tbank.ru/invest/help/educate/yield-analysis/about/profit-check/","logger":"task.stdout"}
{"timestamp":"2026-06-11T04:46:00.485900Z","level":"info","event":"\u001b[33m⬇️  https://www.tbank.ru/invest/help/educate/yield-analysis/about/profit-check/","logger":"task.stdout"}
{"timestamp":"2026-06-11T04:46:01.200375Z","level":"info","event":"\u001b[32m✅ 777804 байт","logger":"task.stdout"}
{"timestamp":"2026-06-11T04:46:01.809767Z","level":"info","event":"\u001b[32m   274 параграфов, 18237 символов","logger":"task.stdout"}
{"timestamp":"2026-06-11T04:46:01.820510Z","level":"info","event":"\u001b[36m💾 044_как_посмотреть_доходность_счета.json","logger":"task.stdout"}
{"timestamp":"2026-06-11T04:46:01.822022Z","level":"info","event":"\u001b[32m✅ Статья #44: Как посмотреть доходность счета","logger":"task.stdout"}
{"timestamp":"2026-06-11T04:46:01.823311Z","level":"info","event":"","logger":"task.stdout"}
{"timestamp":"2026-06-11T04:46:01.824311Z","level":"info","event":"\u001b[36m        [Глубина 4/4] https://www.tbank.ru/invest/help/educate/how-it-works/rookie-advice/fundamental/?card=q2","logger":"task.stdout"}
{"timestamp":"2026-06-11T04:46:02.820139Z","level":"info","event":"\u001b[33m⬇️  https://www.tbank.ru/invest/help/educate/how-it-works/rookie-advice/fundamental/?card=q2","logger":"task.stdout"}
{"timestamp":"2026-06-11T04:46:03.806235Z","level":"info","event":"\u001b[32m✅ 1265796 байт","logger":"task.stdout"}
{"timestamp":"2026-06-11T04:46:03.898268Z","level":"info","event":"\u001b[32m   424 параграфов, 41934 символов","logger":"task.stdout"}
{"timestamp":"2026-06-11T04:46:03.907138Z","level":"info","event":"\u001b[36m💾 045_фундаментальный_анализ_ценных_бумаг.json","logger":"task.stdout"}
{"timestamp":"2026-06-11T04:46:03.907304Z","level":"info","event":"\u001b[32m✅ Статья #45: Фундаментальный анализ ценных бумаг","logger":"task.stdout"}
{"timestamp":"2026-06-11T04:46:03.907372Z","level":"info","event":"","logger":"task.stdout"}
{"timestamp":"2026-06-11T04:46:03.907484Z","level":"info","event":"\u001b[36m        [Глубина 4/4] https://www.tbank.ru/invest/help/services/terminal/about/use/?card=q1","logger":"task.stdout"}
{"timestamp":"2026-06-11T04:46:04.916280Z","level":"info","event":"\u001b[33m⬇️  https://www.tbank.ru/invest/help/services/terminal/about/use/?card=q1","logger":"task.stdout"}
{"timestamp":"2026-06-11T04:46:05.937807Z","level":"info","event":"\u001b[32m✅ 890115 байт","logger":"task.stdout"}
{"timestamp":"2026-06-11T04:46:06.033371Z","level":"info","event":"\u001b[32m   285 параграфов, 22452 символов","logger":"task.stdout"}
{"timestamp":"2026-06-11T04:46:06.035785Z","level":"info","event":"\u001b[36m💾 046_как_пользоваться_терминалом.json","logger":"task.stdout"}
{"timestamp":"2026-06-11T04:46:06.035983Z","level":"info","event":"\u001b[32m✅ Статья #46: Как пользоваться терминалом","logger":"task.stdout"}
{"timestamp":"2026-06-11T04:46:06.036128Z","level":"info","event":"","logger":"task.stdout"}
{"timestamp":"2026-06-11T04:46:06.036254Z","level":"info","event":"\u001b[36m        [Глубина 4/4] https://www.tbank.ru/invest/help/educate/how-it-works/rookie-advice/","logger":"task.stdout"}
{"timestamp":"2026-06-11T04:46:07.037696Z","level":"info","event":"\u001b[33m⬇️  https://www.tbank.ru/invest/help/educate/how-it-works/rookie-advice/","logger":"task.stdout"}
{"timestamp":"2026-06-11T04:46:07.789946Z","level":"info","event":"\u001b[32m✅ 614642 байт","logger":"task.stdout"}
{"timestamp":"2026-06-11T04:46:07.854367Z","level":"info","event":"\u001b[32m   240 параграфов, 9930 символов","logger":"task.stdout"}
{"timestamp":"2026-06-11T04:46:07.895903Z","level":"info","event":"\u001b[36m💾 047_советы_начинающим_инвесторам.json","logger":"task.stdout"}
{"timestamp":"2026-06-11T04:46:07.896251Z","level":"info","event":"\u001b[32m✅ Статья #47: Советы начинающим инвесторам","logger":"task.stdout"}
{"timestamp":"2026-06-11T04:46:07.896392Z","level":"info","event":"","logger":"task.stdout"}
{"timestamp":"2026-06-11T04:46:07.896490Z","level":"info","event":"\u001b[36m        [Глубина 4/4] https://www.tbank.ru/invest/help/educate/how-it-works/rookie-advice/when-buy-stocks/?card=q1","logger":"task.stdout"}
{"timestamp":"2026-06-11T04:46:08.865522Z","level":"info","event":"\u001b[33m⬇️  https://www.tbank.ru/invest/help/educate/how-it-works/rookie-advice/when-buy-stocks/?card=q1","logger":"task.stdout"}
{"timestamp":"2026-06-11T04:46:09.636616Z","level":"info","event":"\u001b[32m✅ 1060245 байт","logger":"task.stdout"}
{"timestamp":"2026-06-11T04:46:09.735767Z","level":"info","event":"\u001b[32m   366 параграфов, 32244 символов","logger":"task.stdout"}
{"timestamp":"2026-06-11T04:46:09.737839Z","level":"info","event":"\u001b[36m💾 048_как_начать_торговать_на_бирже.json","logger":"task.stdout"}
{"timestamp":"2026-06-11T04:46:09.737964Z","level":"info","event":"\u001b[32m✅ Статья #48: Как начать торговать на бирже","logger":"task.stdout"}
{"timestamp":"2026-06-11T04:46:09.738123Z","level":"info","event":"","logger":"task.stdout"}
{"timestamp":"2026-06-11T04:46:09.738249Z","level":"info","event":"\u001b[36m        [Глубина 4/4] https://www.tbank.ru/invest/help/brokerage/account/strategy/turn-on/?card=q2","logger":"task.stdout"}
{"timestamp":"2026-06-11T04:46:10.749742Z","level":"info","event":"\u001b[33m⬇️  https://www.tbank.ru/invest/help/brokerage/account/strategy/turn-on/?card=q2","logger":"task.stdout"}
{"timestamp":"2026-06-11T04:46:11.571286Z","level":"info","event":"\u001b[32m✅ 763253 байт","logger":"task.stdout"}
{"timestamp":"2026-06-11T04:46:11.626969Z","level":"info","event":"\u001b[32m   266 параграфов, 15586 символов","logger":"task.stdout"}
{"timestamp":"2026-06-11T04:46:11.629414Z","level":"info","event":"\u001b[36m💾 049_как_подключить_и_отключить_автоследование_в_т_инвестициях.json","logger":"task.stdout"}
{"timestamp":"2026-06-11T04:46:11.629575Z","level":"info","event":"\u001b[32m✅ Статья #49: Как подключить и отключить автоследование в Т⁠-⁠Ин","logger":"task.stdout"}
{"timestamp":"2026-06-11T04:46:11.629659Z","level":"info","event":"","logger":"task.stdout"}
{"timestamp":"2026-06-11T04:46:11.629719Z","level":"info","event":"\u001b[36m        [Глубина 4/4] https://www.tbank.ru/invest/help/educate/how-it-works/what-is-exchange/type-of-securities/?card=q2","logger":"task.stdout"}
{"timestamp":"2026-06-11T04:46:12.631093Z","level":"info","event":"\u001b[33m⬇️  https://www.tbank.ru/invest/help/educate/how-it-works/what-is-exchange/type-of-securities/?card=q2","logger":"task.stdout"}
{"timestamp":"2026-06-11T04:46:13.302016Z","level":"info","event":"\u001b[32m✅ 847785 байт","logger":"task.stdout"}
{"timestamp":"2026-06-11T04:46:13.385857Z","level":"info","event":"\u001b[32m   301 параграфов, 21134 символов","logger":"task.stdout"}
{"timestamp":"2026-06-11T04:46:13.388418Z","level":"info","event":"\u001b[36m💾 050_эмиссионные_ценные_бумаги_виды_и_признаки.json","logger":"task.stdout"}
{"timestamp":"2026-06-11T04:46:13.388620Z","level":"info","event":"\u001b[32m✅ Статья #50: Эмиссионные ценные бумаги: виды и признаки","logger":"task.stdout"}
{"timestamp":"2026-06-11T04:46:13.426769Z","level":"info","event":"","logger":"task.stdout"}
{"timestamp":"2026-06-11T04:46:13.426944Z","level":"info","event":"\u001b[33m💾 Checkpoint: 50 статей (32.9/мин)","logger":"task.stdout"}
{"timestamp":"2026-06-11T04:46:13.427092Z","level":"info","event":"","logger":"task.stdout"}
{"timestamp":"2026-06-11T04:46:13.427161Z","level":"info","event":"","logger":"task.stdout"}
{"timestamp":"2026-06-11T04:46:13.427219Z","level":"info","event":"\u001b[36m        [Глубина 4/4] https://www.tbank.ru/invest/help/educate/how-it-works/rookie-advice/when-buy-stocks/?card=q8","logger":"task.stdout"}
{"timestamp":"2026-06-11T04:46:14.430211Z","level":"info","event":"\u001b[33m⬇️  https://www.tbank.ru/invest/help/educate/how-it-works/rookie-advice/when-buy-stocks/?card=q8","logger":"task.stdout"}
{"timestamp":"2026-06-11T04:46:15.152210Z","level":"info","event":"\u001b[32m✅ 1060419 байт","logger":"task.stdout"}
{"timestamp":"2026-06-11T04:46:15.236087Z","level":"info","event":"\u001b[32m   366 параграфов, 32244 символов","logger":"task.stdout"}
{"timestamp":"2026-06-11T04:46:15.239531Z","level":"info","event":"\u001b[36m💾 051_как_начать_торговать_на_бирже.json","logger":"task.stdout"}
{"timestamp":"2026-06-11T04:46:15.239627Z","level":"info","event":"\u001b[32m✅ Статья #51: Как начать торговать на бирже","logger":"task.stdout"}
{"timestamp":"2026-06-11T04:46:15.239698Z","level":"info","event":"","logger":"task.stdout"}
{"timestamp":"2026-06-11T04:46:15.239792Z","level":"info","event":"\u001b[36m        [Глубина 4/4] https://www.tbank.ru/invest/help/educate/trading/","logger":"task.stdout"}
{"timestamp":"2026-06-11T04:46:16.242183Z","level":"info","event":"\u001b[33m⬇️  https://www.tbank.ru/invest/help/educate/trading/","logger":"task.stdout"}
{"timestamp":"2026-06-11T04:46:17.040185Z","level":"info","event":"\u001b[32m✅ 616698 байт","logger":"task.stdout"}
{"timestamp":"2026-06-11T04:46:17.084417Z","level":"info","event":"\u001b[32m   235 параграфов, 9617 символов","logger":"task.stdout"}
{"timestamp":"2026-06-11T04:46:17.088140Z","level":"info","event":"\u001b[36m💾 052_трейдинг_и_технический_анализ.json","logger":"task.stdout"}
{"timestamp":"2026-06-11T04:46:17.088239Z","level":"info","event":"\u001b[32m✅ Статья #52: Трейдинг и технический анализ","logger":"task.stdout"}
{"timestamp":"2026-06-11T04:46:17.088290Z","level":"info","event":"","logger":"task.stdout"}
{"timestamp":"2026-06-11T04:46:17.088342Z","level":"info","event":"\u001b[36m        [Глубина 4/4] https://www.tbank.ru/invest/help/brokerage/account/trade-on-bs/buy-n-sell/","logger":"task.stdout"}
{"timestamp":"2026-06-11T04:46:18.086097Z","level":"info","event":"\u001b[33m⬇️  https://www.tbank.ru/invest/help/brokerage/account/trade-on-bs/buy-n-sell/","logger":"task.stdout"}
{"timestamp":"2026-06-11T04:46:18.842272Z","level":"info","event":"\u001b[32m✅ 806020 байт","logger":"task.stdout"}
{"timestamp":"2026-06-11T04:46:18.955709Z","level":"info","event":"\u001b[32m   261 параграфов, 17456 символов","logger":"task.stdout"}
{"timestamp":"2026-06-11T04:46:18.961490Z","level":"info","event":"\u001b[36m💾 053_как_покупать_и_продавать_ценные_бумаги_и_валюту.json","logger":"task.stdout"}
{"timestamp":"2026-06-11T04:46:18.961725Z","level":"info","event":"\u001b[32m✅ Статья #53: Как покупать и продавать ценные бумаги и валюту","logger":"task.stdout"}
{"timestamp":"2026-06-11T04:46:18.961854Z","level":"info","event":"","logger":"task.stdout"}
{"timestamp":"2026-06-11T04:46:18.961962Z","level":"info","event":"\u001b[36m        [Глубина 4/4] https://www.tbank.ru/invest/help/services/capital/about/management/?card=q2","logger":"task.stdout"}
{"timestamp":"2026-06-11T04:46:19.964641Z","level":"info","event":"\u001b[33m⬇️  https://www.tbank.ru/invest/help/services/capital/about/management/?card=q2","logger":"task.stdout"}
{"timestamp":"2026-06-11T04:46:20.588078Z","level":"info","event":"\u001b[32m✅ 675557 байт","logger":"task.stdout"}
{"timestamp":"2026-06-11T04:46:20.637949Z","level":"info","event":"\u001b[32m   235 параграфов, 12860 символов","logger":"task.stdout"}
{"timestamp":"2026-06-11T04:46:20.642791Z","level":"info","event":"\u001b[36m💾 054_об_управляющей_компании_ткапитал.json","logger":"task.stdout"}
{"timestamp":"2026-06-11T04:46:20.643469Z","level":"info","event":"\u001b[32m✅ Статья #54: Об управляющей компании Т‑Капитал","logger":"task.stdout"}
{"timestamp":"2026-06-11T04:46:20.643579Z","level":"info","event":"","logger":"task.stdout"}
{"timestamp":"2026-06-11T04:46:20.643674Z","level":"info","event":"\u001b[36m        [Глубина 4/4] https://www.tbank.ru/invest/help/educate/how-it-works/rookie-advice/fundamental/?card=q3","logger":"task.stdout"}
{"timestamp":"2026-06-11T04:46:21.647709Z","level":"info","event":"\u001b[33m⬇️  https://www.tbank.ru/invest/help/educate/how-it-works/rookie-advice/fundamental/?card=q3","logger":"task.stdout"}
{"timestamp":"2026-06-11T04:46:22.821347Z","level":"info","event":"\u001b[32m✅ 1266132 байт","logger":"task.stdout"}
{"timestamp":"2026-06-11T04:46:22.946547Z","level":"info","event":"\u001b[32m   424 параграфов, 41934 символов","logger":"task.stdout"}
{"timestamp":"2026-06-11T04:46:22.954998Z","level":"info","event":"\u001b[36m💾 055_фундаментальный_анализ_ценных_бумаг.json","logger":"task.stdout"}
{"timestamp":"2026-06-11T04:46:22.955445Z","level":"info","event":"\u001b[32m✅ Статья #55: Фундаментальный анализ ценных бумаг","logger":"task.stdout"}
{"timestamp":"2026-06-11T04:46:22.955591Z","level":"info","event":"","logger":"task.stdout"}
{"timestamp":"2026-06-11T04:46:22.956268Z","level":"info","event":"\u001b[36m        [Глубина 4/4] https://www.tbank.ru/invest/help/educate/how-it-works/rookie-advice/when-buy-stocks/?card=q4","logger":"task.stdout"}
{"timestamp":"2026-06-11T04:46:23.958577Z","level":"info","event":"\u001b[33m⬇️  https://www.tbank.ru/invest/help/educate/how-it-works/rookie-advice/when-buy-stocks/?card=q4","logger":"task.stdout"}
{"timestamp":"2026-06-11T04:46:24.823652Z","level":"info","event":"\u001b[32m✅ 1061099 байт","logger":"task.stdout"}
{"timestamp":"2026-06-11T04:46:25.002105Z","level":"info","event":"\u001b[32m   366 параграфов, 32244 символов","logger":"task.stdout"}
{"timestamp":"2026-06-11T04:46:25.024338Z","level":"info","event":"\u001b[36m💾 056_как_начать_торговать_на_бирже.json","logger":"task.stdout"}
{"timestamp":"2026-06-11T04:46:25.026826Z","level":"info","event":"\u001b[32m✅ Статья #56: Как начать торговать на бирже","logger":"task.stdout"}
{"timestamp":"2026-06-11T04:46:25.028049Z","level":"info","event":"","logger":"task.stdout"}
{"timestamp":"2026-06-11T04:46:25.029443Z","level":"info","event":"\u001b[36m        [Глубина 4/4] https://www.tbank.ru/invest/help/brokerage/account/trade-on-bs/insert-money/?card=q1","logger":"task.stdout"}
{"timestamp":"2026-06-11T04:46:26.031553Z","level":"info","event":"\u001b[33m⬇️  https://www.tbank.ru/invest/help/brokerage/account/trade-on-bs/insert-money/?card=q1","logger":"task.stdout"}
{"timestamp":"2026-06-11T04:46:26.677049Z","level":"info","event":"\u001b[32m✅ 751432 байт","logger":"task.stdout"}
{"timestamp":"2026-06-11T04:46:26.747281Z","level":"info","event":"\u001b[32m   270 параграфов, 15970 символов","logger":"task.stdout"}
{"timestamp":"2026-06-11T04:46:26.750338Z","level":"info","event":"\u001b[36m💾 057_как_пополнить_брокерский_счет.json","logger":"task.stdout"}
{"timestamp":"2026-06-11T04:46:26.750564Z","level":"info","event":"\u001b[32m✅ Статья #57: Как пополнить брокерский счет","logger":"task.stdout"}
{"timestamp":"2026-06-11T04:46:26.750643Z","level":"info","event":"","logger":"task.stdout"}
{"timestamp":"2026-06-11T04:46:26.750726Z","level":"info","event":"\u001b[36m        [Глубина 4/4] https://www.tbank.ru/invest/help/brokerage/account/trade-on-bs/buy-n-sell/?card=q3","logger":"task.stdout"}
{"timestamp":"2026-06-11T04:46:27.758359Z","level":"info","event":"\u001b[33m⬇️  https://www.tbank.ru/invest/help/brokerage/account/trade-on-bs/buy-n-sell/?card=q3","logger":"task.stdout"}
{"timestamp":"2026-06-11T04:46:28.443467Z","level":"info","event":"\u001b[32m✅ 806538 байт","logger":"task.stdout"}
{"timestamp":"2026-06-11T04:46:28.493559Z","level":"info","event":"\u001b[32m   261 параграфов, 17456 символов","logger":"task.stdout"}
{"timestamp":"2026-06-11T04:46:28.496969Z","level":"info","event":"\u001b[36m💾 058_как_покупать_и_продавать_ценные_бумаги_и_валюту.json","logger":"task.stdout"}
{"timestamp":"2026-06-11T04:46:28.497206Z","level":"info","event":"\u001b[32m✅ Статья #58: Как покупать и продавать ценные бумаги и валюту","logger":"task.stdout"}
{"timestamp":"2026-06-11T04:46:28.497430Z","level":"info","event":"","logger":"task.stdout"}
{"timestamp":"2026-06-11T04:46:28.497562Z","level":"info","event":"\u001b[36m        [Глубина 4/4] https://www.tbank.ru/invest/help/educate/how-it-works/rookie-advice/when-buy-stocks/?card=q10","logger":"task.stdout"}
{"timestamp":"2026-06-11T04:46:29.499363Z","level":"info","event":"\u001b[33m⬇️  https://www.tbank.ru/invest/help/educate/how-it-works/rookie-advice/when-buy-stocks/?card=q10","logger":"task.stdout"}
{"timestamp":"2026-06-11T04:46:30.633607Z","level":"info","event":"\u001b[32m✅ 1060568 байт","logger":"task.stdout"}
{"timestamp":"2026-06-11T04:46:30.717821Z","level":"info","event":"\u001b[32m   366 параграфов, 32244 символов","logger":"task.stdout"}
{"timestamp":"2026-06-11T04:46:30.719860Z","level":"info","event":"\u001b[36m💾 059_как_начать_торговать_на_бирже.json","logger":"task.stdout"}
{"timestamp":"2026-06-11T04:46:30.720899Z","level":"info","event":"\u001b[32m✅ Статья #59: Как начать торговать на бирже","logger":"task.stdout"}
{"timestamp":"2026-06-11T04:46:30.721013Z","level":"info","event":"","logger":"task.stdout"}
{"timestamp":"2026-06-11T04:46:30.721086Z","level":"info","event":"\u001b[36m        [Глубина 4/4] https://www.tbank.ru/invest/help/educate/how-it-works/rookie-advice/when-buy-stocks/?card=q7","logger":"task.stdout"}
{"timestamp":"2026-06-11T04:46:31.724994Z","level":"info","event":"\u001b[33m⬇️  https://www.tbank.ru/invest/help/educate/how-it-works/rookie-advice/when-buy-stocks/?card=q7","logger":"task.stdout"}
{"timestamp":"2026-06-11T04:46:32.494698Z","level":"info","event":"\u001b[32m✅ 1060562 байт","logger":"task.stdout"}
{"timestamp":"2026-06-11T04:46:32.561258Z","level":"info","event":"\u001b[32m   366 параграфов, 32244 символов","logger":"task.stdout"}
{"timestamp":"2026-06-11T04:46:32.564373Z","level":"info","event":"\u001b[36m💾 060_как_начать_торговать_на_бирже.json","logger":"task.stdout"}
{"timestamp":"2026-06-11T04:46:32.564736Z","level":"info","event":"\u001b[32m✅ Статья #60: Как начать торговать на бирже","logger":"task.stdout"}
{"timestamp":"2026-06-11T04:46:32.609222Z","level":"info","event":"","logger":"task.stdout"}
{"timestamp":"2026-06-11T04:46:32.609417Z","level":"info","event":"\u001b[33m💾 Checkpoint: 60 статей (32.6/мин)","logger":"task.stdout"}
{"timestamp":"2026-06-11T04:46:32.609473Z","level":"info","event":"","logger":"task.stdout"}
{"timestamp":"2026-06-11T04:46:32.609521Z","level":"info","event":"","logger":"task.stdout"}
{"timestamp":"2026-06-11T04:46:32.609573Z","level":"info","event":"\u001b[36m        [Глубина 4/4] https://www.tbank.ru/invest/help/educate/how-it-works/rookie-advice/when-buy-stocks/?card=q5","logger":"task.stdout"}
{"timestamp":"2026-06-11T04:46:33.611927Z","level":"info","event":"\u001b[33m⬇️  https://www.tbank.ru/invest/help/educate/how-it-works/rookie-advice/when-buy-stocks/?card=q5","logger":"task.stdout"}
{"timestamp":"2026-06-11T04:46:34.349761Z","level":"info","event":"\u001b[32m✅ 1060789 байт","logger":"task.stdout"}
{"timestamp":"2026-06-11T04:46:34.423162Z","level":"info","event":"\u001b[32m   366 параграфов, 32244 символов","logger":"task.stdout"}
{"timestamp":"2026-06-11T04:46:34.424858Z","level":"info","event":"\u001b[36m💾 061_как_начать_торговать_на_бирже.json","logger":"task.stdout"}
{"timestamp":"2026-06-11T04:46:34.425021Z","level":"info","event":"\u001b[32m✅ Статья #61: Как начать торговать на бирже","logger":"task.stdout"}
{"timestamp":"2026-06-11T04:46:34.425090Z","level":"info","event":"","logger":"task.stdout"}
{"timestamp":"2026-06-11T04:46:34.425148Z","level":"info","event":"\u001b[36m      [Глубина 3/4] https://www.tbank.ru/invest/help/web-app/","logger":"task.stdout"}
{"timestamp":"2026-06-11T04:46:35.428702Z","level":"info","event":"\u001b[33m⬇️  https://www.tbank.ru/invest/help/web-app/","logger":"task.stdout"}
{"timestamp":"2026-06-11T04:46:35.969691Z","level":"info","event":"\u001b[32m✅ 1157318 байт","logger":"task.stdout"}
{"timestamp":"2026-06-11T04:46:36.029927Z","level":"info","event":"\u001b[32m   245 параграфов, 11216 символов","logger":"task.stdout"}
{"timestamp":"2026-06-11T04:46:36.031706Z","level":"info","event":"\u001b[36m💾 062_мобильное_приложениеt_инвестиции.json","logger":"task.stdout"}
{"timestamp":"2026-06-11T04:46:36.036664Z","level":"info","event":"\u001b[32m✅ Статья #62: Мобильное приложениеT-Инвестиции","logger":"task.stdout"}
{"timestamp":"2026-06-11T04:46:36.037636Z","level":"info","event":"\u001b[32m   Новых ссылок: 1","logger":"task.stdout"}
{"timestamp":"2026-06-11T04:46:36.037709Z","level":"info","event":"","logger":"task.stdout"}
{"timestamp":"2026-06-11T04:46:36.037762Z","level":"info","event":"\u001b[36m        [Глубина 4/4] https://www.tbank.ru/invest/help/web-app/?utm_source=lk_inv","logger":"task.stdout"}
{"timestamp":"2026-06-11T04:46:36.037846Z","level":"error","event":"\r                                                          \u001b[A","logger":"task.stderr"}
{"timestamp":"2026-06-11T04:46:36.037903Z","level":"error","event":"\rФильтрация ссылок:   0%|          | 0/353 [00:00<?, ?it/s]\u001b[A","logger":"task.stderr"}
{"timestamp":"2026-06-11T04:46:37.042980Z","level":"info","event":"\u001b[33m⬇️  https://www.tbank.ru/invest/help/web-app/?utm_source=lk_inv","logger":"task.stdout"}
{"timestamp":"2026-06-11T04:46:37.539487Z","level":"info","event":"\u001b[32m✅ 1157393 байт","logger":"task.stdout"}
{"timestamp":"2026-06-11T04:46:37.609965Z","level":"info","event":"\u001b[32m   245 параграфов, 11216 символов","logger":"task.stdout"}
{"timestamp":"2026-06-11T04:46:37.612364Z","level":"info","event":"\u001b[36m💾 063_мобильное_приложениеt_инвестиции.json","logger":"task.stdout"}
{"timestamp":"2026-06-11T04:46:37.613658Z","level":"info","event":"\u001b[32m✅ Статья #63: Мобильное приложениеT-Инвестиции","logger":"task.stdout"}
{"timestamp":"2026-06-11T04:46:37.613832Z","level":"info","event":"","logger":"task.stdout"}
{"timestamp":"2026-06-11T04:46:37.613911Z","level":"info","event":"\u001b[36m      [Глубина 3/4] https://www.tbank.ru/invest/help/educate/how-it-works/rookie-advice/fundamental/?card=q4","logger":"task.stdout"}
{"timestamp":"2026-06-11T04:46:38.624323Z","level":"info","event":"\u001b[33m⬇️  https://www.tbank.ru/invest/help/educate/how-it-works/rookie-advice/fundamental/?card=q4","logger":"task.stdout"}
{"timestamp":"2026-06-11T04:46:39.619014Z","level":"info","event":"\u001b[32m✅ 1265871 байт","logger":"task.stdout"}
{"timestamp":"2026-06-11T04:46:39.876525Z","level":"info","event":"\u001b[32m   424 параграфов, 41934 символов","logger":"task.stdout"}
{"timestamp":"2026-06-11T04:46:39.888710Z","level":"info","event":"\u001b[36m💾 064_фундаментальный_анализ_ценных_бумаг.json","logger":"task.stdout"}
{"timestamp":"2026-06-11T04:46:39.889142Z","level":"info","event":"\u001b[32m✅ Статья #64: Фундаментальный анализ ценных бумаг","logger":"task.stdout"}
{"timestamp":"2026-06-11T04:46:39.894069Z","level":"error","event":"\r                                                          \u001b[A","logger":"task.stderr"}
{"timestamp":"2026-06-11T04:46:39.910117Z","level":"error","event":"\rФильтрация ссылок:   0%|          | 0/405 [00:00<?, ?it/s]\u001b[A","logger":"task.stderr"}
{"timestamp":"2026-06-11T04:46:39.910462Z","level":"info","event":"\u001b[32m   Новых ссылок: 8","logger":"task.stdout"}
{"timestamp":"2026-06-11T04:46:39.911693Z","level":"info","event":"","logger":"task.stdout"}
{"timestamp":"2026-06-11T04:46:39.911909Z","level":"info","event":"\u001b[36m        [Глубина 4/4] https://www.tbank.ru/invest/help/educate/how-it-works/rookie-advice/fundamental/?card=q1","logger":"task.stdout"}
{"timestamp":"2026-06-11T04:46:40.912938Z","level":"info","event":"\u001b[33m⬇️  https://www.tbank.ru/invest/help/educate/how-it-works/rookie-advice/fundamental/?card=q1","logger":"task.stdout"}
{"timestamp":"2026-06-11T04:46:42.095941Z","level":"info","event":"\u001b[32m✅ 1266081 байт","logger":"task.stdout"}
{"timestamp":"2026-06-11T04:46:42.194843Z","level":"info","event":"\u001b[32m   424 параграфов, 41934 символов","logger":"task.stdout"}
{"timestamp":"2026-06-11T04:46:42.197096Z","level":"info","event":"\u001b[36m💾 065_фундаментальный_анализ_ценных_бумаг.json","logger":"task.stdout"}
{"timestamp":"2026-06-11T04:46:42.197202Z","level":"info","event":"\u001b[32m✅ Статья #65: Фундаментальный анализ ценных бумаг","logger":"task.stdout"}
{"timestamp":"2026-06-11T04:46:42.197260Z","level":"info","event":"","logger":"task.stdout"}
{"timestamp":"2026-06-11T04:46:42.197313Z","level":"info","event":"\u001b[36m        [Глубина 4/4] https://www.tbank.ru/invest/help/educate/how-it-works/ways-to-invest/dividend-yield/?card=q2","logger":"task.stdout"}
{"timestamp":"2026-06-11T04:46:43.202825Z","level":"info","event":"\u001b[33m⬇️  https://www.tbank.ru/invest/help/educate/how-it-works/ways-to-invest/dividend-yield/?card=q2","logger":"task.stdout"}
{"timestamp":"2026-06-11T04:46:44.230463Z","level":"info","event":"\u001b[32m✅ 875243 байт","logger":"task.stdout"}
{"timestamp":"2026-06-11T04:46:44.307671Z","level":"info","event":"\u001b[32m   296 параграфов, 24092 символов","logger":"task.stdout"}
{"timestamp":"2026-06-11T04:46:44.309106Z","level":"info","event":"\u001b[36m💾 066_дивидендный_доход_по_акциям.json","logger":"task.stdout"}
{"timestamp":"2026-06-11T04:46:44.309226Z","level":"info","event":"\u001b[32m✅ Статья #66: Дивидендный доход по акциям","logger":"task.stdout"}
{"timestamp":"2026-06-11T04:46:44.309302Z","level":"info","event":"","logger":"task.stdout"}
{"timestamp":"2026-06-11T04:46:44.309364Z","level":"info","event":"\u001b[36m        [Глубина 4/4] https://www.tbank.ru/invest/help/brokerage/account/strategy/about/","logger":"task.stdout"}
{"timestamp":"2026-06-11T04:46:45.316004Z","level":"info","event":"\u001b[33m⬇️  https://www.tbank.ru/invest/help/brokerage/account/strategy/about/","logger":"task.stdout"}
{"timestamp":"2026-06-11T04:46:46.221704Z","level":"info","event":"\u001b[32m✅ 815277 байт","logger":"task.stdout"}
{"timestamp":"2026-06-11T04:46:46.304731Z","level":"info","event":"\u001b[32m   307 параграфов, 22965 символов","logger":"task.stdout"}
{"timestamp":"2026-06-11T04:46:46.306432Z","level":"info","event":"\u001b[36m💾 067_как_работает_автоследование_в_т_инвестициях.json","logger":"task.stdout"}
{"timestamp":"2026-06-11T04:46:46.306573Z","level":"info","event":"\u001b[32m✅ Статья #67: Как работает автоследование в Т⁠-⁠Инвестициях","logger":"task.stdout"}
{"timestamp":"2026-06-11T04:46:46.306644Z","level":"info","event":"","logger":"task.stdout"}
{"timestamp":"2026-06-11T04:46:46.306691Z","level":"info","event":"\u001b[36m        [Глубина 4/4] https://www.tbank.ru/invest/help/diluted-eps/","logger":"task.stdout"}
{"timestamp":"2026-06-11T04:46:47.310074Z","level":"info","event":"\u001b[33m⬇️  https://www.tbank.ru/invest/help/diluted-eps/","logger":"task.stdout"}
{"timestamp":"2026-06-11T04:46:47.707462Z","level":"info","event":"\u001b[32m✅ 604075 байт","logger":"task.stdout"}
{"timestamp":"2026-06-11T04:46:47.947113Z","level":"info","event":"\u001b[32m   228 параграфов, 8847 символов","logger":"task.stdout"}
{"timestamp":"2026-06-11T04:46:47.948762Z","level":"info","event":"\u001b[36m💾 068_как_работает_рынок_ценных_бумаг.json","logger":"task.stdout"}
{"timestamp":"2026-06-11T04:46:47.948856Z","level":"info","event":"\u001b[32m✅ Статья #68: Как работает рынок ценных бумаг","logger":"task.stdout"}
{"timestamp":"2026-06-11T04:46:47.948959Z","level":"info","event":"","logger":"task.stdout"}
{"timestamp":"2026-06-11T04:46:47.949066Z","level":"info","event":"\u001b[36m        [Глубина 4/4] https://www.tbank.ru/invest/help/services/terminal/about/analysis/?card=q2","logger":"task.stdout"}
{"timestamp":"2026-06-11T04:46:48.951492Z","level":"info","event":"\u001b[33m⬇️  https://www.tbank.ru/invest/help/services/terminal/about/analysis/?card=q2","logger":"task.stdout"}
{"timestamp":"2026-06-11T04:46:50.153930Z","level":"info","event":"\u001b[32m✅ 729206 байт","logger":"task.stdout"}
{"timestamp":"2026-06-11T04:46:50.234799Z","level":"info","event":"\u001b[32m   238 параграфов, 14428 символов","logger":"task.stdout"}
{"timestamp":"2026-06-11T04:46:50.237953Z","level":"info","event":"\u001b[36m💾 069_как_в_терминале_выбрать_активы_для_биржевой_торговли.json","logger":"task.stdout"}
{"timestamp":"2026-06-11T04:46:50.239094Z","level":"info","event":"\u001b[32m✅ Статья #69: Как в терминале выбрать активы для биржевой торгов","logger":"task.stdout"}
{"timestamp":"2026-06-11T04:46:50.239201Z","level":"info","event":"","logger":"task.stdout"}
{"timestamp":"2026-06-11T04:46:50.239259Z","level":"info","event":"\u001b[36m        [Глубина 4/4] https://www.tbank.ru/invest/help/educate/how-it-works/rookie-advice/fundamental/?card=q6","logger":"task.stdout"}
{"timestamp":"2026-06-11T04:46:51.245879Z","level":"info","event":"\u001b[33m⬇️  https://www.tbank.ru/invest/help/educate/how-it-works/rookie-advice/fundamental/?card=q6","logger":"task.stdout"}
{"timestamp":"2026-06-11T04:46:52.343200Z","level":"info","event":"\u001b[32m✅ 1265966 байт","logger":"task.stdout"}
{"timestamp":"2026-06-11T04:46:52.416753Z","level":"info","event":"\u001b[32m   424 параграфов, 41934 символов","logger":"task.stdout"}
{"timestamp":"2026-06-11T04:46:52.419439Z","level":"info","event":"\u001b[36m💾 070_фундаментальный_анализ_ценных_бумаг.json","logger":"task.stdout"}
{"timestamp":"2026-06-11T04:46:52.419668Z","level":"info","event":"\u001b[32m✅ Статья #70: Фундаментальный анализ ценных бумаг","logger":"task.stdout"}
{"timestamp":"2026-06-11T04:46:52.463653Z","level":"info","event":"","logger":"task.stdout"}
{"timestamp":"2026-06-11T04:46:52.463787Z","level":"info","event":"\u001b[33m💾 Checkpoint: 70 статей (32.2/мин)","logger":"task.stdout"}
{"timestamp":"2026-06-11T04:46:52.463843Z","level":"info","event":"","logger":"task.stdout"}
{"timestamp":"2026-06-11T04:46:52.463889Z","level":"info","event":"","logger":"task.stdout"}
{"timestamp":"2026-06-11T04:46:52.463946Z","level":"info","event":"\u001b[36m        [Глубина 4/4] https://www.tbank.ru/invest/help/educate/how-it-works/rookie-advice/fundamental/?card=q5","logger":"task.stdout"}
{"timestamp":"2026-06-11T04:46:53.467216Z","level":"info","event":"\u001b[33m⬇️  https://www.tbank.ru/invest/help/educate/how-it-works/rookie-advice/fundamental/?card=q5","logger":"task.stdout"}
{"timestamp":"2026-06-11T04:46:54.618514Z","level":"info","event":"\u001b[32m✅ 1265881 байт","logger":"task.stdout"}
{"timestamp":"2026-06-11T04:46:54.701906Z","level":"info","event":"\u001b[32m   424 параграфов, 41934 символов","logger":"task.stdout"}
{"timestamp":"2026-06-11T04:46:54.704108Z","level":"info","event":"\u001b[36m💾 071_фундаментальный_анализ_ценных_бумаг.json","logger":"task.stdout"}
{"timestamp":"2026-06-11T04:46:54.704187Z","level":"info","event":"\u001b[32m✅ Статья #71: Фундаментальный анализ ценных бумаг","logger":"task.stdout"}
{"timestamp":"2026-06-11T04:46:54.704253Z","level":"info","event":"","logger":"task.stdout"}
{"timestamp":"2026-06-11T04:46:54.704317Z","level":"info","event":"\u001b[36m        [Глубина 4/4] https://www.tbank.ru/invest/help/educate/how-it-works/ways-to-invest/dividend-yield/?card=q6","logger":"task.stdout"}
{"timestamp":"2026-06-11T04:46:55.706019Z","level":"info","event":"\u001b[33m⬇️  https://www.tbank.ru/invest/help/educate/how-it-works/ways-to-invest/dividend-yield/?card=q6","logger":"task.stdout"}
{"timestamp":"2026-06-11T04:46:56.724223Z","level":"info","event":"\u001b[32m✅ 874669 байт","logger":"task.stdout"}
{"timestamp":"2026-06-11T04:46:56.801345Z","level":"info","event":"\u001b[32m   296 параграфов, 24092 символов","logger":"task.stdout"}
{"timestamp":"2026-06-11T04:46:56.803609Z","level":"info","event":"\u001b[36m💾 072_дивидендный_доход_по_акциям.json","logger":"task.stdout"}
{"timestamp":"2026-06-11T04:46:56.803693Z","level":"info","event":"\u001b[32m✅ Статья #72: Дивидендный доход по акциям","logger":"task.stdout"}
{"timestamp":"2026-06-11T04:46:56.803765Z","level":"info","event":"","logger":"task.stdout"}
{"timestamp":"2026-06-11T04:46:56.803820Z","level":"info","event":"\u001b[36m    [Глубина 2/4] https://www.tbank.ru/invest/help/brokerage/account/trade-on-bs/buy-n-sell/?card=q5","logger":"task.stdout"}
{"timestamp":"2026-06-11T04:46:57.804003Z","level":"info","event":"\u001b[33m⬇️  https://www.tbank.ru/invest/help/brokerage/account/trade-on-bs/buy-n-sell/?card=q5","logger":"task.stdout"}
{"timestamp":"2026-06-11T04:46:58.859703Z","level":"info","event":"\u001b[32m✅ 805902 байт","logger":"task.stdout"}
{"timestamp":"2026-06-11T04:46:58.940829Z","level":"info","event":"\u001b[32m   261 параграфов, 17456 символов","logger":"task.stdout"}
{"timestamp":"2026-06-11T04:46:58.948770Z","level":"info","event":"\u001b[36m💾 073_как_покупать_и_продавать_ценные_бумаги_и_валюту.json","logger":"task.stdout"}
{"timestamp":"2026-06-11T04:46:58.949330Z","level":"info","event":"\u001b[32m✅ Статья #73: Как покупать и продавать ценные бумаги и валюту","logger":"task.stdout"}
{"timestamp":"2026-06-11T04:46:58.951193Z","level":"error","event":"\r                                                          \u001b[A","logger":"task.stderr"}
{"timestamp":"2026-06-11T04:46:58.957899Z","level":"error","event":"\rФильтрация ссылок:   0%|          | 0/392 [00:00<?, ?it/s]\u001b[A","logger":"task.stderr"}
{"timestamp":"2026-06-11T04:46:58.958245Z","level":"info","event":"\u001b[32m   Новых ссылок: 23","logger":"task.stdout"}
{"timestamp":"2026-06-11T04:46:58.958450Z","level":"info","event":"","logger":"task.stdout"}
{"timestamp":"2026-06-11T04:46:58.958621Z","level":"info","event":"\u001b[36m      [Глубина 3/4] https://www.tbank.ru/invest/help/brokerage/account/get-bs/tariff/","logger":"task.stdout"}
{"timestamp":"2026-06-11T04:46:59.959205Z","level":"info","event":"\u001b[33m⬇️  https://www.tbank.ru/invest/help/brokerage/account/get-bs/tariff/","logger":"task.stdout"}
{"timestamp":"2026-06-11T04:47:00.257781Z","level":"info","event":"\u001b[32m✅ 828284 байт","logger":"task.stdout"}
{"timestamp":"2026-06-11T04:47:00.363309Z","level":"info","event":"\u001b[32m   282 параграфов, 16742 символов","logger":"task.stdout"}
{"timestamp":"2026-06-11T04:47:00.368718Z","level":"info","event":"\u001b[36m💾 074_тарифы_для_брокерского_счета_и_иис.json","logger":"task.stdout"}
{"timestamp":"2026-06-11T04:47:00.369736Z","level":"info","event":"\u001b[32m✅ Статья #74: Тарифы для брокерского счета и ИИС","logger":"task.stdout"}
{"timestamp":"2026-06-11T04:47:00.371037Z","level":"error","event":"\r                                                          \u001b[A","logger":"task.stderr"}
{"timestamp":"2026-06-11T04:47:00.382324Z","level":"error","event":"\rФильтрация ссылок:   0%|          | 0/387 [00:00<?, ?it/s]\u001b[A","logger":"task.stderr"}
{"timestamp":"2026-06-11T04:47:00.382926Z","level":"info","event":"\u001b[32m   Новых ссылок: 17","logger":"task.stdout"}
{"timestamp":"2026-06-11T04:47:00.383311Z","level":"info","event":"","logger":"task.stdout"}
{"timestamp":"2026-06-11T04:47:00.383484Z","level":"info","event":"\u001b[36m        [Глубина 4/4] https://www.tbank.ru/invest/help/brokerage/account/get-bs/tariff/?card=q7","logger":"task.stdout"}
{"timestamp":"2026-06-11T04:47:01.386915Z","level":"info","event":"\u001b[33m⬇️  https://www.tbank.ru/invest/help/brokerage/account/get-bs/tariff/?card=q7","logger":"task.stdout"}
{"timestamp":"2026-06-11T04:47:02.165561Z","level":"info","event":"\u001b[32m✅ 828376 байт","logger":"task.stdout"}
{"timestamp":"2026-06-11T04:47:02.251396Z","level":"info","event":"\u001b[32m   282 параграфов, 16742 символов","logger":"task.stdout"}
{"timestamp":"2026-06-11T04:47:02.255693Z","level":"info","event":"\u001b[36m💾 075_тарифы_для_брокерского_счета_и_иис.json","logger":"task.stdout"}
{"timestamp":"2026-06-11T04:47:02.256160Z","level":"info","event":"\u001b[32m✅ Статья #75: Тарифы для брокерского счета и ИИС","logger":"task.stdout"}
{"timestamp":"2026-06-11T04:47:02.256343Z","level":"info","event":"","logger":"task.stdout"}
{"timestamp":"2026-06-11T04:47:02.256439Z","level":"info","event":"\u001b[36m        [Глубина 4/4] https://www.tbank.ru/invest/help/brokerage/account/get-bs/tariff/?card=q5","logger":"task.stdout"}
{"timestamp":"2026-06-11T04:47:03.270421Z","level":"info","event":"\u001b[33m⬇️  https://www.tbank.ru/invest/help/brokerage/account/get-bs/tariff/?card=q5","logger":"task.stdout"}
{"timestamp":"2026-06-11T04:47:04.201016Z","level":"info","event":"\u001b[32m✅ 828164 байт","logger":"task.stdout"}
{"timestamp":"2026-06-11T04:47:04.258702Z","level":"info","event":"\u001b[32m   282 параграфов, 16742 символов","logger":"task.stdout"}
{"timestamp":"2026-06-11T04:47:04.261123Z","level":"info","event":"\u001b[36m💾 076_тарифы_для_брокерского_счета_и_иис.json","logger":"task.stdout"}
{"timestamp":"2026-06-11T04:47:04.261245Z","level":"info","event":"\u001b[32m✅ Статья #76: Тарифы для брокерского счета и ИИС","logger":"task.stdout"}
{"timestamp":"2026-06-11T04:47:04.261366Z","level":"info","event":"","logger":"task.stdout"}
{"timestamp":"2026-06-11T04:47:04.261463Z","level":"info","event":"\u001b[36m        [Глубина 4/4] https://www.tbank.ru/invest/help/brokerage/account/get-bs/tariff/?card=q1","logger":"task.stdout"}
{"timestamp":"2026-06-11T04:47:05.268557Z","level":"info","event":"\u001b[33m⬇️  https://www.tbank.ru/invest/help/brokerage/account/get-bs/tariff/?card=q1","logger":"task.stdout"}
{"timestamp":"2026-06-11T04:47:05.945605Z","level":"info","event":"\u001b[32m✅ 828417 байт","logger":"task.stdout"}
{"timestamp":"2026-06-11T04:47:06.074930Z","level":"info","event":"\u001b[32m   282 параграфов, 16742 символов","logger":"task.stdout"}
{"timestamp":"2026-06-11T04:47:06.076412Z","level":"info","event":"\u001b[36m💾 077_тарифы_для_брокерского_счета_и_иис.json","logger":"task.stdout"}
{"timestamp":"2026-06-11T04:47:06.076492Z","level":"info","event":"\u001b[32m✅ Статья #77: Тарифы для брокерского счета и ИИС","logger":"task.stdout"}
{"timestamp":"2026-06-11T04:47:06.076804Z","level":"info","event":"","logger":"task.stdout"}
{"timestamp":"2026-06-11T04:47:06.076879Z","level":"info","event":"\u001b[36m        [Глубина 4/4] https://www.tbank.ru/invest/help/brokerage/account/get-bs/requirements/","logger":"task.stdout"}
{"timestamp":"2026-06-11T04:47:07.080473Z","level":"info","event":"\u001b[33m⬇️  https://www.tbank.ru/invest/help/brokerage/account/get-bs/requirements/","logger":"task.stdout"}
{"timestamp":"2026-06-11T04:47:07.390780Z","level":"info","event":"\u001b[32m✅ 738378 байт","logger":"task.stdout"}
{"timestamp":"2026-06-11T04:47:07.467551Z","level":"info","event":"\u001b[32m   265 параграфов, 15702 символов","logger":"task.stdout"}
{"timestamp":"2026-06-11T04:47:07.468995Z","level":"info","event":"\u001b[36m💾 078_как_открыть_брокерский_счет.json","logger":"task.stdout"}
{"timestamp":"2026-06-11T04:47:07.469095Z","level":"info","event":"\u001b[32m✅ Статья #78: Как открыть брокерский счет","logger":"task.stdout"}
{"timestamp":"2026-06-11T04:47:07.469173Z","level":"info","event":"","logger":"task.stdout"}
{"timestamp":"2026-06-11T04:47:07.469251Z","level":"info","event":"\u001b[36m        [Глубина 4/4] https://www.tbank.ru/invest/help/brokerage/account/get-profit/coupon-yield/","logger":"task.stdout"}
{"timestamp":"2026-06-11T04:47:08.472132Z","level":"info","event":"\u001b[33m⬇️  https://www.tbank.ru/invest/help/brokerage/account/get-profit/coupon-yield/","logger":"task.stdout"}
{"timestamp":"2026-06-11T04:47:08.935345Z","level":"info","event":"\u001b[32m✅ 752090 байт","logger":"task.stdout"}
{"timestamp":"2026-06-11T04:47:09.056694Z","level":"info","event":"\u001b[32m   269 параграфов, 15475 символов","logger":"task.stdout"}
{"timestamp":"2026-06-11T04:47:09.064216Z","level":"info","event":"\u001b[36m💾 079_купонный_доход_по_облигациям.json","logger":"task.stdout"}
{"timestamp":"2026-06-11T04:47:09.064788Z","level":"info","event":"\u001b[32m✅ Статья #79: Купонный доход по облигациям","logger":"task.stdout"}
{"timestamp":"2026-06-11T04:47:09.065337Z","level":"info","event":"","logger":"task.stdout"}
{"timestamp":"2026-06-11T04:47:09.065926Z","level":"info","event":"\u001b[36m        [Глубина 4/4] https://www.tbank.ru/invest/help/brokerage/account/trade-on-bs/insert-money/","logger":"task.stdout"}
{"timestamp":"2026-06-11T04:47:10.071401Z","level":"info","event":"\u001b[33m⬇️  https://www.tbank.ru/invest/help/brokerage/account/trade-on-bs/insert-money/","logger":"task.stdout"}
{"timestamp":"2026-06-11T04:47:10.960641Z","level":"info","event":"\u001b[32m✅ 751120 байт","logger":"task.stdout"}
{"timestamp":"2026-06-11T04:47:11.032636Z","level":"info","event":"\u001b[32m   270 параграфов, 15970 символов","logger":"task.stdout"}
{"timestamp":"2026-06-11T04:47:11.050009Z","level":"info","event":"\u001b[36m💾 080_как_пополнить_брокерский_счет.json","logger":"task.stdout"}
{"timestamp":"2026-06-11T04:47:11.052491Z","level":"info","event":"\u001b[32m✅ Статья #80: Как пополнить брокерский счет","logger":"task.stdout"}
{"timestamp":"2026-06-11T04:47:11.269708Z","level":"info","event":"","logger":"task.stdout"}
{"timestamp":"2026-06-11T04:47:11.269833Z","level":"info","event":"\u001b[33m💾 Checkpoint: 80 статей (32.2/мин)","logger":"task.stdout"}
{"timestamp":"2026-06-11T04:47:11.269959Z","level":"info","event":"","logger":"task.stdout"}
{"timestamp":"2026-06-11T04:47:11.270070Z","level":"info","event":"","logger":"task.stdout"}
{"timestamp":"2026-06-11T04:47:11.270157Z","level":"info","event":"\u001b[36m        [Глубина 4/4] https://www.tbank.ru/invest/help/brokerage/account/trade-on-bs/bids/","logger":"task.stdout"}
{"timestamp":"2026-06-11T04:47:12.271991Z","level":"info","event":"\u001b[33m⬇️  https://www.tbank.ru/invest/help/brokerage/account/trade-on-bs/bids/","logger":"task.stdout"}
{"timestamp":"2026-06-11T04:47:13.056820Z","level":"info","event":"\u001b[32m✅ 1021379 байт","logger":"task.stdout"}
{"timestamp":"2026-06-11T04:47:13.149507Z","level":"info","event":"\u001b[32m   356 параграфов, 35269 символов","logger":"task.stdout"}
{"timestamp":"2026-06-11T04:47:13.151562Z","level":"info","event":"\u001b[36m💾 081_как_выставлять_биржевые_заявки.json","logger":"task.stdout"}
{"timestamp":"2026-06-11T04:47:13.151656Z","level":"info","event":"\u001b[32m✅ Статья #81: Как выставлять биржевые заявки","logger":"task.stdout"}
{"timestamp":"2026-06-11T04:47:13.151756Z","level":"info","event":"","logger":"task.stdout"}
{"timestamp":"2026-06-11T04:47:13.151850Z","level":"info","event":"\u001b[36m        [Глубина 4/4] https://www.tbank.ru/invest/help/brokerage/account/get-bs/tariff/?card=q2","logger":"task.stdout"}
{"timestamp":"2026-06-11T04:47:14.156219Z","level":"info","event":"\u001b[33m⬇️  https://www.tbank.ru/invest/help/brokerage/account/get-bs/tariff/?card=q2","logger":"task.stdout"}
{"timestamp":"2026-06-11T04:47:14.854718Z","level":"info","event":"\u001b[32m✅ 828195 байт","logger":"task.stdout"}
{"timestamp":"2026-06-11T04:47:14.938833Z","level":"info","event":"\u001b[32m   282 параграфов, 16742 символов","logger":"task.stdout"}
{"timestamp":"2026-06-11T04:47:14.940924Z","level":"info","event":"\u001b[36m💾 082_тарифы_для_брокерского_счета_и_иис.json","logger":"task.stdout"}
{"timestamp":"2026-06-11T04:47:14.941125Z","level":"info","event":"\u001b[32m✅ Статья #82: Тарифы для брокерского счета и ИИС","logger":"task.stdout"}
{"timestamp":"2026-06-11T04:47:14.941220Z","level":"info","event":"","logger":"task.stdout"}
{"timestamp":"2026-06-11T04:47:14.941303Z","level":"info","event":"\u001b[36m        [Глубина 4/4] https://www.tbank.ru/invest/help/brokerage/account/get-bs/tariff/?card=q3","logger":"task.stdout"}
{"timestamp":"2026-06-11T04:47:15.946758Z","level":"info","event":"\u001b[33m⬇️  https://www.tbank.ru/invest/help/brokerage/account/get-bs/tariff/?card=q3","logger":"task.stdout"}
{"timestamp":"2026-06-11T04:47:17.008993Z","level":"info","event":"\u001b[32m✅ 828246 байт","logger":"task.stdout"}
{"timestamp":"2026-06-11T04:47:17.092088Z","level":"info","event":"\u001b[32m   282 параграфов, 16742 символов","logger":"task.stdout"}
{"timestamp":"2026-06-11T04:47:17.093526Z","level":"info","event":"\u001b[36m💾 083_тарифы_для_брокерского_счета_и_иис.json","logger":"task.stdout"}
{"timestamp":"2026-06-11T04:47:17.093664Z","level":"info","event":"\u001b[32m✅ Статья #83: Тарифы для брокерского счета и ИИС","logger":"task.stdout"}
{"timestamp":"2026-06-11T04:47:17.093753Z","level":"info","event":"","logger":"task.stdout"}
{"timestamp":"2026-06-11T04:47:17.093813Z","level":"info","event":"\u001b[36m        [Глубина 4/4] https://www.tbank.ru/invest/help/brokerage/account/trade-on-bs/precious-metals/","logger":"task.stdout"}
{"timestamp":"2026-06-11T04:47:18.095067Z","level":"info","event":"\u001b[33m⬇️  https://www.tbank.ru/invest/help/brokerage/account/trade-on-bs/precious-metals/","logger":"task.stdout"}
{"timestamp":"2026-06-11T04:47:18.849736Z","level":"info","event":"\u001b[32m✅ 824732 байт","logger":"task.stdout"}
{"timestamp":"2026-06-11T04:47:18.905489Z","level":"info","event":"\u001b[32m   274 параграфов, 19044 символов","logger":"task.stdout"}
{"timestamp":"2026-06-11T04:47:18.907748Z","level":"info","event":"\u001b[36m💾 084_как_покупать_и_продавать_драгоценные_металлы.json","logger":"task.stdout"}
{"timestamp":"2026-06-11T04:47:18.907838Z","level":"info","event":"\u001b[32m✅ Статья #84: Как покупать и продавать драгоценные металлы","logger":"task.stdout"}
{"timestamp":"2026-06-11T04:47:18.907910Z","level":"info","event":"","logger":"task.stdout"}
{"timestamp":"2026-06-11T04:47:18.907970Z","level":"info","event":"\u001b[36m        [Глубина 4/4] https://www.tbank.ru/invest/help/educate/tax-issues/automatically/iis-n-taxes/","logger":"task.stdout"}
{"timestamp":"2026-06-11T04:47:19.908498Z","level":"info","event":"\u001b[33m⬇️  https://www.tbank.ru/invest/help/educate/tax-issues/automatically/iis-n-taxes/","logger":"task.stdout"}
{"timestamp":"2026-06-11T04:47:20.161472Z","level":"info","event":"\u001b[32m✅ 746265 байт","logger":"task.stdout"}
{"timestamp":"2026-06-11T04:47:20.210395Z","level":"info","event":"\u001b[32m   285 параграфов, 17863 символов","logger":"task.stdout"}
{"timestamp":"2026-06-11T04:47:20.211997Z","level":"info","event":"\u001b[36m💾 085_особенности_налогообложения_иис.json","logger":"task.stdout"}
{"timestamp":"2026-06-11T04:47:20.212083Z","level":"info","event":"\u001b[32m✅ Статья #85: Особенности налогообложения ИИС","logger":"task.stdout"}
{"timestamp":"2026-06-11T04:47:20.212139Z","level":"info","event":"","logger":"task.stdout"}
{"timestamp":"2026-06-11T04:47:20.212193Z","level":"info","event":"\u001b[36m        [Глубина 4/4] https://www.tbank.ru/invest/help/brokerage/account/trade-on-bs/withdraw-money/","logger":"task.stdout"}
{"timestamp":"2026-06-11T04:47:21.214144Z","level":"info","event":"\u001b[33m⬇️  https://www.tbank.ru/invest/help/brokerage/account/trade-on-bs/withdraw-money/","logger":"task.stdout"}
{"timestamp":"2026-06-11T04:47:21.439798Z","level":"info","event":"\u001b[32m✅ 960003 байт","logger":"task.stdout"}
{"timestamp":"2026-06-11T04:47:21.509029Z","level":"info","event":"\u001b[32m   356 параграфов, 25011 символов","logger":"task.stdout"}
{"timestamp":"2026-06-11T04:47:21.510502Z","level":"info","event":"\u001b[36m💾 086_как_вывести_деньги_с_брокерского_счета.json","logger":"task.stdout"}
{"timestamp":"2026-06-11T04:47:21.510582Z","level":"info","event":"\u001b[32m✅ Статья #86: Как вывести деньги с брокерского счета","logger":"task.stdout"}
{"timestamp":"2026-06-11T04:47:21.510639Z","level":"info","event":"","logger":"task.stdout"}
{"timestamp":"2026-06-11T04:47:21.510721Z","level":"info","event":"\u001b[36m        [Глубина 4/4] https://www.tbank.ru/invest/help/brokerage/account/get-profit/dividend-yield/","logger":"task.stdout"}
{"timestamp":"2026-06-11T04:47:22.511440Z","level":"info","event":"\u001b[33m⬇️  https://www.tbank.ru/invest/help/brokerage/account/get-profit/dividend-yield/","logger":"task.stdout"}
{"timestamp":"2026-06-11T04:47:22.941171Z","level":"info","event":"\u001b[32m✅ 875210 байт","logger":"task.stdout"}
{"timestamp":"2026-06-11T04:47:23.000961Z","level":"info","event":"\u001b[32m   296 параграфов, 24092 символов","logger":"task.stdout"}
{"timestamp":"2026-06-11T04:47:23.002923Z","level":"info","event":"\u001b[36m💾 087_дивидендный_доход_по_акциям.json","logger":"task.stdout"}
{"timestamp":"2026-06-11T04:47:23.003014Z","level":"info","event":"\u001b[32m✅ Статья #87: Дивидендный доход по акциям","logger":"task.stdout"}
{"timestamp":"2026-06-11T04:47:23.003097Z","level":"info","event":"","logger":"task.stdout"}
{"timestamp":"2026-06-11T04:47:23.003150Z","level":"info","event":"\u001b[36m        [Глубина 4/4] https://www.tbank.ru/invest/help/brokerage/","logger":"task.stdout"}
{"timestamp":"2026-06-11T04:47:24.004383Z","level":"info","event":"\u001b[33m⬇️  https://www.tbank.ru/invest/help/brokerage/","logger":"task.stdout"}
{"timestamp":"2026-06-11T04:47:24.201245Z","level":"info","event":"\u001b[32m✅ 523022 байт","logger":"task.stdout"}
{"timestamp":"2026-06-11T04:47:24.248875Z","level":"info","event":"\u001b[32m   210 параграфов, 8203 символов","logger":"task.stdout"}
{"timestamp":"2026-06-11T04:47:24.250833Z","level":"info","event":"\u001b[36m💾 088_инвестиционные_счета.json","logger":"task.stdout"}
{"timestamp":"2026-06-11T04:47:24.250964Z","level":"info","event":"\u001b[32m✅ Статья #88: Инвестиционные счета","logger":"task.stdout"}
{"timestamp":"2026-06-11T04:47:24.251041Z","level":"info","event":"","logger":"task.stdout"}
{"timestamp":"2026-06-11T04:47:24.251102Z","level":"info","event":"\u001b[36m        [Глубина 4/4] https://www.tbank.ru/invest/help/brokerage/account/get-bs/","logger":"task.stdout"}
{"timestamp":"2026-06-11T04:47:25.252302Z","level":"info","event":"\u001b[33m⬇️  https://www.tbank.ru/invest/help/brokerage/account/get-bs/","logger":"task.stdout"}
{"timestamp":"2026-06-11T04:47:26.026201Z","level":"info","event":"\u001b[32m✅ 602853 байт","logger":"task.stdout"}
{"timestamp":"2026-06-11T04:47:26.111115Z","level":"info","event":"\u001b[32m   215 параграфов, 8662 символов","logger":"task.stdout"}
{"timestamp":"2026-06-11T04:47:26.113348Z","level":"info","event":"\u001b[36m💾 089_открыть_брокерский_счет.json","logger":"task.stdout"}
{"timestamp":"2026-06-11T04:47:26.113433Z","level":"info","event":"\u001b[32m✅ Статья #89: Открыть брокерский счет","logger":"task.stdout"}
{"timestamp":"2026-06-11T04:47:26.113484Z","level":"info","event":"","logger":"task.stdout"}
{"timestamp":"2026-06-11T04:47:26.113532Z","level":"info","event":"\u001b[36m        [Глубина 4/4] https://www.tbank.ru/invest/help/brokerage/account/get-bs/close/","logger":"task.stdout"}
{"timestamp":"2026-06-11T04:47:27.115453Z","level":"info","event":"\u001b[33m⬇️  https://www.tbank.ru/invest/help/brokerage/account/get-bs/close/","logger":"task.stdout"}
{"timestamp":"2026-06-11T04:47:27.928847Z","level":"info","event":"\u001b[32m✅ 689287 байт","logger":"task.stdout"}
{"timestamp":"2026-06-11T04:47:27.975065Z","level":"info","event":"\u001b[32m   249 параграфов, 14307 символов","logger":"task.stdout"}
{"timestamp":"2026-06-11T04:47:27.976823Z","level":"info","event":"\u001b[36m💾 090_нужно_ли_закрывать_брокерский_счет.json","logger":"task.stdout"}
{"timestamp":"2026-06-11T04:47:27.977031Z","level":"info","event":"\u001b[32m✅ Статья #90: Нужно ли закрывать брокерский счет","logger":"task.stdout"}
{"timestamp":"2026-06-11T04:47:28.031772Z","level":"info","event":"","logger":"task.stdout"}
{"timestamp":"2026-06-11T04:47:28.031915Z","level":"info","event":"\u001b[33m💾 Checkpoint: 90 статей (32.6/мин)","logger":"task.stdout"}
{"timestamp":"2026-06-11T04:47:28.032159Z","level":"info","event":"","logger":"task.stdout"}
{"timestamp":"2026-06-11T04:47:28.032436Z","level":"info","event":"","logger":"task.stdout"}
{"timestamp":"2026-06-11T04:47:28.032636Z","level":"info","event":"\u001b[36m        [Глубина 4/4] https://www.tbank.ru/invest/help/brokerage/account/","logger":"task.stdout"}
{"timestamp":"2026-06-11T04:47:29.036495Z","level":"info","event":"\u001b[33m⬇️  https://www.tbank.ru/invest/help/brokerage/account/","logger":"task.stdout"}
{"timestamp":"2026-06-11T04:47:29.352128Z","level":"info","event":"\u001b[32m✅ 641006 байт","logger":"task.stdout"}
{"timestamp":"2026-06-11T04:47:29.477010Z","level":"info","event":"\u001b[32m   249 параграфов, 9727 символов","logger":"task.stdout"}
{"timestamp":"2026-06-11T04:47:29.481089Z","level":"info","event":"\u001b[36m💾 091_брокерский_счет.json","logger":"task.stdout"}
{"timestamp":"2026-06-11T04:47:29.481590Z","level":"info","event":"\u001b[32m✅ Статья #91: Брокерский счет","logger":"task.stdout"}
{"timestamp":"2026-06-11T04:47:29.483130Z","level":"info","event":"","logger":"task.stdout"}
{"timestamp":"2026-06-11T04:47:29.483279Z","level":"info","event":"\u001b[36m      [Глубина 3/4] https://www.tbank.ru/invest/help/brokerage/account/trade-on-bs/","logger":"task.stdout"}
{"timestamp":"2026-06-11T04:47:30.485701Z","level":"info","event":"\u001b[33m⬇️  https://www.tbank.ru/invest/help/brokerage/account/trade-on-bs/","logger":"task.stdout"}
{"timestamp":"2026-06-11T04:47:31.248018Z","level":"info","event":"\u001b[32m✅ 619910 байт","logger":"task.stdout"}
{"timestamp":"2026-06-11T04:47:31.295976Z","level":"info","event":"\u001b[32m   236 параграфов, 9756 символов","logger":"task.stdout"}
{"timestamp":"2026-06-11T04:47:31.297948Z","level":"info","event":"\u001b[36m💾 092_торговать_на_бирже.json","logger":"task.stdout"}
{"timestamp":"2026-06-11T04:47:31.300259Z","level":"info","event":"\u001b[32m✅ Статья #92: Торговать на бирже","logger":"task.stdout"}
{"timestamp":"2026-06-11T04:47:31.304047Z","level":"error","event":"\r                                                          \u001b[A","logger":"task.stderr"}
{"timestamp":"2026-06-11T04:47:31.304506Z","level":"error","event":"\rФильтрация ссылок:   0%|          | 0/395 [00:00<?, ?it/s]\u001b[A","logger":"task.stderr"}
{"timestamp":"2026-06-11T04:47:31.304685Z","level":"info","event":"\u001b[32m   Новых ссылок: 30","logger":"task.stdout"}
{"timestamp":"2026-06-11T04:47:31.304799Z","level":"info","event":"","logger":"task.stdout"}
{"timestamp":"2026-06-11T04:47:31.304889Z","level":"info","event":"\u001b[36m        [Глубина 4/4] https://www.tbank.ru/invest/help/brokerage/account/trade-on-bs/insert-money/?card=q5","logger":"task.stdout"}
{"timestamp":"2026-06-11T04:47:32.314862Z","level":"info","event":"\u001b[33m⬇️  https://www.tbank.ru/invest/help/brokerage/account/trade-on-bs/insert-money/?card=q5","logger":"task.stdout"}
{"timestamp":"2026-06-11T04:47:33.016141Z","level":"info","event":"\u001b[32m✅ 751145 байт","logger":"task.stdout"}
{"timestamp":"2026-06-11T04:47:33.330251Z","level":"info","event":"\u001b[32m   270 параграфов, 15970 символов","logger":"task.stdout"}
{"timestamp":"2026-06-11T04:47:33.336943Z","level":"info","event":"\u001b[36m💾 093_как_пополнить_брокерский_счет.json","logger":"task.stdout"}
{"timestamp":"2026-06-11T04:47:33.337170Z","level":"info","event":"\u001b[32m✅ Статья #93: Как пополнить брокерский счет","logger":"task.stdout"}
{"timestamp":"2026-06-11T04:47:33.337267Z","level":"info","event":"","logger":"task.stdout"}
{"timestamp":"2026-06-11T04:47:33.337451Z","level":"info","event":"\u001b[36m        [Глубина 4/4] https://www.tbank.ru/invest/help/brokerage/account/trade-on-bs/insert-money/?card=q3","logger":"task.stdout"}
{"timestamp":"2026-06-11T04:47:34.349674Z","level":"info","event":"\u001b[33m⬇️  https://www.tbank.ru/invest/help/brokerage/account/trade-on-bs/insert-money/?card=q3","logger":"task.stdout"}
{"timestamp":"2026-06-11T04:47:35.229027Z","level":"info","event":"\u001b[32m✅ 751303 байт","logger":"task.stdout"}
{"timestamp":"2026-06-11T04:47:35.355647Z","level":"info","event":"\u001b[32m   270 параграфов, 15970 символов","logger":"task.stdout"}
{"timestamp":"2026-06-11T04:47:35.364621Z","level":"info","event":"\u001b[36m💾 094_как_пополнить_брокерский_счет.json","logger":"task.stdout"}
{"timestamp":"2026-06-11T04:47:35.364835Z","level":"info","event":"\u001b[32m✅ Статья #94: Как пополнить брокерский счет","logger":"task.stdout"}
{"timestamp":"2026-06-11T04:47:35.364982Z","level":"info","event":"","logger":"task.stdout"}
{"timestamp":"2026-06-11T04:47:35.365185Z","level":"info","event":"\u001b[36m        [Глубина 4/4] https://www.tbank.ru/invest/help/brokerage/account/trade-on-bs/precious-metals/?card=q3","logger":"task.stdout"}
{"timestamp":"2026-06-11T04:47:36.366821Z","level":"info","event":"\u001b[33m⬇️  https://www.tbank.ru/invest/help/brokerage/account/trade-on-bs/precious-metals/?card=q3","logger":"task.stdout"}
{"timestamp":"2026-06-11T04:47:37.090482Z","level":"info","event":"\u001b[32m✅ 824708 байт","logger":"task.stdout"}
{"timestamp":"2026-06-11T04:47:37.167125Z","level":"info","event":"\u001b[32m   274 параграфов, 19044 символов","logger":"task.stdout"}
{"timestamp":"2026-06-11T04:47:37.174673Z","level":"info","event":"\u001b[36m💾 095_как_покупать_и_продавать_драгоценные_металлы.json","logger":"task.stdout"}
{"timestamp":"2026-06-11T04:47:37.174858Z","level":"info","event":"\u001b[32m✅ Статья #95: Как покупать и продавать драгоценные металлы","logger":"task.stdout"}
{"timestamp":"2026-06-11T04:47:37.174934Z","level":"info","event":"","logger":"task.stdout"}
{"timestamp":"2026-06-11T04:47:37.175175Z","level":"info","event":"\u001b[36m        [Глубина 4/4] https://www.tbank.ru/invest/help/brokerage/account/trade-on-bs/withdraw-money/?card=q7","logger":"task.stdout"}
{"timestamp":"2026-06-11T04:47:38.177765Z","level":"info","event":"\u001b[33m⬇️  https://www.tbank.ru/invest/help/brokerage/account/trade-on-bs/withdraw-money/?card=q7","logger":"task.stdout"}
{"timestamp":"2026-06-11T04:47:38.956693Z","level":"info","event":"\u001b[32m✅ 959923 байт","logger":"task.stdout"}
{"timestamp":"2026-06-11T04:47:39.064093Z","level":"info","event":"\u001b[32m   356 параграфов, 25011 символов","logger":"task.stdout"}
{"timestamp":"2026-06-11T04:47:39.068712Z","level":"info","event":"\u001b[36m💾 096_как_вывести_деньги_с_брокерского_счета.json","logger":"task.stdout"}
{"timestamp":"2026-06-11T04:47:39.068823Z","level":"info","event":"\u001b[32m✅ Статья #96: Как вывести деньги с брокерского счета","logger":"task.stdout"}
{"timestamp":"2026-06-11T04:47:39.068916Z","level":"info","event":"","logger":"task.stdout"}
{"timestamp":"2026-06-11T04:47:39.068993Z","level":"info","event":"\u001b[36m        [Глубина 4/4] https://www.tbank.ru/invest/help/brokerage/account/trade-on-bs/bids/?card=q11","logger":"task.stdout"}
{"timestamp":"2026-06-11T04:47:40.072125Z","level":"info","event":"\u001b[33m⬇️  https://www.tbank.ru/invest/help/brokerage/account/trade-on-bs/bids/?card=q11","logger":"task.stdout"}
{"timestamp":"2026-06-11T04:47:40.846036Z","level":"info","event":"\u001b[32m✅ 1021112 байт","logger":"task.stdout"}
{"timestamp":"2026-06-11T04:47:40.927697Z","level":"info","event":"\u001b[32m   356 параграфов, 35269 символов","logger":"task.stdout"}
{"timestamp":"2026-06-11T04:47:40.930480Z","level":"info","event":"\u001b[36m💾 097_как_выставлять_биржевые_заявки.json","logger":"task.stdout"}
{"timestamp":"2026-06-11T04:47:40.930574Z","level":"info","event":"\u001b[32m✅ Статья #97: Как выставлять биржевые заявки","logger":"task.stdout"}
{"timestamp":"2026-06-11T04:47:40.930638Z","level":"info","event":"","logger":"task.stdout"}
{"timestamp":"2026-06-11T04:47:40.930690Z","level":"info","event":"\u001b[36m        [Глубина 4/4] https://www.tbank.ru/invest/help/brokerage/account/trade-on-bs/bids/?card=q12","logger":"task.stdout"}
{"timestamp":"2026-06-11T04:47:41.937554Z","level":"info","event":"\u001b[33m⬇️  https://www.tbank.ru/invest/help/brokerage/account/trade-on-bs/bids/?card=q12","logger":"task.stdout"}
{"timestamp":"2026-06-11T04:47:43.012364Z","level":"info","event":"\u001b[32m✅ 1021410 байт","logger":"task.stdout"}
{"timestamp":"2026-06-11T04:47:43.108300Z","level":"info","event":"\u001b[32m   356 параграфов, 35269 символов","logger":"task.stdout"}
{"timestamp":"2026-06-11T04:47:43.111865Z","level":"info","event":"\u001b[36m💾 098_как_выставлять_биржевые_заявки.json","logger":"task.stdout"}
{"timestamp":"2026-06-11T04:47:43.112073Z","level":"info","event":"\u001b[32m✅ Статья #98: Как выставлять биржевые заявки","logger":"task.stdout"}
{"timestamp":"2026-06-11T04:47:43.112146Z","level":"info","event":"","logger":"task.stdout"}
{"timestamp":"2026-06-11T04:47:43.112255Z","level":"info","event":"\u001b[36m        [Глубина 4/4] https://www.tbank.ru/invest/help/brokerage/account/trade-on-bs/withdraw-money/?card=q8","logger":"task.stdout"}
{"timestamp":"2026-06-11T04:47:44.117225Z","level":"info","event":"\u001b[33m⬇️  https://www.tbank.ru/invest/help/brokerage/account/trade-on-bs/withdraw-money/?card=q8","logger":"task.stdout"}
{"timestamp":"2026-06-11T04:47:44.955973Z","level":"info","event":"\u001b[32m✅ 960576 байт","logger":"task.stdout"}
{"timestamp":"2026-06-11T04:47:45.032890Z","level":"info","event":"\u001b[32m   356 параграфов, 25011 символов","logger":"task.stdout"}
{"timestamp":"2026-06-11T04:47:45.036228Z","level":"info","event":"\u001b[36m💾 099_как_вывести_деньги_с_брокерского_счета.json","logger":"task.stdout"}
{"timestamp":"2026-06-11T04:47:45.036427Z","level":"info","event":"\u001b[32m✅ Статья #99: Как вывести деньги с брокерского счета","logger":"task.stdout"}
{"timestamp":"2026-06-11T04:47:45.037188Z","level":"info","event":"","logger":"task.stdout"}
{"timestamp":"2026-06-11T04:47:45.037588Z","level":"info","event":"\u001b[36m        [Глубина 4/4] https://www.tbank.ru/invest/help/brokerage/account/trade-on-bs/withdraw-money/?card=q4","logger":"task.stdout"}
{"timestamp":"2026-06-11T04:47:46.040474Z","level":"info","event":"\u001b[33m⬇️  https://www.tbank.ru/invest/help/brokerage/account/trade-on-bs/withdraw-money/?card=q4","logger":"task.stdout"}
{"timestamp":"2026-06-11T04:47:46.315377Z","level":"info","event":"\u001b[32m✅ 960258 байт","logger":"task.stdout"}
{"timestamp":"2026-06-11T04:47:46.385760Z","level":"info","event":"\u001b[32m   356 параграфов, 25011 символов","logger":"task.stdout"}
{"timestamp":"2026-06-11T04:47:46.387391Z","level":"info","event":"\u001b[36m💾 100_как_вывести_деньги_с_брокерского_счета.json","logger":"task.stdout"}
{"timestamp":"2026-06-11T04:47:46.387566Z","level":"info","event":"\u001b[32m✅ Статья #100: Как вывести деньги с брокерского счета","logger":"task.stdout"}
{"timestamp":"2026-06-11T04:47:46.450122Z","level":"info","event":"","logger":"task.stdout"}
{"timestamp":"2026-06-11T04:47:46.450261Z","level":"info","event":"\u001b[33m💾 Checkpoint: 100 статей (32.6/мин)","logger":"task.stdout"}
{"timestamp":"2026-06-11T04:47:46.450319Z","level":"info","event":"","logger":"task.stdout"}
{"timestamp":"2026-06-11T04:47:46.450371Z","level":"info","event":"","logger":"task.stdout"}
{"timestamp":"2026-06-11T04:47:46.450421Z","level":"info","event":"\u001b[36m        [Глубина 4/4] https://www.tbank.ru/invest/help/brokerage/account/trade-on-bs/withdraw-money/?card=q1","logger":"task.stdout"}
{"timestamp":"2026-06-11T04:47:47.460956Z","level":"info","event":"\u001b[33m⬇️  https://www.tbank.ru/invest/help/brokerage/account/trade-on-bs/withdraw-money/?card=q1","logger":"task.stdout"}
{"timestamp":"2026-06-11T04:47:48.254139Z","level":"info","event":"\u001b[32m✅ 959955 байт","logger":"task.stdout"}
{"timestamp":"2026-06-11T04:47:48.384412Z","level":"info","event":"\u001b[32m   356 параграфов, 25011 символов","logger":"task.stdout"}
{"timestamp":"2026-06-11T04:47:48.387844Z","level":"info","event":"\u001b[36m💾 101_как_вывести_деньги_с_брокерского_счета.json","logger":"task.stdout"}
{"timestamp":"2026-06-11T04:47:48.388423Z","level":"info","event":"\u001b[32m✅ Статья #101: Как вывести деньги с брокерского счета","logger":"task.stdout"}
{"timestamp":"2026-06-11T04:47:48.388586Z","level":"info","event":"","logger":"task.stdout"}
{"timestamp":"2026-06-11T04:47:48.388732Z","level":"info","event":"\u001b[36m        [Глубина 4/4] https://www.tbank.ru/invest/help/brokerage/account/trade-on-bs/precious-metals/?card=q1","logger":"task.stdout"}
{"timestamp":"2026-06-11T04:47:49.390118Z","level":"info","event":"\u001b[33m⬇️  https://www.tbank.ru/invest/help/brokerage/account/trade-on-bs/precious-metals/?card=q1","logger":"task.stdout"}
{"timestamp":"2026-06-11T04:47:50.279325Z","level":"info","event":"\u001b[32m✅ 824882 байт","logger":"task.stdout"}
{"timestamp":"2026-06-11T04:47:50.357299Z","level":"info","event":"\u001b[32m   274 параграфов, 19044 символов","logger":"task.stdout"}
{"timestamp":"2026-06-11T04:47:50.362741Z","level":"info","event":"\u001b[36m💾 102_как_покупать_и_продавать_драгоценные_металлы.json","logger":"task.stdout"}
{"timestamp":"2026-06-11T04:47:50.364359Z","level":"info","event":"\u001b[32m✅ Статья #102: Как покупать и продавать драгоценные металлы","logger":"task.stdout"}
{"timestamp":"2026-06-11T04:47:50.364539Z","level":"info","event":"","logger":"task.stdout"}
{"timestamp":"2026-06-11T04:47:50.364713Z","level":"info","event":"\u001b[36m        [Глубина 4/4] https://www.tbank.ru/invest/help/brokerage/account/trade-on-bs/bids/?card=q9","logger":"task.stdout"}
{"timestamp":"2026-06-11T04:47:51.365733Z","level":"info","event":"\u001b[33m⬇️  https://www.tbank.ru/invest/help/brokerage/account/trade-on-bs/bids/?card=q9","logger":"task.stdout"}
{"timestamp":"2026-06-11T04:47:52.103622Z","level":"info","event":"\u001b[32m✅ 1021217 байт","logger":"task.stdout"}
{"timestamp":"2026-06-11T04:47:52.186104Z","level":"info","event":"\u001b[32m   356 параграфов, 35269 символов","logger":"task.stdout"}
{"timestamp":"2026-06-11T04:47:52.189461Z","level":"info","event":"\u001b[36m💾 103_как_выставлять_биржевые_заявки.json","logger":"task.stdout"}
{"timestamp":"2026-06-11T04:47:52.189645Z","level":"info","event":"\u001b[32m✅ Статья #103: Как выставлять биржевые заявки","logger":"task.stdout"}
{"timestamp":"2026-06-11T04:47:52.189715Z","level":"info","event":"","logger":"task.stdout"}
{"timestamp":"2026-06-11T04:47:52.189774Z","level":"info","event":"\u001b[36m        [Глубина 4/4] https://www.tbank.ru/invest/help/brokerage/account/trade-on-bs/precious-metals/?card=q6","logger":"task.stdout"}
{"timestamp":"2026-06-11T04:47:53.193459Z","level":"info","event":"\u001b[33m⬇️  https://www.tbank.ru/invest/help/brokerage/account/trade-on-bs/precious-metals/?card=q6","logger":"task.stdout"}
{"timestamp":"2026-06-11T04:47:54.075837Z","level":"info","event":"\u001b[32m✅ 824941 байт","logger":"task.stdout"}
{"timestamp":"2026-06-11T04:47:54.146563Z","level":"info","event":"\u001b[32m   274 параграфов, 19044 символов","logger":"task.stdout"}
{"timestamp":"2026-06-11T04:47:54.148471Z","level":"info","event":"\u001b[36m💾 104_как_покупать_и_продавать_драгоценные_металлы.json","logger":"task.stdout"}
{"timestamp":"2026-06-11T04:47:54.148585Z","level":"info","event":"\u001b[32m✅ Статья #104: Как покупать и продавать драгоценные металлы","logger":"task.stdout"}
{"timestamp":"2026-06-11T04:47:54.148687Z","level":"info","event":"","logger":"task.stdout"}
{"timestamp":"2026-06-11T04:47:54.148739Z","level":"info","event":"\u001b[36m        [Глубина 4/4] https://www.tbank.ru/invest/help/brokerage/account/trade-on-bs/bids/?card=q8","logger":"task.stdout"}
{"timestamp":"2026-06-11T04:47:55.153342Z","level":"info","event":"\u001b[33m⬇️  https://www.tbank.ru/invest/help/brokerage/account/trade-on-bs/bids/?card=q8","logger":"task.stdout"}
{"timestamp":"2026-06-11T04:47:56.218651Z","level":"info","event":"\u001b[32m✅ 1021429 байт","logger":"task.stdout"}
{"timestamp":"2026-06-11T04:47:56.297253Z","level":"info","event":"\u001b[32m   356 параграфов, 35269 символов","logger":"task.stdout"}
{"timestamp":"2026-06-11T04:47:56.300310Z","level":"info","event":"\u001b[36m💾 105_как_выставлять_биржевые_заявки.json","logger":"task.stdout"}
{"timestamp":"2026-06-11T04:47:56.300498Z","level":"info","event":"\u001b[32m✅ Статья #105: Как выставлять биржевые заявки","logger":"task.stdout"}
{"timestamp":"2026-06-11T04:47:56.300651Z","level":"info","event":"","logger":"task.stdout"}
{"timestamp":"2026-06-11T04:47:56.300768Z","level":"info","event":"\u001b[36m        [Глубина 4/4] https://www.tbank.ru/invest/help/brokerage/account/trade-on-bs/withdraw-money/?card=q2","logger":"task.stdout"}
{"timestamp":"2026-06-11T04:47:57.303595Z","level":"info","event":"\u001b[33m⬇️  https://www.tbank.ru/invest/help/brokerage/account/trade-on-bs/withdraw-money/?card=q2","logger":"task.stdout"}
{"timestamp":"2026-06-11T04:47:58.232042Z","level":"info","event":"\u001b[32m✅ 960016 байт","logger":"task.stdout"}
{"timestamp":"2026-06-11T04:47:58.423547Z","level":"info","event":"\u001b[32m   356 параграфов, 25011 символов","logger":"task.stdout"}
{"timestamp":"2026-06-11T04:47:58.442757Z","level":"info","event":"\u001b[36m💾 106_как_вывести_деньги_с_брокерского_счета.json","logger":"task.stdout"}
{"timestamp":"2026-06-11T04:47:58.443130Z","level":"info","event":"\u001b[32m✅ Статья #106: Как вывести деньги с брокерского счета","logger":"task.stdout"}
{"timestamp":"2026-06-11T04:47:58.443435Z","level":"info","event":"","logger":"task.stdout"}
{"timestamp":"2026-06-11T04:47:58.443561Z","level":"info","event":"\u001b[36m        [Глубина 4/4] https://www.tbank.ru/invest/help/brokerage/account/trade-on-bs/buy-n-sell/?card=q6","logger":"task.stdout"}
{"timestamp":"2026-06-11T04:47:59.444752Z","level":"info","event":"\u001b[33m⬇️  https://www.tbank.ru/invest/help/brokerage/account/trade-on-bs/buy-n-sell/?card=q6","logger":"task.stdout"}
{"timestamp":"2026-06-11T04:47:59.690337Z","level":"info","event":"\u001b[32m✅ 806165 байт","logger":"task.stdout"}
{"timestamp":"2026-06-11T04:47:59.747516Z","level":"info","event":"\u001b[32m   261 параграфов, 17456 символов","logger":"task.stdout"}
{"timestamp":"2026-06-11T04:47:59.753143Z","level":"info","event":"\u001b[36m💾 107_как_покупать_и_продавать_ценные_бумаги_и_валюту.json","logger":"task.stdout"}
{"timestamp":"2026-06-11T04:47:59.753347Z","level":"info","event":"\u001b[32m✅ Статья #107: Как покупать и продавать ценные бумаги и валюту","logger":"task.stdout"}
{"timestamp":"2026-06-11T04:47:59.753554Z","level":"info","event":"","logger":"task.stdout"}
{"timestamp":"2026-06-11T04:47:59.753663Z","level":"info","event":"\u001b[36m        [Глубина 4/4] https://www.tbank.ru/invest/help/brokerage/account/trade-on-bs/withdraw-money/?card=q5","logger":"task.stdout"}
{"timestamp":"2026-06-11T04:48:00.758948Z","level":"info","event":"\u001b[33m⬇️  https://www.tbank.ru/invest/help/brokerage/account/trade-on-bs/withdraw-money/?card=q5","logger":"task.stdout"}
{"timestamp":"2026-06-11T04:48:01.058396Z","level":"info","event":"\u001b[32m✅ 960103 байт","logger":"task.stdout"}
{"timestamp":"2026-06-11T04:48:01.171952Z","level":"info","event":"\u001b[32m   356 параграфов, 25011 символов","logger":"task.stdout"}
{"timestamp":"2026-06-11T04:48:01.174236Z","level":"info","event":"\u001b[36m💾 108_как_вывести_деньги_с_брокерского_счета.json","logger":"task.stdout"}
{"timestamp":"2026-06-11T04:48:01.174396Z","level":"info","event":"\u001b[32m✅ Статья #108: Как вывести деньги с брокерского счета","logger":"task.stdout"}
{"timestamp":"2026-06-11T04:48:01.174627Z","level":"info","event":"","logger":"task.stdout"}
{"timestamp":"2026-06-11T04:48:01.174739Z","level":"info","event":"\u001b[36m        [Глубина 4/4] https://www.tbank.ru/invest/help/brokerage/account/trade-on-bs/bids/?card=q2","logger":"task.stdout"}
{"timestamp":"2026-06-11T04:48:02.177507Z","level":"info","event":"\u001b[33m⬇️  https://www.tbank.ru/invest/help/brokerage/account/trade-on-bs/bids/?card=q2","logger":"task.stdout"}
{"timestamp":"2026-06-11T04:48:03.186140Z","level":"info","event":"\u001b[32m✅ 1021148 байт","logger":"task.stdout"}
{"timestamp":"2026-06-11T04:48:03.317143Z","level":"info","event":"\u001b[32m   356 параграфов, 35269 символов","logger":"task.stdout"}
{"timestamp":"2026-06-11T04:48:03.324348Z","level":"info","event":"\u001b[36m💾 109_как_выставлять_биржевые_заявки.json","logger":"task.stdout"}
{"timestamp":"2026-06-11T04:48:03.324844Z","level":"info","event":"\u001b[32m✅ Статья #109: Как выставлять биржевые заявки","logger":"task.stdout"}
{"timestamp":"2026-06-11T04:48:03.324971Z","level":"info","event":"","logger":"task.stdout"}
{"timestamp":"2026-06-11T04:48:03.325048Z","level":"info","event":"\u001b[36m        [Глубина 4/4] https://www.tbank.ru/invest/help/brokerage/account/trade-on-bs/buy-n-sell/?card=q8","logger":"task.stdout"}
{"timestamp":"2026-06-11T04:48:04.330295Z","level":"info","event":"\u001b[33m⬇️  https://www.tbank.ru/invest/help/brokerage/account/trade-on-bs/buy-n-sell/?card=q8","logger":"task.stdout"}
{"timestamp":"2026-06-11T04:48:05.174361Z","level":"info","event":"\u001b[32m✅ 806113 байт","logger":"task.stdout"}
{"timestamp":"2026-06-11T04:48:05.257086Z","level":"info","event":"\u001b[32m   261 параграфов, 17456 символов","logger":"task.stdout"}
{"timestamp":"2026-06-11T04:48:05.260217Z","level":"info","event":"\u001b[36m💾 110_как_покупать_и_продавать_ценные_бумаги_и_валюту.json","logger":"task.stdout"}
{"timestamp":"2026-06-11T04:48:05.260316Z","level":"info","event":"\u001b[32m✅ Статья #110: Как покупать и продавать ценные бумаги и валюту","logger":"task.stdout"}
{"timestamp":"2026-06-11T04:48:05.340497Z","level":"info","event":"","logger":"task.stdout"}
{"timestamp":"2026-06-11T04:48:05.340799Z","level":"info","event":"\u001b[33m💾 Checkpoint: 110 статей (32.5/мин)","logger":"task.stdout"}
{"timestamp":"2026-06-11T04:48:05.340963Z","level":"info","event":"","logger":"task.stdout"}
{"timestamp":"2026-06-11T04:48:05.341047Z","level":"info","event":"","logger":"task.stdout"}
{"timestamp":"2026-06-11T04:48:05.341136Z","level":"info","event":"\u001b[36m        [Глубина 4/4] https://www.tbank.ru/invest/help/brokerage/account/trade-on-bs/buy-n-sell/?card=q2","logger":"task.stdout"}
{"timestamp":"2026-06-11T04:48:06.344918Z","level":"info","event":"\u001b[33m⬇️  https://www.tbank.ru/invest/help/brokerage/account/trade-on-bs/buy-n-sell/?card=q2","logger":"task.stdout"}
{"timestamp":"2026-06-11T04:48:07.055344Z","level":"info","event":"\u001b[32m✅ 806021 байт","logger":"task.stdout"}
{"timestamp":"2026-06-11T04:48:07.117122Z","level":"info","event":"\u001b[32m   261 параграфов, 17456 символов","logger":"task.stdout"}
{"timestamp":"2026-06-11T04:48:07.119104Z","level":"info","event":"\u001b[36m💾 111_как_покупать_и_продавать_ценные_бумаги_и_валюту.json","logger":"task.stdout"}
{"timestamp":"2026-06-11T04:48:07.119237Z","level":"info","event":"\u001b[32m✅ Статья #111: Как покупать и продавать ценные бумаги и валюту","logger":"task.stdout"}
{"timestamp":"2026-06-11T04:48:07.119303Z","level":"info","event":"","logger":"task.stdout"}
{"timestamp":"2026-06-11T04:48:07.119373Z","level":"info","event":"\u001b[36m        [Глубина 4/4] https://www.tbank.ru/invest/help/brokerage/account/trade-on-bs/bids/?card=q6","logger":"task.stdout"}
{"timestamp":"2026-06-11T04:48:08.124971Z","level":"info","event":"\u001b[33m⬇️  https://www.tbank.ru/invest/help/brokerage/account/trade-on-bs/bids/?card=q6","logger":"task.stdout"}
{"timestamp":"2026-06-11T04:48:09.227578Z","level":"info","event":"\u001b[32m✅ 1020998 байт","logger":"task.stdout"}
{"timestamp":"2026-06-11T04:48:09.352851Z","level":"info","event":"\u001b[32m   356 параграфов, 35269 символов","logger":"task.stdout"}
{"timestamp":"2026-06-11T04:48:09.357346Z","level":"info","event":"\u001b[36m💾 112_как_выставлять_биржевые_заявки.json","logger":"task.stdout"}
{"timestamp":"2026-06-11T04:48:09.357502Z","level":"info","event":"\u001b[32m✅ Статья #112: Как выставлять биржевые заявки","logger":"task.stdout"}
{"timestamp":"2026-06-11T04:48:09.358062Z","level":"info","event":"","logger":"task.stdout"}
{"timestamp":"2026-06-11T04:48:09.358256Z","level":"info","event":"\u001b[36m        [Глубина 4/4] https://www.tbank.ru/invest/help/brokerage/account/trade-on-bs/bids/?card=q13","logger":"task.stdout"}
{"timestamp":"2026-06-11T04:48:10.360740Z","level":"info","event":"\u001b[33m⬇️  https://www.tbank.ru/invest/help/brokerage/account/trade-on-bs/bids/?card=q13","logger":"task.stdout"}
{"timestamp":"2026-06-11T04:48:11.141471Z","level":"info","event":"\u001b[32m✅ 1021565 байт","logger":"task.stdout"}
{"timestamp":"2026-06-11T04:48:11.241698Z","level":"info","event":"\u001b[32m   356 параграфов, 35269 символов","logger":"task.stdout"}
{"timestamp":"2026-06-11T04:48:11.244279Z","level":"info","event":"\u001b[36m💾 113_как_выставлять_биржевые_заявки.json","logger":"task.stdout"}
{"timestamp":"2026-06-11T04:48:11.244397Z","level":"info","event":"\u001b[32m✅ Статья #113: Как выставлять биржевые заявки","logger":"task.stdout"}
{"timestamp":"2026-06-11T04:48:11.244488Z","level":"info","event":"","logger":"task.stdout"}
{"timestamp":"2026-06-11T04:48:11.244594Z","level":"info","event":"\u001b[36m        [Глубина 4/4] https://www.tbank.ru/invest/help/brokerage/account/trade-on-bs/precious-metals/?card=q2","logger":"task.stdout"}
{"timestamp":"2026-06-11T04:48:12.250326Z","level":"info","event":"\u001b[33m⬇️  https://www.tbank.ru/invest/help/brokerage/account/trade-on-bs/precious-metals/?card=q2","logger":"task.stdout"}
{"timestamp":"2026-06-11T04:48:12.911288Z","level":"info","event":"\u001b[32m✅ 824644 байт","logger":"task.stdout"}
{"timestamp":"2026-06-11T04:48:12.984597Z","level":"info","event":"\u001b[32m   274 параграфов, 19044 символов","logger":"task.stdout"}
{"timestamp":"2026-06-11T04:48:12.987318Z","level":"info","event":"\u001b[36m💾 114_как_покупать_и_продавать_драгоценные_металлы.json","logger":"task.stdout"}
{"timestamp":"2026-06-11T04:48:12.987723Z","level":"info","event":"\u001b[32m✅ Статья #114: Как покупать и продавать драгоценные металлы","logger":"task.stdout"}
{"timestamp":"2026-06-11T04:48:12.987880Z","level":"info","event":"","logger":"task.stdout"}
{"timestamp":"2026-06-11T04:48:12.988176Z","level":"info","event":"\u001b[36m        [Глубина 4/4] https://www.tbank.ru/invest/help/brokerage/account/trade-on-bs/precious-metals/?card=q5","logger":"task.stdout"}
{"timestamp":"2026-06-11T04:48:13.990004Z","level":"info","event":"\u001b[33m⬇️  https://www.tbank.ru/invest/help/brokerage/account/trade-on-bs/precious-metals/?card=q5","logger":"task.stdout"}
{"timestamp":"2026-06-11T04:48:14.633371Z","level":"info","event":"\u001b[32m✅ 825187 байт","logger":"task.stdout"}
{"timestamp":"2026-06-11T04:48:14.741399Z","level":"info","event":"\u001b[32m   274 параграфов, 19044 символов","logger":"task.stdout"}
{"timestamp":"2026-06-11T04:48:14.743281Z","level":"info","event":"\u001b[36m💾 115_как_покупать_и_продавать_драгоценные_металлы.json","logger":"task.stdout"}
{"timestamp":"2026-06-11T04:48:14.743383Z","level":"info","event":"\u001b[32m✅ Статья #115: Как покупать и продавать драгоценные металлы","logger":"task.stdout"}
{"timestamp":"2026-06-11T04:48:14.743444Z","level":"info","event":"","logger":"task.stdout"}
{"timestamp":"2026-06-11T04:48:14.743502Z","level":"info","event":"\u001b[36m        [Глубина 4/4] https://www.tbank.ru/invest/help/brokerage/account/trade-on-bs/insert-money/?card=q4","logger":"task.stdout"}
{"timestamp":"2026-06-11T04:48:15.744870Z","level":"info","event":"\u001b[33m⬇️  https://www.tbank.ru/invest/help/brokerage/account/trade-on-bs/insert-money/?card=q4","logger":"task.stdout"}
{"timestamp":"2026-06-11T04:48:16.329787Z","level":"info","event":"\u001b[32m✅ 751524 байт","logger":"task.stdout"}
{"timestamp":"2026-06-11T04:48:16.392480Z","level":"info","event":"\u001b[32m   270 параграфов, 15970 символов","logger":"task.stdout"}
{"timestamp":"2026-06-11T04:48:16.396785Z","level":"info","event":"\u001b[36m💾 116_как_пополнить_брокерский_счет.json","logger":"task.stdout"}
{"timestamp":"2026-06-11T04:48:16.396957Z","level":"info","event":"\u001b[32m✅ Статья #116: Как пополнить брокерский счет","logger":"task.stdout"}
{"timestamp":"2026-06-11T04:48:16.397044Z","level":"info","event":"","logger":"task.stdout"}
{"timestamp":"2026-06-11T04:48:16.397146Z","level":"info","event":"\u001b[36m        [Глубина 4/4] https://www.tbank.ru/invest/help/brokerage/account/trade-on-bs/bids/?card=q7","logger":"task.stdout"}
{"timestamp":"2026-06-11T04:48:17.409542Z","level":"info","event":"\u001b[33m⬇️  https://www.tbank.ru/invest/help/brokerage/account/trade-on-bs/bids/?card=q7","logger":"task.stdout"}
{"timestamp":"2026-06-11T04:48:18.320957Z","level":"info","event":"\u001b[32m✅ 1021509 байт","logger":"task.stdout"}
{"timestamp":"2026-06-11T04:48:18.554998Z","level":"info","event":"\u001b[32m   356 параграфов, 35269 символов","logger":"task.stdout"}
{"timestamp":"2026-06-11T04:48:18.558044Z","level":"info","event":"\u001b[36m💾 117_как_выставлять_биржевые_заявки.json","logger":"task.stdout"}
{"timestamp":"2026-06-11T04:48:18.558140Z","level":"info","event":"\u001b[32m✅ Статья #117: Как выставлять биржевые заявки","logger":"task.stdout"}
{"timestamp":"2026-06-11T04:48:18.558216Z","level":"info","event":"","logger":"task.stdout"}
{"timestamp":"2026-06-11T04:48:18.558297Z","level":"info","event":"\u001b[36m        [Глубина 4/4] https://www.tbank.ru/invest/help/brokerage/account/trade-on-bs/precious-metals/?card=q7","logger":"task.stdout"}
{"timestamp":"2026-06-11T04:48:19.561812Z","level":"info","event":"\u001b[33m⬇️  https://www.tbank.ru/invest/help/brokerage/account/trade-on-bs/precious-metals/?card=q7","logger":"task.stdout"}
{"timestamp":"2026-06-11T04:48:20.414796Z","level":"info","event":"\u001b[32m✅ 824937 байт","logger":"task.stdout"}
{"timestamp":"2026-06-11T04:48:20.513773Z","level":"info","event":"\u001b[32m   274 параграфов, 19044 символов","logger":"task.stdout"}
{"timestamp":"2026-06-11T04:48:20.515678Z","level":"info","event":"\u001b[36m💾 118_как_покупать_и_продавать_драгоценные_металлы.json","logger":"task.stdout"}
{"timestamp":"2026-06-11T04:48:20.515762Z","level":"info","event":"\u001b[32m✅ Статья #118: Как покупать и продавать драгоценные металлы","logger":"task.stdout"}
{"timestamp":"2026-06-11T04:48:20.515829Z","level":"info","event":"","logger":"task.stdout"}
{"timestamp":"2026-06-11T04:48:20.515879Z","level":"info","event":"\u001b[36m        [Глубина 4/4] https://www.tbank.ru/invest/help/brokerage/account/trade-on-bs/bids/?card=q1","logger":"task.stdout"}
{"timestamp":"2026-06-11T04:48:21.517811Z","level":"info","event":"\u001b[33m⬇️  https://www.tbank.ru/invest/help/brokerage/account/trade-on-bs/bids/?card=q1","logger":"task.stdout"}
{"timestamp":"2026-06-11T04:48:22.506782Z","level":"info","event":"\u001b[32m✅ 1021432 байт","logger":"task.stdout"}
{"timestamp":"2026-06-11T04:48:22.577334Z","level":"info","event":"\u001b[32m   356 параграфов, 35269 символов","logger":"task.stdout"}
{"timestamp":"2026-06-11T04:48:22.579195Z","level":"info","event":"\u001b[36m💾 119_как_выставлять_биржевые_заявки.json","logger":"task.stdout"}
{"timestamp":"2026-06-11T04:48:22.579286Z","level":"info","event":"\u001b[32m✅ Статья #119: Как выставлять биржевые заявки","logger":"task.stdout"}
{"timestamp":"2026-06-11T04:48:22.579354Z","level":"info","event":"","logger":"task.stdout"}
{"timestamp":"2026-06-11T04:48:22.579447Z","level":"info","event":"\u001b[36m        [Глубина 4/4] https://www.tbank.ru/invest/help/brokerage/account/trade-on-bs/precious-metals/?card=q4","logger":"task.stdout"}
{"timestamp":"2026-06-11T04:48:23.581704Z","level":"info","event":"\u001b[33m⬇️  https://www.tbank.ru/invest/help/brokerage/account/trade-on-bs/precious-metals/?card=q4","logger":"task.stdout"}
{"timestamp":"2026-06-11T04:48:24.406722Z","level":"info","event":"\u001b[32m✅ 824950 байт","logger":"task.stdout"}
{"timestamp":"2026-06-11T04:48:24.478632Z","level":"info","event":"\u001b[32m   274 параграфов, 19044 символов","logger":"task.stdout"}
{"timestamp":"2026-06-11T04:48:24.489000Z","level":"info","event":"\u001b[36m💾 120_как_покупать_и_продавать_драгоценные_металлы.json","logger":"task.stdout"}
{"timestamp":"2026-06-11T04:48:24.489278Z","level":"info","event":"\u001b[32m✅ Статья #120: Как покупать и продавать драгоценные металлы","logger":"task.stdout"}
{"timestamp":"2026-06-11T04:48:24.713836Z","level":"info","event":"","logger":"task.stdout"}
{"timestamp":"2026-06-11T04:48:24.714491Z","level":"info","event":"\u001b[33m💾 Checkpoint: 120 статей (32.3/мин)","logger":"task.stdout"}
{"timestamp":"2026-06-11T04:48:24.714633Z","level":"info","event":"","logger":"task.stdout"}
{"timestamp":"2026-06-11T04:48:24.714788Z","level":"info","event":"","logger":"task.stdout"}
{"timestamp":"2026-06-11T04:48:24.714899Z","level":"info","event":"\u001b[36m        [Глубина 4/4] https://www.tbank.ru/invest/help/brokerage/account/trade-on-bs/bids/?card=q14","logger":"task.stdout"}
{"timestamp":"2026-06-11T04:48:25.716187Z","level":"info","event":"\u001b[33m⬇️  https://www.tbank.ru/invest/help/brokerage/account/trade-on-bs/bids/?card=q14","logger":"task.stdout"}
{"timestamp":"2026-06-11T04:48:26.466936Z","level":"info","event":"\u001b[32m✅ 1021155 байт","logger":"task.stdout"}
{"timestamp":"2026-06-11T04:48:26.543368Z","level":"info","event":"\u001b[32m   356 параграфов, 35269 символов","logger":"task.stdout"}
{"timestamp":"2026-06-11T04:48:26.546126Z","level":"info","event":"\u001b[36m💾 121_как_выставлять_биржевые_заявки.json","logger":"task.stdout"}
{"timestamp":"2026-06-11T04:48:26.546253Z","level":"info","event":"\u001b[32m✅ Статья #121: Как выставлять биржевые заявки","logger":"task.stdout"}
{"timestamp":"2026-06-11T04:48:26.546349Z","level":"info","event":"","logger":"task.stdout"}
{"timestamp":"2026-06-11T04:48:26.546447Z","level":"info","event":"\u001b[36m        [Глубина 4/4] https://www.tbank.ru/invest/help/brokerage/account/trade-on-bs/buy-n-sell/?card=q4","logger":"task.stdout"}
{"timestamp":"2026-06-11T04:48:27.551664Z","level":"info","event":"\u001b[33m⬇️  https://www.tbank.ru/invest/help/brokerage/account/trade-on-bs/buy-n-sell/?card=q4","logger":"task.stdout"}
{"timestamp":"2026-06-11T04:48:28.471755Z","level":"info","event":"\u001b[32m✅ 806340 байт","logger":"task.stdout"}
{"timestamp":"2026-06-11T04:48:28.534723Z","level":"info","event":"\u001b[32m   261 параграфов, 17456 символов","logger":"task.stdout"}
{"timestamp":"2026-06-11T04:48:28.544857Z","level":"info","event":"\u001b[36m💾 122_как_покупать_и_продавать_ценные_бумаги_и_валюту.json","logger":"task.stdout"}
{"timestamp":"2026-06-11T04:48:28.545690Z","level":"info","event":"\u001b[32m✅ Статья #122: Как покупать и продавать ценные бумаги и валюту","logger":"task.stdout"}
{"timestamp":"2026-06-11T04:48:28.546200Z","level":"info","event":"","logger":"task.stdout"}
{"timestamp":"2026-06-11T04:48:28.546422Z","level":"info","event":"\u001b[36m      [Глубина 3/4] https://www.tbank.ru/invest/help/situation/?card=q20","logger":"task.stdout"}
{"timestamp":"2026-06-11T04:48:29.547501Z","level":"info","event":"\u001b[33m⬇️  https://www.tbank.ru/invest/help/situation/?card=q20","logger":"task.stdout"}
{"timestamp":"2026-06-11T04:48:29.740628Z","level":"info","event":"\u001b[32m✅ 546623 байт","logger":"task.stdout"}
{"timestamp":"2026-06-11T04:48:29.795447Z","level":"info","event":"\u001b[32m   226 параграфов, 11701 символов","logger":"task.stdout"}
{"timestamp":"2026-06-11T04:48:29.798086Z","level":"info","event":"\u001b[36m💾 123_что_происходит_на_бирже_важная_информация_для_клиентов_тинвестиций.json","logger":"task.stdout"}
{"timestamp":"2026-06-11T04:48:29.798485Z","level":"info","event":"\u001b[32m✅ Статья #123: Что происходит на бирже: важная информация для кли","logger":"task.stdout"}
{"timestamp":"2026-06-11T04:48:29.800257Z","level":"error","event":"\r                                                          \u001b[A","logger":"task.stderr"}
{"timestamp":"2026-06-11T04:48:29.805366Z","level":"error","event":"\rФильтрация ссылок:   0%|          | 0/363 [00:00<?, ?it/s]\u001b[A","logger":"task.stderr"}
{"timestamp":"2026-06-11T04:48:29.805484Z","level":"info","event":"\u001b[32m   Новых ссылок: 7","logger":"task.stdout"}
{"timestamp":"2026-06-11T04:48:29.805632Z","level":"info","event":"","logger":"task.stdout"}
{"timestamp":"2026-06-11T04:48:29.805736Z","level":"info","event":"\u001b[36m        [Глубина 4/4] https://www.tbank.ru/invest/help/educate/tax-issues/deduction/w-8ben/","logger":"task.stdout"}
{"timestamp":"2026-06-11T04:48:30.818647Z","level":"info","event":"\u001b[33m⬇️  https://www.tbank.ru/invest/help/educate/tax-issues/deduction/w-8ben/","logger":"task.stdout"}
{"timestamp":"2026-06-11T04:48:31.645826Z","level":"info","event":"\u001b[32m✅ 662191 байт","logger":"task.stdout"}
{"timestamp":"2026-06-11T04:48:31.723673Z","level":"info","event":"\u001b[32m   240 параграфов, 11871 символов","logger":"task.stdout"}
{"timestamp":"2026-06-11T04:48:31.725467Z","level":"info","event":"\u001b[36m💾 124_форма_w8ben_и_для_чего_она_нужна.json","logger":"task.stdout"}
{"timestamp":"2026-06-11T04:48:31.725593Z","level":"info","event":"\u001b[32m✅ Статья #124: Форма W‑8BEN и для чего она нужна","logger":"task.stdout"}
{"timestamp":"2026-06-11T04:48:31.725693Z","level":"info","event":"","logger":"task.stdout"}
{"timestamp":"2026-06-11T04:48:31.725759Z","level":"info","event":"\u001b[36m        [Глубина 4/4] https://www.tbank.ru/invest/help/educate/otc/about/blocked-assets/?card=q7","logger":"task.stdout"}
{"timestamp":"2026-06-11T04:48:32.725899Z","level":"info","event":"\u001b[33m⬇️  https://www.tbank.ru/invest/help/educate/otc/about/blocked-assets/?card=q7","logger":"task.stdout"}
{"timestamp":"2026-06-11T04:48:33.599476Z","level":"info","event":"\u001b[32m✅ 887032 байт","logger":"task.stdout"}
{"timestamp":"2026-06-11T04:48:33.659727Z","level":"info","event":"\u001b[32m   315 параграфов, 24278 символов","logger":"task.stdout"}
{"timestamp":"2026-06-11T04:48:33.661799Z","level":"info","event":"\u001b[36m💾 125_внебиржевые_торги_заблокированными_бумагами_с_хранением_в_нрд.json","logger":"task.stdout"}
{"timestamp":"2026-06-11T04:48:33.661916Z","level":"info","event":"\u001b[32m✅ Статья #125: Внебиржевые торги заблокированными бумагами с хран","logger":"task.stdout"}
{"timestamp":"2026-06-11T04:48:33.661994Z","level":"info","event":"","logger":"task.stdout"}
{"timestamp":"2026-06-11T04:48:33.662048Z","level":"info","event":"\u001b[36m        [Глубина 4/4] https://www.tbank.ru/invest/help/urgent-funds/","logger":"task.stdout"}
{"timestamp":"2026-06-11T04:48:34.665484Z","level":"info","event":"\u001b[33m⬇️  https://www.tbank.ru/invest/help/urgent-funds/","logger":"task.stdout"}
{"timestamp":"2026-06-11T04:48:35.214647Z","level":"info","event":"\u001b[32m✅ 566079 байт","logger":"task.stdout"}
{"timestamp":"2026-06-11T04:48:35.284079Z","level":"info","event":"\u001b[32m   256 параграфов, 14601 символов","logger":"task.stdout"}
{"timestamp":"2026-06-11T04:48:35.285776Z","level":"info","event":"\u001b[36m💾 126_торги_фондами_т_капитала.json","logger":"task.stdout"}
{"timestamp":"2026-06-11T04:48:35.285884Z","level":"info","event":"\u001b[32m✅ Статья #126: Торги фондами Т⁠-⁠Капитала","logger":"task.stdout"}
{"timestamp":"2026-06-11T04:48:35.285953Z","level":"info","event":"","logger":"task.stdout"}
{"timestamp":"2026-06-11T04:48:35.286031Z","level":"info","event":"\u001b[36m        [Глубина 4/4] https://www.tbank.ru/invest/help/educate/otc/about/blocked-assets/","logger":"task.stdout"}
{"timestamp":"2026-06-11T04:48:36.286760Z","level":"info","event":"\u001b[33m⬇️  https://www.tbank.ru/invest/help/educate/otc/about/blocked-assets/","logger":"task.stdout"}
{"timestamp":"2026-06-11T04:48:36.546323Z","level":"info","event":"\u001b[32m✅ 886548 байт","logger":"task.stdout"}
{"timestamp":"2026-06-11T04:48:36.615058Z","level":"info","event":"\u001b[32m   315 параграфов, 24278 символов","logger":"task.stdout"}
{"timestamp":"2026-06-11T04:48:36.617807Z","level":"info","event":"\u001b[36m💾 127_внебиржевые_торги_заблокированными_бумагами_с_хранением_в_нрд.json","logger":"task.stdout"}
{"timestamp":"2026-06-11T04:48:36.617987Z","level":"info","event":"\u001b[32m✅ Статья #127: Внебиржевые торги заблокированными бумагами с хран","logger":"task.stdout"}
{"timestamp":"2026-06-11T04:48:36.618059Z","level":"info","event":"","logger":"task.stdout"}
{"timestamp":"2026-06-11T04:48:36.618117Z","level":"info","event":"\u001b[36m        [Глубина 4/4] https://www.tbank.ru/invest/help/situation/844/","logger":"task.stdout"}
{"timestamp":"2026-06-11T04:48:37.626204Z","level":"info","event":"\u001b[33m⬇️  https://www.tbank.ru/invest/help/situation/844/","logger":"task.stdout"}
{"timestamp":"2026-06-11T04:48:38.103492Z","level":"info","event":"\u001b[32m✅ 506109 байт","logger":"task.stdout"}
{"timestamp":"2026-06-11T04:48:38.151607Z","level":"info","event":"\u001b[32m   196 параграфов, 8230 символов","logger":"task.stdout"}
{"timestamp":"2026-06-11T04:48:38.153256Z","level":"info","event":"\u001b[36m💾 128_продажа_заблокированных_иностранных_бумаг_в_тинвестициях.json","logger":"task.stdout"}
{"timestamp":"2026-06-11T04:48:38.153500Z","level":"info","event":"\u001b[32m✅ Статья #128: Продажа заблокированных иностранных бумаг в Т‑Инве","logger":"task.stdout"}
{"timestamp":"2026-06-11T04:48:38.153592Z","level":"info","event":"","logger":"task.stdout"}
{"timestamp":"2026-06-11T04:48:38.153670Z","level":"info","event":"\u001b[36m        [Глубина 4/4] https://www.tbank.ru/invest/help/situation/844-funds/","logger":"task.stdout"}
{"timestamp":"2026-06-11T04:48:39.168834Z","level":"info","event":"\u001b[33m⬇️  https://www.tbank.ru/invest/help/situation/844-funds/","logger":"task.stdout"}
{"timestamp":"2026-06-11T04:48:39.631043Z","level":"info","event":"\u001b[32m✅ 506082 байт","logger":"task.stdout"}
{"timestamp":"2026-06-11T04:48:39.715842Z","level":"info","event":"\u001b[32m   196 параграфов, 8230 символов","logger":"task.stdout"}
{"timestamp":"2026-06-11T04:48:39.718850Z","level":"info","event":"\u001b[36m💾 129_продажа_заблокированных_иностранных_бумаг_в_тинвестициях.json","logger":"task.stdout"}
{"timestamp":"2026-06-11T04:48:39.720394Z","level":"info","event":"\u001b[32m✅ Статья #129: Продажа заблокированных иностранных бумаг в Т‑Инве","logger":"task.stdout"}
{"timestamp":"2026-06-11T04:48:39.720572Z","level":"info","event":"","logger":"task.stdout"}
{"timestamp":"2026-06-11T04:48:39.720689Z","level":"info","event":"\u001b[36m        [Глубина 4/4] https://www.tbank.ru/invest/help/urgent-funds/?card=unblock","logger":"task.stdout"}
{"timestamp":"2026-06-11T04:48:40.733709Z","level":"info","event":"\u001b[33m⬇️  https://www.tbank.ru/invest/help/urgent-funds/?card=unblock","logger":"task.stdout"}
{"timestamp":"2026-06-11T04:48:41.287208Z","level":"info","event":"\u001b[32m✅ 566509 байт","logger":"task.stdout"}
{"timestamp":"2026-06-11T04:48:41.362650Z","level":"info","event":"\u001b[32m   256 параграфов, 14601 символов","logger":"task.stdout"}
{"timestamp":"2026-06-11T04:48:41.365137Z","level":"info","event":"\u001b[36m💾 130_торги_фондами_т_капитала.json","logger":"task.stdout"}
{"timestamp":"2026-06-11T04:48:41.365349Z","level":"info","event":"\u001b[32m✅ Статья #130: Торги фондами Т⁠-⁠Капитала","logger":"task.stdout"}
{"timestamp":"2026-06-11T04:48:41.442425Z","level":"info","event":"","logger":"task.stdout"}
{"timestamp":"2026-06-11T04:48:41.442612Z","level":"info","event":"\u001b[33m💾 Checkpoint: 130 статей (32.6/мин)","logger":"task.stdout"}
{"timestamp":"2026-06-11T04:48:41.442732Z","level":"info","event":"","logger":"task.stdout"}
{"timestamp":"2026-06-11T04:48:41.442788Z","level":"info","event":"","logger":"task.stdout"}
{"timestamp":"2026-06-11T04:48:41.442833Z","level":"info","event":"\u001b[36m      [Глубина 3/4] https://www.tbank.ru/invest/help/services/gift-shares/about/virtual-shares/?card=q4","logger":"task.stdout"}
{"timestamp":"2026-06-11T04:48:42.444406Z","level":"info","event":"\u001b[33m⬇️  https://www.tbank.ru/invest/help/services/gift-shares/about/virtual-shares/?card=q4","logger":"task.stdout"}
{"timestamp":"2026-06-11T04:48:43.318807Z","level":"info","event":"\u001b[32m✅ 766062 байт","logger":"task.stdout"}
{"timestamp":"2026-06-11T04:48:43.379295Z","level":"info","event":"\u001b[32m   260 параграфов, 16308 символов","logger":"task.stdout"}
{"timestamp":"2026-06-11T04:48:43.385541Z","level":"info","event":"\u001b[36m💾 131_виртуальные_подарочные_акции_от_тинвестиций.json","logger":"task.stdout"}
{"timestamp":"2026-06-11T04:48:43.389372Z","level":"info","event":"\u001b[32m✅ Статья #131: Виртуальные подарочные акции от Т‑Инвестиций","logger":"task.stdout"}
{"timestamp":"2026-06-11T04:48:43.390510Z","level":"error","event":"\r                                                          \u001b[A","logger":"task.stderr"}
{"timestamp":"2026-06-11T04:48:43.394577Z","level":"error","event":"\rФильтрация ссылок:   0%|          | 0/364 [00:00<?, ?it/s]\u001b[A","logger":"task.stderr"}
{"timestamp":"2026-06-11T04:48:43.394712Z","level":"info","event":"\u001b[32m   Новых ссылок: 8","logger":"task.stdout"}
{"timestamp":"2026-06-11T04:48:43.394825Z","level":"info","event":"","logger":"task.stdout"}
{"timestamp":"2026-06-11T04:48:43.394903Z","level":"info","event":"\u001b[36m        [Глубина 4/4] https://www.tbank.ru/invest/help/services/gift-shares/about/invite-friend/","logger":"task.stdout"}
{"timestamp":"2026-06-11T04:48:44.397187Z","level":"info","event":"\u001b[33m⬇️  https://www.tbank.ru/invest/help/services/gift-shares/about/invite-friend/","logger":"task.stdout"}
{"timestamp":"2026-06-11T04:48:44.634761Z","level":"info","event":"\u001b[32m✅ 789273 байт","logger":"task.stdout"}
{"timestamp":"2026-06-11T04:48:44.710895Z","level":"info","event":"\u001b[32m   271 параграфов, 19674 символов","logger":"task.stdout"}
{"timestamp":"2026-06-11T04:48:44.712773Z","level":"info","event":"\u001b[36m💾 132_как_пригласить_друга_в_т_инвестиции_и_получить_подарочную_акцию.json","logger":"task.stdout"}
{"timestamp":"2026-06-11T04:48:44.712878Z","level":"info","event":"\u001b[32m✅ Статья #132: Как пригласить друга в Т⁠-⁠Инвестиции и получить п","logger":"task.stdout"}
{"timestamp":"2026-06-11T04:48:44.712995Z","level":"info","event":"","logger":"task.stdout"}
{"timestamp":"2026-06-11T04:48:44.713057Z","level":"info","event":"\u001b[36m        [Глубина 4/4] https://www.tbank.ru/invest/help/brokerage/account/get-bs/invite-friend/","logger":"task.stdout"}
{"timestamp":"2026-06-11T04:48:45.716807Z","level":"info","event":"\u001b[33m⬇️  https://www.tbank.ru/invest/help/brokerage/account/get-bs/invite-friend/","logger":"task.stdout"}
{"timestamp":"2026-06-11T04:48:46.240361Z","level":"info","event":"\u001b[32m✅ 788990 байт","logger":"task.stdout"}
{"timestamp":"2026-06-11T04:48:46.297086Z","level":"info","event":"\u001b[32m   271 параграфов, 19674 символов","logger":"task.stdout"}
{"timestamp":"2026-06-11T04:48:46.344407Z","level":"info","event":"\u001b[36m💾 133_как_пригласить_друга_в_т_инвестиции_и_получить_подарочную_акцию.json","logger":"task.stdout"}
{"timestamp":"2026-06-11T04:48:46.344784Z","level":"info","event":"\u001b[32m✅ Статья #133: Как пригласить друга в Т⁠-⁠Инвестиции и получить п","logger":"task.stdout"}
{"timestamp":"2026-06-11T04:48:46.344990Z","level":"info","event":"","logger":"task.stdout"}
{"timestamp":"2026-06-11T04:48:46.345217Z","level":"info","event":"\u001b[36m        [Глубина 4/4] https://www.tbank.ru/invest/help/services/gift-shares/about/virtual-shares/?card=q2","logger":"task.stdout"}
{"timestamp":"2026-06-11T04:48:47.304116Z","level":"info","event":"\u001b[33m⬇️  https://www.tbank.ru/invest/help/services/gift-shares/about/virtual-shares/?card=q2","logger":"task.stdout"}
{"timestamp":"2026-06-11T04:48:48.034366Z","level":"info","event":"\u001b[32m✅ 766147 байт","logger":"task.stdout"}
{"timestamp":"2026-06-11T04:48:48.114437Z","level":"info","event":"\u001b[32m   260 параграфов, 16308 символов","logger":"task.stdout"}
{"timestamp":"2026-06-11T04:48:48.116936Z","level":"info","event":"\u001b[36m💾 134_виртуальные_подарочные_акции_от_тинвестиций.json","logger":"task.stdout"}
{"timestamp":"2026-06-11T04:48:48.117171Z","level":"info","event":"\u001b[32m✅ Статья #134: Виртуальные подарочные акции от Т‑Инвестиций","logger":"task.stdout"}
{"timestamp":"2026-06-11T04:48:48.117258Z","level":"info","event":"","logger":"task.stdout"}
{"timestamp":"2026-06-11T04:48:48.117350Z","level":"info","event":"\u001b[36m        [Глубина 4/4] https://www.tbank.ru/invest/help/services/gift-shares/","logger":"task.stdout"}
{"timestamp":"2026-06-11T04:48:49.120010Z","level":"info","event":"\u001b[33m⬇️  https://www.tbank.ru/invest/help/services/gift-shares/","logger":"task.stdout"}
{"timestamp":"2026-06-11T04:48:49.651553Z","level":"info","event":"\u001b[32m✅ 600366 байт","logger":"task.stdout"}
{"timestamp":"2026-06-11T04:48:49.702797Z","level":"info","event":"\u001b[32m   211 параграфов, 8591 символов","logger":"task.stdout"}
{"timestamp":"2026-06-11T04:48:49.704695Z","level":"info","event":"\u001b[36m💾 135_подарочные_акции.json","logger":"task.stdout"}
{"timestamp":"2026-06-11T04:48:49.704789Z","level":"info","event":"\u001b[32m✅ Статья #135: Подарочные акции","logger":"task.stdout"}
{"timestamp":"2026-06-11T04:48:49.704848Z","level":"info","event":"","logger":"task.stdout"}
{"timestamp":"2026-06-11T04:48:49.705298Z","level":"info","event":"\u001b[36m        [Глубина 4/4] https://www.tbank.ru/invest/help/services/gift-shares/about/virtual-shares/?card=q1","logger":"task.stdout"}
{"timestamp":"2026-06-11T04:48:50.707823Z","level":"info","event":"\u001b[33m⬇️  https://www.tbank.ru/invest/help/services/gift-shares/about/virtual-shares/?card=q1","logger":"task.stdout"}
{"timestamp":"2026-06-11T04:48:51.308426Z","level":"info","event":"\u001b[32m✅ 766030 байт","logger":"task.stdout"}
{"timestamp":"2026-06-11T04:48:51.390370Z","level":"info","event":"\u001b[32m   260 параграфов, 16308 символов","logger":"task.stdout"}
{"timestamp":"2026-06-11T04:48:51.391718Z","level":"info","event":"\u001b[36m💾 136_виртуальные_подарочные_акции_от_тинвестиций.json","logger":"task.stdout"}
{"timestamp":"2026-06-11T04:48:51.391797Z","level":"info","event":"\u001b[32m✅ Статья #136: Виртуальные подарочные акции от Т‑Инвестиций","logger":"task.stdout"}
{"timestamp":"2026-06-11T04:48:51.391854Z","level":"info","event":"","logger":"task.stdout"}
{"timestamp":"2026-06-11T04:48:51.391907Z","level":"info","event":"\u001b[36m        [Глубина 4/4] https://www.tbank.ru/invest/help/services/gift-shares/about/virtual-shares/?card=q3","logger":"task.stdout"}
{"timestamp":"2026-06-11T04:48:52.393663Z","level":"info","event":"\u001b[33m⬇️  https://www.tbank.ru/invest/help/services/gift-shares/about/virtual-shares/?card=q3","logger":"task.stdout"}
{"timestamp":"2026-06-11T04:48:53.363921Z","level":"info","event":"\u001b[32m✅ 765815 байт","logger":"task.stdout"}
{"timestamp":"2026-06-11T04:48:53.442103Z","level":"info","event":"\u001b[32m   260 параграфов, 16308 символов","logger":"task.stdout"}
{"timestamp":"2026-06-11T04:48:53.443509Z","level":"info","event":"\u001b[36m💾 137_виртуальные_подарочные_акции_от_тинвестиций.json","logger":"task.stdout"}
{"timestamp":"2026-06-11T04:48:53.443584Z","level":"info","event":"\u001b[32m✅ Статья #137: Виртуальные подарочные акции от Т‑Инвестиций","logger":"task.stdout"}
{"timestamp":"2026-06-11T04:48:53.443650Z","level":"info","event":"","logger":"task.stdout"}
{"timestamp":"2026-06-11T04:48:53.443705Z","level":"info","event":"\u001b[36m        [Глубина 4/4] https://www.tbank.ru/invest/help/services/gift-shares/about/virtual-shares/?card=q5","logger":"task.stdout"}
{"timestamp":"2026-06-11T04:48:54.452168Z","level":"info","event":"\u001b[33m⬇️  https://www.tbank.ru/invest/help/services/gift-shares/about/virtual-shares/?card=q5","logger":"task.stdout"}
{"timestamp":"2026-06-11T04:48:55.478411Z","level":"info","event":"\u001b[32m✅ 766108 байт","logger":"task.stdout"}
{"timestamp":"2026-06-11T04:48:55.538719Z","level":"info","event":"\u001b[32m   260 параграфов, 16308 символов","logger":"task.stdout"}
{"timestamp":"2026-06-11T04:48:55.540804Z","level":"info","event":"\u001b[36m💾 138_виртуальные_подарочные_акции_от_тинвестиций.json","logger":"task.stdout"}
{"timestamp":"2026-06-11T04:48:55.541007Z","level":"info","event":"\u001b[32m✅ Статья #138: Виртуальные подарочные акции от Т‑Инвестиций","logger":"task.stdout"}
{"timestamp":"2026-06-11T04:48:55.541091Z","level":"info","event":"","logger":"task.stdout"}
{"timestamp":"2026-06-11T04:48:55.541149Z","level":"info","event":"\u001b[36m        [Глубина 4/4] https://www.tbank.ru/invest/help/services/","logger":"task.stdout"}
{"timestamp":"2026-06-11T04:48:56.546935Z","level":"info","event":"\u001b[33m⬇️  https://www.tbank.ru/invest/help/services/","logger":"task.stdout"}
{"timestamp":"2026-06-11T04:48:57.652875Z","level":"info","event":"\u001b[32m✅ 538361 байт","logger":"task.stdout"}
{"timestamp":"2026-06-11T04:48:57.716640Z","level":"info","event":"\u001b[32m   237 параграфов, 9106 символов","logger":"task.stdout"}
{"timestamp":"2026-06-11T04:48:57.720311Z","level":"info","event":"\u001b[36m💾 139_сервисы_т_инвестиций.json","logger":"task.stdout"}
{"timestamp":"2026-06-11T04:48:57.720432Z","level":"info","event":"\u001b[32m✅ Статья #139: Сервисы Т⁠-⁠Инвестиций","logger":"task.stdout"}
{"timestamp":"2026-06-11T04:48:57.720487Z","level":"info","event":"","logger":"task.stdout"}
{"timestamp":"2026-06-11T04:48:57.720536Z","level":"info","event":"\u001b[36m      [Глубина 3/4] https://www.tbank.ru/invest/help/urgent-funds/?card=q5","logger":"task.stdout"}
{"timestamp":"2026-06-11T04:48:58.727029Z","level":"info","event":"\u001b[33m⬇️  https://www.tbank.ru/invest/help/urgent-funds/?card=q5","logger":"task.stdout"}
{"timestamp":"2026-06-11T04:48:59.821019Z","level":"info","event":"\u001b[32m✅ 735386 байт","logger":"task.stdout"}
{"timestamp":"2026-06-11T04:48:59.975166Z","level":"info","event":"\u001b[32m   265 параграфов, 15290 символов","logger":"task.stdout"}
{"timestamp":"2026-06-11T04:48:59.985544Z","level":"info","event":"\u001b[36m💾 140_фонды_жилой_недвижимости_от_ткапитала.json","logger":"task.stdout"}
{"timestamp":"2026-06-11T04:48:59.985734Z","level":"info","event":"\u001b[32m✅ Статья #140: Фонды жилой недвижимости от Т‑Капитала","logger":"task.stdout"}
{"timestamp":"2026-06-11T04:49:00.213395Z","level":"info","event":"","logger":"task.stdout"}
{"timestamp":"2026-06-11T04:49:00.217324Z","level":"info","event":"\u001b[33m💾 Checkpoint: 140 статей (32.5/мин)","logger":"task.stdout"}
{"timestamp":"2026-06-11T04:49:00.217543Z","level":"info","event":"","logger":"task.stdout"}
{"timestamp":"2026-06-11T04:49:00.217705Z","level":"error","event":"\r                                                          \u001b[A","logger":"task.stderr"}
{"timestamp":"2026-06-11T04:49:00.220066Z","level":"error","event":"\rФильтрация ссылок:   0%|          | 0/370 [00:00<?, ?it/s]\u001b[A","logger":"task.stderr"}
{"timestamp":"2026-06-11T04:49:00.220262Z","level":"info","event":"\u001b[32m   Новых ссылок: 10","logger":"task.stdout"}
{"timestamp":"2026-06-11T04:49:00.282554Z","level":"info","event":"","logger":"task.stdout"}
{"timestamp":"2026-06-11T04:49:00.283031Z","level":"info","event":"\u001b[36m        [Глубина 4/4] https://www.tbank.ru/invest/help/services/capital/about/management/","logger":"task.stdout"}
{"timestamp":"2026-06-11T04:49:01.229532Z","level":"info","event":"\u001b[33m⬇️  https://www.tbank.ru/invest/help/services/capital/about/management/","logger":"task.stdout"}
{"timestamp":"2026-06-11T04:49:02.097412Z","level":"info","event":"\u001b[32m✅ 676518 байт","logger":"task.stdout"}
{"timestamp":"2026-06-11T04:49:02.223647Z","level":"info","event":"\u001b[32m   235 параграфов, 12860 символов","logger":"task.stdout"}
{"timestamp":"2026-06-11T04:49:02.229215Z","level":"info","event":"\u001b[36m💾 141_об_управляющей_компании_ткапитал.json","logger":"task.stdout"}
{"timestamp":"2026-06-11T04:49:02.229391Z","level":"info","event":"\u001b[32m✅ Статья #141: Об управляющей компании Т‑Капитал","logger":"task.stdout"}
{"timestamp":"2026-06-11T04:49:02.229519Z","level":"info","event":"","logger":"task.stdout"}
{"timestamp":"2026-06-11T04:49:02.231795Z","level":"info","event":"\u001b[36m        [Глубина 4/4] https://www.tbank.ru/invest/help/services/capital/about/real-estate-funds/?card=limitations","logger":"task.stdout"}
{"timestamp":"2026-06-11T04:49:03.239918Z","level":"info","event":"\u001b[33m⬇️  https://www.tbank.ru/invest/help/services/capital/about/real-estate-funds/?card=limitations","logger":"task.stdout"}
{"timestamp":"2026-06-11T04:49:04.245176Z","level":"info","event":"\u001b[32m✅ 735601 байт","logger":"task.stdout"}
{"timestamp":"2026-06-11T04:49:04.439937Z","level":"info","event":"\u001b[32m   265 параграфов, 15290 символов","logger":"task.stdout"}
{"timestamp":"2026-06-11T04:49:04.448116Z","level":"info","event":"\u001b[36m💾 142_фонды_жилой_недвижимости_от_ткапитала.json","logger":"task.stdout"}
{"timestamp":"2026-06-11T04:49:04.448432Z","level":"info","event":"\u001b[32m✅ Статья #142: Фонды жилой недвижимости от Т‑Капитала","logger":"task.stdout"}
{"timestamp":"2026-06-11T04:49:04.449143Z","level":"info","event":"","logger":"task.stdout"}
{"timestamp":"2026-06-11T04:49:04.449970Z","level":"info","event":"\u001b[36m        [Глубина 4/4] https://www.tbank.ru/invest/help/services/capital/about/how-to-invest/","logger":"task.stdout"}
{"timestamp":"2026-06-11T04:49:05.452396Z","level":"info","event":"\u001b[33m⬇️  https://www.tbank.ru/invest/help/services/capital/about/how-to-invest/","logger":"task.stdout"}
{"timestamp":"2026-06-11T04:49:06.160116Z","level":"info","event":"\u001b[32m✅ 752932 байт","logger":"task.stdout"}
{"timestamp":"2026-06-11T04:49:06.235598Z","level":"info","event":"\u001b[32m   263 параграфов, 17432 символов","logger":"task.stdout"}
{"timestamp":"2026-06-11T04:49:06.239300Z","level":"info","event":"\u001b[36m💾 143_как_вложить_деньги_в_фонды_т_капитала.json","logger":"task.stdout"}
{"timestamp":"2026-06-11T04:49:06.239691Z","level":"info","event":"\u001b[32m✅ Статья #143: Как вложить деньги в фонды Т⁠-⁠Капитала","logger":"task.stdout"}
{"timestamp":"2026-06-11T04:49:06.239987Z","level":"info","event":"","logger":"task.stdout"}
{"timestamp":"2026-06-11T04:49:06.240269Z","level":"info","event":"\u001b[36m        [Глубина 4/4] https://www.tbank.ru/invest/help/services/capital/about/real-estate-funds/?card=all-funds","logger":"task.stdout"}
{"timestamp":"2026-06-11T04:49:07.244479Z","level":"info","event":"\u001b[33m⬇️  https://www.tbank.ru/invest/help/services/capital/about/real-estate-funds/?card=all-funds","logger":"task.stdout"}
{"timestamp":"2026-06-11T04:49:07.919851Z","level":"info","event":"\u001b[32m✅ 735358 байт","logger":"task.stdout"}
{"timestamp":"2026-06-11T04:49:07.996598Z","level":"info","event":"\u001b[32m   265 параграфов, 15290 символов","logger":"task.stdout"}
{"timestamp":"2026-06-11T04:49:07.998268Z","level":"info","event":"\u001b[36m💾 144_фонды_жилой_недвижимости_от_ткапитала.json","logger":"task.stdout"}
{"timestamp":"2026-06-11T04:49:07.998358Z","level":"info","event":"\u001b[32m✅ Статья #144: Фонды жилой недвижимости от Т‑Капитала","logger":"task.stdout"}
{"timestamp":"2026-06-11T04:49:07.998411Z","level":"info","event":"","logger":"task.stdout"}
{"timestamp":"2026-06-11T04:49:07.998459Z","level":"info","event":"\u001b[36m        [Глубина 4/4] https://www.tbank.ru/invest/help/educate/tax-issues/automatically/tax-benefit/","logger":"task.stdout"}
{"timestamp":"2026-06-11T04:49:09.004208Z","level":"info","event":"\u001b[33m⬇️  https://www.tbank.ru/invest/help/educate/tax-issues/automatically/tax-benefit/","logger":"task.stdout"}
{"timestamp":"2026-06-11T04:49:09.611600Z","level":"info","event":"\u001b[32m✅ 760222 байт","logger":"task.stdout"}
{"timestamp":"2026-06-11T04:49:09.827490Z","level":"info","event":"\u001b[32m   283 параграфов, 18419 символов","logger":"task.stdout"}
{"timestamp":"2026-06-11T04:49:09.829018Z","level":"info","event":"\u001b[36m💾 145_налог_на_материальную_выгоду_для_инвесторов.json","logger":"task.stdout"}
{"timestamp":"2026-06-11T04:49:09.829113Z","level":"info","event":"\u001b[32m✅ Статья #145: Налог на материальную выгоду для инвесторов","logger":"task.stdout"}
{"timestamp":"2026-06-11T04:49:09.829189Z","level":"info","event":"","logger":"task.stdout"}
{"timestamp":"2026-06-11T04:49:09.829254Z","level":"info","event":"\u001b[36m        [Глубина 4/4] https://www.tbank.ru/invest/help/services/capital/about/real-estate-funds/?card=how-to-buy","logger":"task.stdout"}
{"timestamp":"2026-06-11T04:49:10.832901Z","level":"info","event":"\u001b[33m⬇️  https://www.tbank.ru/invest/help/services/capital/about/real-estate-funds/?card=how-to-buy","logger":"task.stdout"}
{"timestamp":"2026-06-11T04:49:11.638170Z","level":"info","event":"\u001b[32m✅ 735424 байт","logger":"task.stdout"}
{"timestamp":"2026-06-11T04:49:11.704369Z","level":"info","event":"\u001b[32m   265 параграфов, 15290 символов","logger":"task.stdout"}
{"timestamp":"2026-06-11T04:49:11.709729Z","level":"info","event":"\u001b[36m💾 146_фонды_жилой_недвижимости_от_ткапитала.json","logger":"task.stdout"}
{"timestamp":"2026-06-11T04:49:11.709914Z","level":"info","event":"\u001b[32m✅ Статья #146: Фонды жилой недвижимости от Т‑Капитала","logger":"task.stdout"}
{"timestamp":"2026-06-11T04:49:11.710033Z","level":"info","event":"","logger":"task.stdout"}
{"timestamp":"2026-06-11T04:49:11.711318Z","level":"info","event":"\u001b[36m        [Глубина 4/4] https://www.tbank.ru/invest/help/services/capital/about/real-estate-funds/?card=q2","logger":"task.stdout"}
{"timestamp":"2026-06-11T04:49:12.714118Z","level":"info","event":"\u001b[33m⬇️  https://www.tbank.ru/invest/help/services/capital/about/real-estate-funds/?card=q2","logger":"task.stdout"}
{"timestamp":"2026-06-11T04:49:13.379776Z","level":"info","event":"\u001b[32m✅ 735707 байт","logger":"task.stdout"}
{"timestamp":"2026-06-11T04:49:13.456800Z","level":"info","event":"\u001b[32m   265 параграфов, 15290 символов","logger":"task.stdout"}
{"timestamp":"2026-06-11T04:49:13.459023Z","level":"info","event":"\u001b[36m💾 147_фонды_жилой_недвижимости_от_ткапитала.json","logger":"task.stdout"}
{"timestamp":"2026-06-11T04:49:13.459138Z","level":"info","event":"\u001b[32m✅ Статья #147: Фонды жилой недвижимости от Т‑Капитала","logger":"task.stdout"}
{"timestamp":"2026-06-11T04:49:13.459233Z","level":"info","event":"","logger":"task.stdout"}
{"timestamp":"2026-06-11T04:49:13.459311Z","level":"info","event":"\u001b[36m        [Глубина 4/4] https://www.tbank.ru/invest/help/services/capital/","logger":"task.stdout"}
{"timestamp":"2026-06-11T04:49:14.460904Z","level":"info","event":"\u001b[33m⬇️  https://www.tbank.ru/invest/help/services/capital/","logger":"task.stdout"}
{"timestamp":"2026-06-11T04:49:15.228858Z","level":"info","event":"\u001b[32m✅ 607367 байт","logger":"task.stdout"}
{"timestamp":"2026-06-11T04:49:15.299480Z","level":"info","event":"\u001b[32m   222 параграфов, 9134 символов","logger":"task.stdout"}
{"timestamp":"2026-06-11T04:49:15.301645Z","level":"info","event":"\u001b[36m💾 148_фонды_т_капитала.json","logger":"task.stdout"}
{"timestamp":"2026-06-11T04:49:15.301876Z","level":"info","event":"\u001b[32m✅ Статья #148: Фонды Т⁠-⁠Капитала","logger":"task.stdout"}
{"timestamp":"2026-06-11T04:49:15.302302Z","level":"info","event":"","logger":"task.stdout"}
{"timestamp":"2026-06-11T04:49:15.302929Z","level":"info","event":"\u001b[36m        [Глубина 4/4] https://www.tbank.ru/invest/help/services/capital/about/real-estate-funds/?card=taxes","logger":"task.stdout"}
{"timestamp":"2026-06-11T04:49:16.313843Z","level":"info","event":"\u001b[33m⬇️  https://www.tbank.ru/invest/help/services/capital/about/real-estate-funds/?card=taxes","logger":"task.stdout"}
{"timestamp":"2026-06-11T04:49:16.956993Z","level":"info","event":"\u001b[32m✅ 735697 байт","logger":"task.stdout"}
{"timestamp":"2026-06-11T04:49:17.020779Z","level":"info","event":"\u001b[32m   265 параграфов, 15290 символов","logger":"task.stdout"}
{"timestamp":"2026-06-11T04:49:17.023794Z","level":"info","event":"\u001b[36m💾 149_фонды_жилой_недвижимости_от_ткапитала.json","logger":"task.stdout"}
{"timestamp":"2026-06-11T04:49:17.024083Z","level":"info","event":"\u001b[32m✅ Статья #149: Фонды жилой недвижимости от Т‑Капитала","logger":"task.stdout"}
{"timestamp":"2026-06-11T04:49:17.024292Z","level":"info","event":"","logger":"task.stdout"}
{"timestamp":"2026-06-11T04:49:17.024507Z","level":"info","event":"\u001b[36m        [Глубина 4/4] https://www.tbank.ru/invest/help/services/capital/about/real-estate-funds/?card=q7","logger":"task.stdout"}
{"timestamp":"2026-06-11T04:49:18.026739Z","level":"info","event":"\u001b[33m⬇️  https://www.tbank.ru/invest/help/services/capital/about/real-estate-funds/?card=q7","logger":"task.stdout"}
{"timestamp":"2026-06-11T04:49:18.727456Z","level":"info","event":"\u001b[32m✅ 735319 байт","logger":"task.stdout"}
{"timestamp":"2026-06-11T04:49:18.812962Z","level":"info","event":"\u001b[32m   265 параграфов, 15290 символов","logger":"task.stdout"}
{"timestamp":"2026-06-11T04:49:18.816848Z","level":"info","event":"\u001b[36m💾 150_фонды_жилой_недвижимости_от_ткапитала.json","logger":"task.stdout"}
{"timestamp":"2026-06-11T04:49:18.817289Z","level":"info","event":"\u001b[32m✅ Статья #150: Фонды жилой недвижимости от Т‑Капитала","logger":"task.stdout"}
{"timestamp":"2026-06-11T04:49:18.924987Z","level":"info","event":"","logger":"task.stdout"}
{"timestamp":"2026-06-11T04:49:18.925144Z","level":"info","event":"\u001b[33m💾 Checkpoint: 150 статей (32.5/мин)","logger":"task.stdout"}
{"timestamp":"2026-06-11T04:49:18.925225Z","level":"info","event":"","logger":"task.stdout"}
{"timestamp":"2026-06-11T04:49:18.925298Z","level":"info","event":"","logger":"task.stdout"}
{"timestamp":"2026-06-11T04:49:18.925349Z","level":"info","event":"\u001b[36m      [Глубина 3/4] https://www.tbank.ru/invest/help/brokerage/account/margin/about/","logger":"task.stdout"}
{"timestamp":"2026-06-11T04:49:19.931531Z","level":"info","event":"\u001b[33m⬇️  https://www.tbank.ru/invest/help/brokerage/account/margin/about/","logger":"task.stdout"}
{"timestamp":"2026-06-11T04:49:20.836309Z","level":"info","event":"\u001b[32m✅ 1335332 байт","logger":"task.stdout"}
{"timestamp":"2026-06-11T04:49:20.974381Z","level":"info","event":"\u001b[32m   400 параграфов, 38337 символов","logger":"task.stdout"}
{"timestamp":"2026-06-11T04:49:20.984835Z","level":"info","event":"\u001b[36m💾 151_как_устроена_маржинальная_торговля.json","logger":"task.stdout"}
{"timestamp":"2026-06-11T04:49:20.988952Z","level":"info","event":"\u001b[32m✅ Статья #151: Как устроена маржинальная торговля","logger":"task.stdout"}
{"timestamp":"2026-06-11T04:49:20.990028Z","level":"error","event":"\r                                                          \u001b[A","logger":"task.stderr"}
{"timestamp":"2026-06-11T04:49:20.996123Z","level":"error","event":"\rФильтрация ссылок:   0%|          | 0/423 [00:00<?, ?it/s]\u001b[A","logger":"task.stderr"}
{"timestamp":"2026-06-11T04:49:20.996342Z","level":"info","event":"\u001b[32m   Новых ссылок: 21","logger":"task.stdout"}
{"timestamp":"2026-06-11T04:49:20.996459Z","level":"info","event":"","logger":"task.stdout"}
{"timestamp":"2026-06-11T04:49:20.996594Z","level":"info","event":"\u001b[36m        [Глубина 4/4] https://www.tbank.ru/invest/help/brokerage/account/margin/about/?card=q10","logger":"task.stdout"}
{"timestamp":"2026-06-11T04:49:21.998944Z","level":"info","event":"\u001b[33m⬇️  https://www.tbank.ru/invest/help/brokerage/account/margin/about/?card=q10","logger":"task.stdout"}
{"timestamp":"2026-06-11T04:49:23.012318Z","level":"info","event":"\u001b[32m✅ 1335240 байт","logger":"task.stdout"}
{"timestamp":"2026-06-11T04:49:23.243165Z","level":"info","event":"\u001b[32m   400 параграфов, 38337 символов","logger":"task.stdout"}
{"timestamp":"2026-06-11T04:49:23.301625Z","level":"info","event":"\u001b[36m💾 152_как_устроена_маржинальная_торговля.json","logger":"task.stdout"}
{"timestamp":"2026-06-11T04:49:23.302005Z","level":"info","event":"\u001b[32m✅ Статья #152: Как устроена маржинальная торговля","logger":"task.stdout"}
{"timestamp":"2026-06-11T04:49:23.302208Z","level":"info","event":"","logger":"task.stdout"}
{"timestamp":"2026-06-11T04:49:23.303335Z","level":"info","event":"\u001b[36m        [Глубина 4/4] https://www.tbank.ru/invest/help/brokerage/account/margin/about/?card=q2","logger":"task.stdout"}
{"timestamp":"2026-06-11T04:49:24.251856Z","level":"info","event":"\u001b[33m⬇️  https://www.tbank.ru/invest/help/brokerage/account/margin/about/?card=q2","logger":"task.stdout"}
{"timestamp":"2026-06-11T04:49:25.209527Z","level":"info","event":"\u001b[32m✅ 1335630 байт","logger":"task.stdout"}
{"timestamp":"2026-06-11T04:49:25.317036Z","level":"info","event":"\u001b[32m   400 параграфов, 38337 символов","logger":"task.stdout"}
{"timestamp":"2026-06-11T04:49:25.321217Z","level":"info","event":"\u001b[36m💾 153_как_устроена_маржинальная_торговля.json","logger":"task.stdout"}
{"timestamp":"2026-06-11T04:49:25.321315Z","level":"info","event":"\u001b[32m✅ Статья #153: Как устроена маржинальная торговля","logger":"task.stdout"}
{"timestamp":"2026-06-11T04:49:25.321387Z","level":"info","event":"","logger":"task.stdout"}
{"timestamp":"2026-06-11T04:49:25.321480Z","level":"info","event":"\u001b[36m        [Глубина 4/4] https://www.tbank.ru/invest/help/brokerage/account/margin/about/?card=q6","logger":"task.stdout"}
{"timestamp":"2026-06-11T04:49:26.326489Z","level":"info","event":"\u001b[33m⬇️  https://www.tbank.ru/invest/help/brokerage/account/margin/about/?card=q6","logger":"task.stdout"}
{"timestamp":"2026-06-11T04:49:27.478567Z","level":"info","event":"\u001b[32m✅ 1335392 байт","logger":"task.stdout"}
{"timestamp":"2026-06-11T04:49:27.579695Z","level":"info","event":"\u001b[32m   400 параграфов, 38337 символов","logger":"task.stdout"}
{"timestamp":"2026-06-11T04:49:27.582111Z","level":"info","event":"\u001b[36m💾 154_как_устроена_маржинальная_торговля.json","logger":"task.stdout"}
{"timestamp":"2026-06-11T04:49:27.582216Z","level":"info","event":"\u001b[32m✅ Статья #154: Как устроена маржинальная торговля","logger":"task.stdout"}
{"timestamp":"2026-06-11T04:49:27.582294Z","level":"info","event":"","logger":"task.stdout"}
{"timestamp":"2026-06-11T04:49:27.582362Z","level":"info","event":"\u001b[36m        [Глубина 4/4] https://www.tbank.ru/invest/help/educate/how-it-works/rookie-advice/portfolio-n-risk/?card=q1","logger":"task.stdout"}
{"timestamp":"2026-06-11T04:49:28.599141Z","level":"info","event":"\u001b[33m⬇️  https://www.tbank.ru/invest/help/educate/how-it-works/rookie-advice/portfolio-n-risk/?card=q1","logger":"task.stdout"}
{"timestamp":"2026-06-11T04:49:29.580926Z","level":"info","event":"\u001b[32m✅ 861991 байт","logger":"task.stdout"}
{"timestamp":"2026-06-11T04:49:29.698844Z","level":"info","event":"\u001b[32m   286 параграфов, 22370 символов","logger":"task.stdout"}
{"timestamp":"2026-06-11T04:49:29.701282Z","level":"info","event":"\u001b[36m💾 155_сбалансированный_портфель_и_минимизация_рисков.json","logger":"task.stdout"}
{"timestamp":"2026-06-11T04:49:29.701380Z","level":"info","event":"\u001b[32m✅ Статья #155: Сбалансированный портфель и минимизация рисков","logger":"task.stdout"}
{"timestamp":"2026-06-11T04:49:29.701479Z","level":"info","event":"","logger":"task.stdout"}
{"timestamp":"2026-06-11T04:49:29.701564Z","level":"info","event":"\u001b[36m        [Глубина 4/4] https://www.tbank.ru/invest/help/brokerage/account/margin/about/?card=risk-reduce","logger":"task.stdout"}
{"timestamp":"2026-06-11T04:49:30.702209Z","level":"info","event":"\u001b[33m⬇️  https://www.tbank.ru/invest/help/brokerage/account/margin/about/?card=risk-reduce","logger":"task.stdout"}
{"timestamp":"2026-06-11T04:49:31.605522Z","level":"info","event":"\u001b[32m✅ 1335717 байт","logger":"task.stdout"}
{"timestamp":"2026-06-11T04:49:31.679517Z","level":"info","event":"\u001b[32m   400 параграфов, 38337 символов","logger":"task.stdout"}
{"timestamp":"2026-06-11T04:49:31.681702Z","level":"info","event":"\u001b[36m💾 156_как_устроена_маржинальная_торговля.json","logger":"task.stdout"}
{"timestamp":"2026-06-11T04:49:31.681807Z","level":"info","event":"\u001b[32m✅ Статья #156: Как устроена маржинальная торговля","logger":"task.stdout"}
{"timestamp":"2026-06-11T04:49:31.681876Z","level":"info","event":"","logger":"task.stdout"}
{"timestamp":"2026-06-11T04:49:31.681949Z","level":"info","event":"\u001b[36m        [Глубина 4/4] https://www.tbank.ru/invest/help/brokerage/account/margin/about/?card=q3","logger":"task.stdout"}
{"timestamp":"2026-06-11T04:49:32.683382Z","level":"info","event":"\u001b[33m⬇️  https://www.tbank.ru/invest/help/brokerage/account/margin/about/?card=q3","logger":"task.stdout"}
{"timestamp":"2026-06-11T04:49:33.546774Z","level":"info","event":"\u001b[32m✅ 1335300 байт","logger":"task.stdout"}
{"timestamp":"2026-06-11T04:49:33.618253Z","level":"info","event":"\u001b[32m   400 параграфов, 38337 символов","logger":"task.stdout"}
{"timestamp":"2026-06-11T04:49:33.660787Z","level":"info","event":"\u001b[36m💾 157_как_устроена_маржинальная_торговля.json","logger":"task.stdout"}
{"timestamp":"2026-06-11T04:49:33.661253Z","level":"info","event":"\u001b[32m✅ Статья #157: Как устроена маржинальная торговля","logger":"task.stdout"}
{"timestamp":"2026-06-11T04:49:33.661530Z","level":"info","event":"","logger":"task.stdout"}
{"timestamp":"2026-06-11T04:49:33.663641Z","level":"info","event":"\u001b[36m        [Глубина 4/4] https://www.tbank.ru/invest/help/brokerage/account/margin/about/?card=q1","logger":"task.stdout"}
{"timestamp":"2026-06-11T04:49:34.631231Z","level":"info","event":"\u001b[33m⬇️  https://www.tbank.ru/invest/help/brokerage/account/margin/about/?card=q1","logger":"task.stdout"}
{"timestamp":"2026-06-11T04:49:35.769272Z","level":"info","event":"\u001b[32m✅ 1335425 байт","logger":"task.stdout"}
{"timestamp":"2026-06-11T04:49:35.868381Z","level":"info","event":"\u001b[32m   400 параграфов, 38337 символов","logger":"task.stdout"}
{"timestamp":"2026-06-11T04:49:35.871642Z","level":"info","event":"\u001b[36m💾 158_как_устроена_маржинальная_торговля.json","logger":"task.stdout"}
{"timestamp":"2026-06-11T04:49:35.871769Z","level":"info","event":"\u001b[32m✅ Статья #158: Как устроена маржинальная торговля","logger":"task.stdout"}
{"timestamp":"2026-06-11T04:49:35.871837Z","level":"info","event":"","logger":"task.stdout"}
{"timestamp":"2026-06-11T04:49:35.871908Z","level":"info","event":"\u001b[36m        [Глубина 4/4] https://www.tbank.ru/invest/help/brokerage/account/margin/long/","logger":"task.stdout"}
{"timestamp":"2026-06-11T04:49:36.872617Z","level":"info","event":"\u001b[33m⬇️  https://www.tbank.ru/invest/help/brokerage/account/margin/long/","logger":"task.stdout"}
{"timestamp":"2026-06-11T04:49:37.085418Z","level":"info","event":"\u001b[32m✅ 761636 байт","logger":"task.stdout"}
{"timestamp":"2026-06-11T04:49:37.136483Z","level":"info","event":"\u001b[32m   281 параграфов, 16630 символов","logger":"task.stdout"}
{"timestamp":"2026-06-11T04:49:37.137630Z","level":"info","event":"\u001b[36m💾 159_как_торговать_в_лонг.json","logger":"task.stdout"}
{"timestamp":"2026-06-11T04:49:37.137736Z","level":"info","event":"\u001b[32m✅ Статья #159: Как торговать в лонг","logger":"task.stdout"}
{"timestamp":"2026-06-11T04:49:37.137810Z","level":"info","event":"","logger":"task.stdout"}
{"timestamp":"2026-06-11T04:49:37.137879Z","level":"info","event":"\u001b[36m        [Глубина 4/4] https://www.tbank.ru/invest/help/brokerage/account/margin/short/?card=q5","logger":"task.stdout"}
{"timestamp":"2026-06-11T04:49:38.143774Z","level":"info","event":"\u001b[33m⬇️  https://www.tbank.ru/invest/help/brokerage/account/margin/short/?card=q5","logger":"task.stdout"}
{"timestamp":"2026-06-11T04:49:39.023179Z","level":"info","event":"\u001b[32m✅ 830015 байт","logger":"task.stdout"}
{"timestamp":"2026-06-11T04:49:39.125352Z","level":"info","event":"\u001b[32m   303 параграфов, 20274 символов","logger":"task.stdout"}
{"timestamp":"2026-06-11T04:49:39.126864Z","level":"info","event":"\u001b[36m💾 160_как_торговать_в_шорт.json","logger":"task.stdout"}
{"timestamp":"2026-06-11T04:49:39.127019Z","level":"info","event":"\u001b[32m✅ Статья #160: Как торговать в шорт","logger":"task.stdout"}
{"timestamp":"2026-06-11T04:49:39.245195Z","level":"info","event":"","logger":"task.stdout"}
{"timestamp":"2026-06-11T04:49:39.245343Z","level":"info","event":"\u001b[33m💾 Checkpoint: 160 статей (32.3/мин)","logger":"task.stdout"}
{"timestamp":"2026-06-11T04:49:39.245403Z","level":"info","event":"","logger":"task.stdout"}
{"timestamp":"2026-06-11T04:49:39.245454Z","level":"info","event":"","logger":"task.stdout"}
{"timestamp":"2026-06-11T04:49:39.245506Z","level":"info","event":"\u001b[36m        [Глубина 4/4] https://www.tbank.ru/invest/help/brokerage/account/margin/","logger":"task.stdout"}
{"timestamp":"2026-06-11T04:49:40.251457Z","level":"info","event":"\u001b[33m⬇️  https://www.tbank.ru/invest/help/brokerage/account/margin/","logger":"task.stdout"}
{"timestamp":"2026-06-11T04:49:40.864722Z","level":"info","event":"\u001b[32m✅ 614762 байт","logger":"task.stdout"}
{"timestamp":"2026-06-11T04:49:40.910058Z","level":"info","event":"\u001b[32m   232 параграфов, 9302 символов","logger":"task.stdout"}
{"timestamp":"2026-06-11T04:49:40.912031Z","level":"info","event":"\u001b[36m💾 161_подключить_маржинальную_торговлю.json","logger":"task.stdout"}
{"timestamp":"2026-06-11T04:49:40.912133Z","level":"info","event":"\u001b[32m✅ Статья #161: Подключить маржинальную торговлю","logger":"task.stdout"}
{"timestamp":"2026-06-11T04:49:40.912191Z","level":"info","event":"","logger":"task.stdout"}
{"timestamp":"2026-06-11T04:49:40.912262Z","level":"info","event":"\u001b[36m        [Глубина 4/4] https://www.tbank.ru/invest/help/brokerage/account/margin/withdrawal/","logger":"task.stdout"}
{"timestamp":"2026-06-11T04:49:41.914947Z","level":"info","event":"\u001b[33m⬇️  https://www.tbank.ru/invest/help/brokerage/account/margin/withdrawal/","logger":"task.stdout"}
{"timestamp":"2026-06-11T04:49:42.646708Z","level":"info","event":"\u001b[32m✅ 906965 байт","logger":"task.stdout"}
{"timestamp":"2026-06-11T04:49:42.728437Z","level":"info","event":"\u001b[32m   250 параграфов, 14527 символов","logger":"task.stdout"}
{"timestamp":"2026-06-11T04:49:42.733546Z","level":"info","event":"\u001b[36m💾 162_маржинальный_вывод.json","logger":"task.stdout"}
{"timestamp":"2026-06-11T04:49:42.734102Z","level":"info","event":"\u001b[32m✅ Статья #162: Маржинальный вывод","logger":"task.stdout"}
{"timestamp":"2026-06-11T04:49:42.734416Z","level":"info","event":"","logger":"task.stdout"}
{"timestamp":"2026-06-11T04:49:42.734642Z","level":"info","event":"\u001b[36m        [Глубина 4/4] https://www.tbank.ru/invest/help/brokerage/account/margin/about/?card=q4","logger":"task.stdout"}
{"timestamp":"2026-06-11T04:49:43.736448Z","level":"info","event":"\u001b[33m⬇️  https://www.tbank.ru/invest/help/brokerage/account/margin/about/?card=q4","logger":"task.stdout"}
{"timestamp":"2026-06-11T04:49:44.631062Z","level":"info","event":"\u001b[32m✅ 1335703 байт","logger":"task.stdout"}
{"timestamp":"2026-06-11T04:49:44.736145Z","level":"info","event":"\u001b[32m   400 параграфов, 38337 символов","logger":"task.stdout"}
{"timestamp":"2026-06-11T04:49:44.738154Z","level":"info","event":"\u001b[36m💾 163_как_устроена_маржинальная_торговля.json","logger":"task.stdout"}
{"timestamp":"2026-06-11T04:49:44.738267Z","level":"info","event":"\u001b[32m✅ Статья #163: Как устроена маржинальная торговля","logger":"task.stdout"}
{"timestamp":"2026-06-11T04:49:44.738344Z","level":"info","event":"","logger":"task.stdout"}
{"timestamp":"2026-06-11T04:49:44.738411Z","level":"info","event":"\u001b[36m        [Глубина 4/4] https://www.tbank.ru/invest/help/educate/qualification/about/why-needed/","logger":"task.stdout"}
{"timestamp":"2026-06-11T04:49:45.741388Z","level":"info","event":"\u001b[33m⬇️  https://www.tbank.ru/invest/help/educate/qualification/about/why-needed/","logger":"task.stdout"}
{"timestamp":"2026-06-11T04:49:46.344038Z","level":"info","event":"\u001b[32m✅ 634052 байт","logger":"task.stdout"}
{"timestamp":"2026-06-11T04:49:46.409542Z","level":"info","event":"\u001b[32m   218 параграфов, 10073 символов","logger":"task.stdout"}
{"timestamp":"2026-06-11T04:49:46.412362Z","level":"info","event":"\u001b[36m💾 164_зачем_нужен_статус_квалифицированного_инвестора.json","logger":"task.stdout"}
{"timestamp":"2026-06-11T04:49:46.412661Z","level":"info","event":"\u001b[32m✅ Статья #164: Зачем нужен статус квалифицированного инвестора","logger":"task.stdout"}
{"timestamp":"2026-06-11T04:49:46.412964Z","level":"info","event":"","logger":"task.stdout"}
{"timestamp":"2026-06-11T04:49:46.413173Z","level":"info","event":"\u001b[36m        [Глубина 4/4] https://www.tbank.ru/invest/help/brokerage/account/margin/about/?card=q5","logger":"task.stdout"}
{"timestamp":"2026-06-11T04:49:47.417365Z","level":"info","event":"\u001b[33m⬇️  https://www.tbank.ru/invest/help/brokerage/account/margin/about/?card=q5","logger":"task.stdout"}
{"timestamp":"2026-06-11T04:49:48.561108Z","level":"info","event":"\u001b[32m✅ 1335461 байт","logger":"task.stdout"}
{"timestamp":"2026-06-11T04:49:48.673589Z","level":"info","event":"\u001b[32m   400 параграфов, 38337 символов","logger":"task.stdout"}
{"timestamp":"2026-06-11T04:49:48.675496Z","level":"info","event":"\u001b[36m💾 165_как_устроена_маржинальная_торговля.json","logger":"task.stdout"}
{"timestamp":"2026-06-11T04:49:48.675601Z","level":"info","event":"\u001b[32m✅ Статья #165: Как устроена маржинальная торговля","logger":"task.stdout"}
{"timestamp":"2026-06-11T04:49:48.675679Z","level":"info","event":"","logger":"task.stdout"}
{"timestamp":"2026-06-11T04:49:48.675765Z","level":"info","event":"\u001b[36m        [Глубина 4/4] https://www.tbank.ru/invest/help/services/terminal/about/bids/?card=q4","logger":"task.stdout"}
{"timestamp":"2026-06-11T04:49:49.677696Z","level":"info","event":"\u001b[33m⬇️  https://www.tbank.ru/invest/help/services/terminal/about/bids/?card=q4","logger":"task.stdout"}
{"timestamp":"2026-06-11T04:49:50.588490Z","level":"info","event":"\u001b[32m✅ 944816 байт","logger":"task.stdout"}
{"timestamp":"2026-06-11T04:49:50.870351Z","level":"info","event":"\u001b[32m   310 параграфов, 35815 символов","logger":"task.stdout"}
{"timestamp":"2026-06-11T04:49:50.872267Z","level":"info","event":"\u001b[36m💾 166_как_заключать_сделки_в_терминале.json","logger":"task.stdout"}
{"timestamp":"2026-06-11T04:49:50.872432Z","level":"info","event":"\u001b[32m✅ Статья #166: Как заключать сделки в терминале","logger":"task.stdout"}
{"timestamp":"2026-06-11T04:49:50.872515Z","level":"info","event":"","logger":"task.stdout"}
{"timestamp":"2026-06-11T04:49:50.872571Z","level":"info","event":"\u001b[36m        [Глубина 4/4] https://www.tbank.ru/invest/help/brokerage/account/margin/about/?card=q9","logger":"task.stdout"}
{"timestamp":"2026-06-11T04:49:51.875227Z","level":"info","event":"\u001b[33m⬇️  https://www.tbank.ru/invest/help/brokerage/account/margin/about/?card=q9","logger":"task.stdout"}
{"timestamp":"2026-06-11T04:49:52.955153Z","level":"info","event":"\u001b[32m✅ 1335086 байт","logger":"task.stdout"}
{"timestamp":"2026-06-11T04:49:53.090656Z","level":"info","event":"\u001b[32m   400 параграфов, 38337 символов","logger":"task.stdout"}
{"timestamp":"2026-06-11T04:49:53.093822Z","level":"info","event":"\u001b[36m💾 167_как_устроена_маржинальная_торговля.json","logger":"task.stdout"}
{"timestamp":"2026-06-11T04:49:53.093936Z","level":"info","event":"\u001b[32m✅ Статья #167: Как устроена маржинальная торговля","logger":"task.stdout"}
{"timestamp":"2026-06-11T04:49:53.094010Z","level":"info","event":"","logger":"task.stdout"}
{"timestamp":"2026-06-11T04:49:53.094083Z","level":"info","event":"\u001b[36m        [Глубина 4/4] https://www.tbank.ru/invest/help/brokerage/account/margin/short/?card=q1","logger":"task.stdout"}
{"timestamp":"2026-06-11T04:49:54.094923Z","level":"info","event":"\u001b[33m⬇️  https://www.tbank.ru/invest/help/brokerage/account/margin/short/?card=q1","logger":"task.stdout"}
{"timestamp":"2026-06-11T04:49:54.805061Z","level":"info","event":"\u001b[32m✅ 830300 байт","logger":"task.stdout"}
{"timestamp":"2026-06-11T04:49:54.930247Z","level":"info","event":"\u001b[32m   303 параграфов, 20274 символов","logger":"task.stdout"}
{"timestamp":"2026-06-11T04:49:54.935123Z","level":"info","event":"\u001b[36m💾 168_как_торговать_в_шорт.json","logger":"task.stdout"}
{"timestamp":"2026-06-11T04:49:54.935483Z","level":"info","event":"\u001b[32m✅ Статья #168: Как торговать в шорт","logger":"task.stdout"}
{"timestamp":"2026-06-11T04:49:54.935684Z","level":"info","event":"","logger":"task.stdout"}
{"timestamp":"2026-06-11T04:49:54.935824Z","level":"info","event":"\u001b[36m        [Глубина 4/4] https://www.tbank.ru/invest/help/brokerage/account/margin/about/?card=q7","logger":"task.stdout"}
{"timestamp":"2026-06-11T04:49:55.940038Z","level":"info","event":"\u001b[33m⬇️  https://www.tbank.ru/invest/help/brokerage/account/margin/about/?card=q7","logger":"task.stdout"}
{"timestamp":"2026-06-11T04:49:56.246807Z","level":"info","event":"\u001b[32m✅ 1335294 байт","logger":"task.stdout"}
{"timestamp":"2026-06-11T04:49:56.355147Z","level":"info","event":"\u001b[32m   400 параграфов, 38337 символов","logger":"task.stdout"}
{"timestamp":"2026-06-11T04:49:56.360404Z","level":"info","event":"\u001b[36m💾 169_как_устроена_маржинальная_торговля.json","logger":"task.stdout"}
{"timestamp":"2026-06-11T04:49:56.360883Z","level":"info","event":"\u001b[32m✅ Статья #169: Как устроена маржинальная торговля","logger":"task.stdout"}
{"timestamp":"2026-06-11T04:49:56.361037Z","level":"info","event":"","logger":"task.stdout"}
{"timestamp":"2026-06-11T04:49:56.361276Z","level":"info","event":"\u001b[36m        [Глубина 4/4] https://www.tbank.ru/invest/help/brokerage/account/margin/about/?card=q8","logger":"task.stdout"}
{"timestamp":"2026-06-11T04:49:57.361698Z","level":"info","event":"\u001b[33m⬇️  https://www.tbank.ru/invest/help/brokerage/account/margin/about/?card=q8","logger":"task.stdout"}
{"timestamp":"2026-06-11T04:49:58.309350Z","level":"info","event":"\u001b[32m✅ 1335378 байт","logger":"task.stdout"}
{"timestamp":"2026-06-11T04:49:58.466915Z","level":"info","event":"\u001b[32m   400 параграфов, 38337 символов","logger":"task.stdout"}
{"timestamp":"2026-06-11T04:49:58.469453Z","level":"info","event":"\u001b[36m💾 170_как_устроена_маржинальная_торговля.json","logger":"task.stdout"}
{"timestamp":"2026-06-11T04:49:58.469576Z","level":"info","event":"\u001b[32m✅ Статья #170: Как устроена маржинальная торговля","logger":"task.stdout"}
{"timestamp":"2026-06-11T04:49:58.603068Z","level":"info","event":"","logger":"task.stdout"}
{"timestamp":"2026-06-11T04:49:58.603341Z","level":"info","event":"\u001b[33m💾 Checkpoint: 170 статей (32.2/мин)","logger":"task.stdout"}
{"timestamp":"2026-06-11T04:49:58.603520Z","level":"info","event":"","logger":"task.stdout"}
{"timestamp":"2026-06-11T04:49:58.603604Z","level":"info","event":"","logger":"task.stdout"}
{"timestamp":"2026-06-11T04:49:58.603687Z","level":"info","event":"\u001b[36m        [Глубина 4/4] https://www.tbank.ru/invest/help/brokerage/account/margin/short/","logger":"task.stdout"}
{"timestamp":"2026-06-11T04:49:59.606221Z","level":"info","event":"\u001b[33m⬇️  https://www.tbank.ru/invest/help/brokerage/account/margin/short/","logger":"task.stdout"}
{"timestamp":"2026-06-11T04:50:00.872802Z","level":"info","event":"\u001b[32m✅ 830016 байт","logger":"task.stdout"}
{"timestamp":"2026-06-11T04:50:00.951342Z","level":"info","event":"\u001b[32m   303 параграфов, 20274 символов","logger":"task.stdout"}
{"timestamp":"2026-06-11T04:50:00.956978Z","level":"info","event":"\u001b[36m💾 171_как_торговать_в_шорт.json","logger":"task.stdout"}
{"timestamp":"2026-06-11T04:50:00.957151Z","level":"info","event":"\u001b[32m✅ Статья #171: Как торговать в шорт","logger":"task.stdout"}
{"timestamp":"2026-06-11T04:50:00.957236Z","level":"info","event":"","logger":"task.stdout"}
{"timestamp":"2026-06-11T04:50:00.957328Z","level":"info","event":"\u001b[36m        [Глубина 4/4] https://www.tbank.ru/invest/help/brokerage/account/margin/advantages/","logger":"task.stdout"}
{"timestamp":"2026-06-11T04:50:01.960952Z","level":"info","event":"\u001b[33m⬇️  https://www.tbank.ru/invest/help/brokerage/account/margin/advantages/","logger":"task.stdout"}
{"timestamp":"2026-06-11T04:50:02.967666Z","level":"info","event":"\u001b[32m✅ 927778 байт","logger":"task.stdout"}
{"timestamp":"2026-06-11T04:50:03.037225Z","level":"info","event":"\u001b[32m   263 параграфов, 16303 символов","logger":"task.stdout"}
{"timestamp":"2026-06-11T04:50:03.040503Z","level":"info","event":"\u001b[36m💾 172_зачем_нужна_маржинальная_торговля.json","logger":"task.stdout"}
{"timestamp":"2026-06-11T04:50:03.040687Z","level":"info","event":"\u001b[32m✅ Статья #172: Зачем нужна маржинальная торговля","logger":"task.stdout"}
{"timestamp":"2026-06-11T04:50:03.040937Z","level":"info","event":"","logger":"task.stdout"}
{"timestamp":"2026-06-11T04:50:03.041076Z","level":"info","event":"\u001b[36m      [Глубина 3/4] https://www.tbank.ru/invest/help/brokerage/account/forts/trade-options/","logger":"task.stdout"}
{"timestamp":"2026-06-11T04:50:04.085714Z","level":"info","event":"\u001b[33m⬇️  https://www.tbank.ru/invest/help/brokerage/account/forts/trade-options/","logger":"task.stdout"}
{"timestamp":"2026-06-11T04:50:05.170871Z","level":"info","event":"\u001b[32m✅ 991994 байт","logger":"task.stdout"}
{"timestamp":"2026-06-11T04:50:05.254737Z","level":"info","event":"\u001b[32m   347 параграфов, 25651 символов","logger":"task.stdout"}
{"timestamp":"2026-06-11T04:50:05.259722Z","level":"info","event":"\u001b[36m💾 173_как_торговать_опционами.json","logger":"task.stdout"}
{"timestamp":"2026-06-11T04:50:05.260179Z","level":"info","event":"\u001b[32m✅ Статья #173: Как торговать опционами","logger":"task.stdout"}
{"timestamp":"2026-06-11T04:50:05.262855Z","level":"error","event":"\r                                                          \u001b[A","logger":"task.stderr"}
{"timestamp":"2026-06-11T04:50:05.271179Z","level":"error","event":"\rФильтрация ссылок:   0%|          | 0/391 [00:00<?, ?it/s]\u001b[A","logger":"task.stderr"}
{"timestamp":"2026-06-11T04:50:05.271513Z","level":"info","event":"\u001b[32m   Новых ссылок: 17","logger":"task.stdout"}
{"timestamp":"2026-06-11T04:50:05.271612Z","level":"info","event":"","logger":"task.stdout"}
{"timestamp":"2026-06-11T04:50:05.271778Z","level":"info","event":"\u001b[36m        [Глубина 4/4] https://www.tbank.ru/invest/help/brokerage/account/forts/about/?card=q5","logger":"task.stdout"}
{"timestamp":"2026-06-11T04:50:06.273180Z","level":"info","event":"\u001b[33m⬇️  https://www.tbank.ru/invest/help/brokerage/account/forts/about/?card=q5","logger":"task.stdout"}
{"timestamp":"2026-06-11T04:50:07.098160Z","level":"info","event":"\u001b[32m✅ 739886 байт","logger":"task.stdout"}
{"timestamp":"2026-06-11T04:50:07.228975Z","level":"info","event":"\u001b[32m   283 параграфов, 16474 символов","logger":"task.stdout"}
{"timestamp":"2026-06-11T04:50:07.232983Z","level":"info","event":"\u001b[36m💾 174_налог_на_доход_от_торговли_ценными_бумагами.json","logger":"task.stdout"}
{"timestamp":"2026-06-11T04:50:07.233196Z","level":"info","event":"\u001b[32m✅ Статья #174: Налог на доход от торговли ценными бумагами","logger":"task.stdout"}
{"timestamp":"2026-06-11T04:50:07.233313Z","level":"info","event":"","logger":"task.stdout"}
{"timestamp":"2026-06-11T04:50:07.233437Z","level":"info","event":"\u001b[36m        [Глубина 4/4] https://www.tbank.ru/invest/help/brokerage/account/forts/neo/","logger":"task.stdout"}
{"timestamp":"2026-06-11T04:50:08.245607Z","level":"info","event":"\u001b[33m⬇️  https://www.tbank.ru/invest/help/brokerage/account/forts/neo/","logger":"task.stdout"}
{"timestamp":"2026-06-11T04:50:08.537026Z","level":"info","event":"\u001b[32m✅ 918879 байт","logger":"task.stdout"}
{"timestamp":"2026-06-11T04:50:08.614438Z","level":"info","event":"\u001b[32m   337 параграфов, 23425 символов","logger":"task.stdout"}
{"timestamp":"2026-06-11T04:50:08.623557Z","level":"info","event":"\u001b[36m💾 175_как_работают_неоактивы.json","logger":"task.stdout"}
{"timestamp":"2026-06-11T04:50:08.623806Z","level":"info","event":"\u001b[32m✅ Статья #175: Как работают неоактивы","logger":"task.stdout"}
{"timestamp":"2026-06-11T04:50:08.623940Z","level":"info","event":"","logger":"task.stdout"}
{"timestamp":"2026-06-11T04:50:08.624017Z","level":"info","event":"\u001b[36m        [Глубина 4/4] https://www.tbank.ru/invest/help/brokerage/account/forts/trade-options/?card=q6","logger":"task.stdout"}
{"timestamp":"2026-06-11T04:50:09.635182Z","level":"info","event":"\u001b[33m⬇️  https://www.tbank.ru/invest/help/brokerage/account/forts/trade-options/?card=q6","logger":"task.stdout"}
{"timestamp":"2026-06-11T04:50:10.635437Z","level":"info","event":"\u001b[32m✅ 992114 байт","logger":"task.stdout"}
{"timestamp":"2026-06-11T04:50:10.748425Z","level":"info","event":"\u001b[32m   347 параграфов, 25651 символов","logger":"task.stdout"}
{"timestamp":"2026-06-11T04:50:10.752653Z","level":"info","event":"\u001b[36m💾 176_как_торговать_опционами.json","logger":"task.stdout"}
{"timestamp":"2026-06-11T04:50:10.753017Z","level":"info","event":"\u001b[32m✅ Статья #176: Как торговать опционами","logger":"task.stdout"}
{"timestamp":"2026-06-11T04:50:10.753130Z","level":"info","event":"","logger":"task.stdout"}
{"timestamp":"2026-06-11T04:50:10.753245Z","level":"info","event":"\u001b[36m        [Глубина 4/4] https://www.tbank.ru/invest/help/brokerage/account/forts/trade-options/?card=q1","logger":"task.stdout"}
{"timestamp":"2026-06-11T04:50:11.757719Z","level":"info","event":"\u001b[33m⬇️  https://www.tbank.ru/invest/help/brokerage/account/forts/trade-options/?card=q1","logger":"task.stdout"}
{"timestamp":"2026-06-11T04:50:12.766898Z","level":"info","event":"\u001b[32m✅ 992714 байт","logger":"task.stdout"}
{"timestamp":"2026-06-11T04:50:12.839143Z","level":"info","event":"\u001b[32m   347 параграфов, 25651 символов","logger":"task.stdout"}
{"timestamp":"2026-06-11T04:50:12.841323Z","level":"info","event":"\u001b[36m💾 177_как_торговать_опционами.json","logger":"task.stdout"}
{"timestamp":"2026-06-11T04:50:12.841495Z","level":"info","event":"\u001b[32m✅ Статья #177: Как торговать опционами","logger":"task.stdout"}
{"timestamp":"2026-06-11T04:50:12.841598Z","level":"info","event":"","logger":"task.stdout"}
{"timestamp":"2026-06-11T04:50:12.841665Z","level":"info","event":"\u001b[36m        [Глубина 4/4] https://www.tbank.ru/invest/help/brokerage/account/forts/trade-options/?card=q4","logger":"task.stdout"}
{"timestamp":"2026-06-11T04:50:13.845941Z","level":"info","event":"\u001b[33m⬇️  https://www.tbank.ru/invest/help/brokerage/account/forts/trade-options/?card=q4","logger":"task.stdout"}
{"timestamp":"2026-06-11T04:50:14.624919Z","level":"info","event":"\u001b[32m✅ 992551 байт","logger":"task.stdout"}
{"timestamp":"2026-06-11T04:50:14.805203Z","level":"info","event":"\u001b[32m   347 параграфов, 25651 символов","logger":"task.stdout"}
{"timestamp":"2026-06-11T04:50:14.814802Z","level":"info","event":"\u001b[36m💾 178_как_торговать_опционами.json","logger":"task.stdout"}
{"timestamp":"2026-06-11T04:50:14.815071Z","level":"info","event":"\u001b[32m✅ Статья #178: Как торговать опционами","logger":"task.stdout"}
{"timestamp":"2026-06-11T04:50:14.815202Z","level":"info","event":"","logger":"task.stdout"}
{"timestamp":"2026-06-11T04:50:14.815314Z","level":"info","event":"\u001b[36m        [Глубина 4/4] https://www.tbank.ru/invest/help/brokerage/account/forts/options/?card=q8","logger":"task.stdout"}
{"timestamp":"2026-06-11T04:50:15.817676Z","level":"info","event":"\u001b[33m⬇️  https://www.tbank.ru/invest/help/brokerage/account/forts/options/?card=q8","logger":"task.stdout"}
{"timestamp":"2026-06-11T04:50:16.813586Z","level":"info","event":"\u001b[32m✅ 918846 байт","logger":"task.stdout"}
{"timestamp":"2026-06-11T04:50:16.930932Z","level":"info","event":"\u001b[32m   328 параграфов, 24504 символов","logger":"task.stdout"}
{"timestamp":"2026-06-11T04:50:16.932562Z","level":"info","event":"\u001b[36m💾 179_как_устроена_биржа_опционов.json","logger":"task.stdout"}
{"timestamp":"2026-06-11T04:50:16.932674Z","level":"info","event":"\u001b[32m✅ Статья #179: Как устроена биржа опционов","logger":"task.stdout"}
{"timestamp":"2026-06-11T04:50:16.932756Z","level":"info","event":"","logger":"task.stdout"}
{"timestamp":"2026-06-11T04:50:16.932839Z","level":"info","event":"\u001b[36m        [Глубина 4/4] https://www.tbank.ru/invest/help/brokerage/account/forts/futures/","logger":"task.stdout"}
{"timestamp":"2026-06-11T04:50:17.946494Z","level":"info","event":"\u001b[33m⬇️  https://www.tbank.ru/invest/help/brokerage/account/forts/futures/","logger":"task.stdout"}
{"timestamp":"2026-06-11T04:50:18.197883Z","level":"info","event":"\u001b[32m✅ 814501 байт","logger":"task.stdout"}
{"timestamp":"2026-06-11T04:50:18.325164Z","level":"info","event":"\u001b[32m   286 параграфов, 20828 символов","logger":"task.stdout"}
{"timestamp":"2026-06-11T04:50:18.328330Z","level":"info","event":"\u001b[36m💾 180_как_устроен_фьючерсный_рынок.json","logger":"task.stdout"}
{"timestamp":"2026-06-11T04:50:18.328496Z","level":"info","event":"\u001b[32m✅ Статья #180: Как устроен фьючерсный рынок","logger":"task.stdout"}
{"timestamp":"2026-06-11T04:50:18.523690Z","level":"info","event":"","logger":"task.stdout"}
{"timestamp":"2026-06-11T04:50:18.523903Z","level":"info","event":"\u001b[33m💾 Checkpoint: 180 статей (32.1/мин)","logger":"task.stdout"}
{"timestamp":"2026-06-11T04:50:18.523961Z","level":"info","event":"","logger":"task.stdout"}
{"timestamp":"2026-06-11T04:50:18.524026Z","level":"info","event":"","logger":"task.stdout"}
{"timestamp":"2026-06-11T04:50:18.524088Z","level":"info","event":"\u001b[36m        [Глубина 4/4] https://www.tbank.ru/invest/help/brokerage/account/forts/","logger":"task.stdout"}
{"timestamp":"2026-06-11T04:50:19.533686Z","level":"info","event":"\u001b[33m⬇️  https://www.tbank.ru/invest/help/brokerage/account/forts/","logger":"task.stdout"}
{"timestamp":"2026-06-11T04:50:20.134023Z","level":"info","event":"\u001b[32m✅ 630183 байт","logger":"task.stdout"}
{"timestamp":"2026-06-11T04:50:20.208285Z","level":"info","event":"\u001b[32m   257 параграфов, 10156 символов","logger":"task.stdout"}
{"timestamp":"2026-06-11T04:50:20.209583Z","level":"info","event":"\u001b[36m💾 181_срочный_рынок.json","logger":"task.stdout"}
{"timestamp":"2026-06-11T04:50:20.209760Z","level":"info","event":"\u001b[32m✅ Статья #181: Срочный рынок","logger":"task.stdout"}
{"timestamp":"2026-06-11T04:50:20.209862Z","level":"info","event":"","logger":"task.stdout"}
{"timestamp":"2026-06-11T04:50:20.209948Z","level":"info","event":"\u001b[36m        [Глубина 4/4] https://www.tbank.ru/invest/help/brokerage/account/forts/trade-options/?card=q7","logger":"task.stdout"}
{"timestamp":"2026-06-11T04:50:21.214041Z","level":"info","event":"\u001b[33m⬇️  https://www.tbank.ru/invest/help/brokerage/account/forts/trade-options/?card=q7","logger":"task.stdout"}
{"timestamp":"2026-06-11T04:50:21.981136Z","level":"info","event":"\u001b[32m✅ 991982 байт","logger":"task.stdout"}
{"timestamp":"2026-06-11T04:50:22.092009Z","level":"info","event":"\u001b[32m   347 параграфов, 25651 символов","logger":"task.stdout"}
{"timestamp":"2026-06-11T04:50:22.094140Z","level":"info","event":"\u001b[36m💾 182_как_торговать_опционами.json","logger":"task.stdout"}
{"timestamp":"2026-06-11T04:50:22.094223Z","level":"info","event":"\u001b[32m✅ Статья #182: Как торговать опционами","logger":"task.stdout"}
{"timestamp":"2026-06-11T04:50:22.094281Z","level":"info","event":"","logger":"task.stdout"}
{"timestamp":"2026-06-11T04:50:22.094334Z","level":"info","event":"\u001b[36m        [Глубина 4/4] https://www.tbank.ru/invest/help/brokerage/account/forts/variation-margin/","logger":"task.stdout"}
{"timestamp":"2026-06-11T04:50:23.096404Z","level":"info","event":"\u001b[33m⬇️  https://www.tbank.ru/invest/help/brokerage/account/forts/variation-margin/","logger":"task.stdout"}
{"timestamp":"2026-06-11T04:50:23.781545Z","level":"info","event":"\u001b[32m✅ 770533 байт","logger":"task.stdout"}
{"timestamp":"2026-06-11T04:50:23.855183Z","level":"info","event":"\u001b[32m   300 параграфов, 18883 символов","logger":"task.stdout"}
{"timestamp":"2026-06-11T04:50:23.856880Z","level":"info","event":"\u001b[36m💾 183_как_рассчитывается_вариационная_маржа.json","logger":"task.stdout"}
{"timestamp":"2026-06-11T04:50:23.856975Z","level":"info","event":"\u001b[32m✅ Статья #183: Как рассчитывается вариационная маржа","logger":"task.stdout"}
{"timestamp":"2026-06-11T04:50:23.857063Z","level":"info","event":"","logger":"task.stdout"}
{"timestamp":"2026-06-11T04:50:23.857139Z","level":"info","event":"\u001b[36m        [Глубина 4/4] https://www.tbank.ru/invest/help/brokerage/account/forts/trade-options/?card=q8","logger":"task.stdout"}
{"timestamp":"2026-06-11T04:50:24.867124Z","level":"info","event":"\u001b[33m⬇️  https://www.tbank.ru/invest/help/brokerage/account/forts/trade-options/?card=q8","logger":"task.stdout"}
{"timestamp":"2026-06-11T04:50:25.941878Z","level":"info","event":"\u001b[32m✅ 991809 байт","logger":"task.stdout"}
{"timestamp":"2026-06-11T04:50:26.013681Z","level":"info","event":"\u001b[32m   347 параграфов, 25651 символов","logger":"task.stdout"}
{"timestamp":"2026-06-11T04:50:26.016254Z","level":"info","event":"\u001b[36m💾 184_как_торговать_опционами.json","logger":"task.stdout"}
{"timestamp":"2026-06-11T04:50:26.016361Z","level":"info","event":"\u001b[32m✅ Статья #184: Как торговать опционами","logger":"task.stdout"}
{"timestamp":"2026-06-11T04:50:26.016467Z","level":"info","event":"","logger":"task.stdout"}
{"timestamp":"2026-06-11T04:50:26.016536Z","level":"info","event":"\u001b[36m        [Глубина 4/4] https://www.tbank.ru/invest/help/services/terminal/about/instruments/?card=q13","logger":"task.stdout"}
{"timestamp":"2026-06-11T04:50:27.023540Z","level":"info","event":"\u001b[33m⬇️  https://www.tbank.ru/invest/help/services/terminal/about/instruments/?card=q13","logger":"task.stdout"}
{"timestamp":"2026-06-11T04:50:28.102700Z","level":"info","event":"\u001b[32m✅ 596188 байт","logger":"task.stdout"}
{"timestamp":"2026-06-11T04:50:28.232497Z","level":"info","event":"\u001b[32m   214 параграфов, 8776 символов","logger":"task.stdout"}
{"timestamp":"2026-06-11T04:50:28.237488Z","level":"info","event":"\u001b[36m💾 185_терминал_т_инвестиций.json","logger":"task.stdout"}
{"timestamp":"2026-06-11T04:50:28.239540Z","level":"info","event":"\u001b[32m✅ Статья #185: Терминал Т⁠-⁠Инвестиций","logger":"task.stdout"}
{"timestamp":"2026-06-11T04:50:28.240976Z","level":"info","event":"","logger":"task.stdout"}
{"timestamp":"2026-06-11T04:50:28.241887Z","level":"info","event":"\u001b[36m        [Глубина 4/4] https://www.tbank.ru/invest/help/brokerage/account/forts/trade-options/?card=q3","logger":"task.stdout"}
{"timestamp":"2026-06-11T04:50:29.243854Z","level":"info","event":"\u001b[33m⬇️  https://www.tbank.ru/invest/help/brokerage/account/forts/trade-options/?card=q3","logger":"task.stdout"}
{"timestamp":"2026-06-11T04:50:29.542708Z","level":"info","event":"\u001b[32m✅ 991846 байт","logger":"task.stdout"}
{"timestamp":"2026-06-11T04:50:29.619605Z","level":"info","event":"\u001b[32m   347 параграфов, 25651 символов","logger":"task.stdout"}
{"timestamp":"2026-06-11T04:50:29.621701Z","level":"info","event":"\u001b[36m💾 186_как_торговать_опционами.json","logger":"task.stdout"}
{"timestamp":"2026-06-11T04:50:29.621810Z","level":"info","event":"\u001b[32m✅ Статья #186: Как торговать опционами","logger":"task.stdout"}
{"timestamp":"2026-06-11T04:50:29.621924Z","level":"info","event":"","logger":"task.stdout"}
{"timestamp":"2026-06-11T04:50:29.621979Z","level":"info","event":"\u001b[36m        [Глубина 4/4] https://www.tbank.ru/invest/help/brokerage/account/forts/trade-options/?card=q5","logger":"task.stdout"}
{"timestamp":"2026-06-11T04:50:30.628279Z","level":"info","event":"\u001b[33m⬇️  https://www.tbank.ru/invest/help/brokerage/account/forts/trade-options/?card=q5","logger":"task.stdout"}
{"timestamp":"2026-06-11T04:50:31.565057Z","level":"info","event":"\u001b[32m✅ 991906 байт","logger":"task.stdout"}
{"timestamp":"2026-06-11T04:50:31.648385Z","level":"info","event":"\u001b[32m   347 параграфов, 25651 символов","logger":"task.stdout"}
{"timestamp":"2026-06-11T04:50:31.650641Z","level":"info","event":"\u001b[36m💾 187_как_торговать_опционами.json","logger":"task.stdout"}
{"timestamp":"2026-06-11T04:50:31.650732Z","level":"info","event":"\u001b[32m✅ Статья #187: Как торговать опционами","logger":"task.stdout"}
{"timestamp":"2026-06-11T04:50:31.650812Z","level":"info","event":"","logger":"task.stdout"}
{"timestamp":"2026-06-11T04:50:31.650894Z","level":"info","event":"\u001b[36m        [Глубина 4/4] https://www.tbank.ru/invest/help/brokerage/account/forts/trade-futures/","logger":"task.stdout"}
{"timestamp":"2026-06-11T04:50:32.655086Z","level":"info","event":"\u001b[33m⬇️  https://www.tbank.ru/invest/help/brokerage/account/forts/trade-futures/","logger":"task.stdout"}
{"timestamp":"2026-06-11T04:50:33.729535Z","level":"info","event":"\u001b[32m✅ 1093904 байт","logger":"task.stdout"}
{"timestamp":"2026-06-11T04:50:33.842076Z","level":"info","event":"\u001b[32m   331 параграфов, 23768 символов","logger":"task.stdout"}
{"timestamp":"2026-06-11T04:50:33.846957Z","level":"info","event":"\u001b[36m💾 188_как_торговать_фьючерсами.json","logger":"task.stdout"}
{"timestamp":"2026-06-11T04:50:33.848453Z","level":"info","event":"\u001b[32m✅ Статья #188: Как торговать фьючерсами","logger":"task.stdout"}
{"timestamp":"2026-06-11T04:50:33.848578Z","level":"info","event":"","logger":"task.stdout"}
{"timestamp":"2026-06-11T04:50:33.848653Z","level":"info","event":"\u001b[36m        [Глубина 4/4] https://www.tbank.ru/invest/help/educate/high-risk/about/derivatives/","logger":"task.stdout"}
{"timestamp":"2026-06-11T04:50:34.848993Z","level":"info","event":"\u001b[33m⬇️  https://www.tbank.ru/invest/help/educate/high-risk/about/derivatives/","logger":"task.stdout"}
{"timestamp":"2026-06-11T04:50:35.556633Z","level":"info","event":"\u001b[32m✅ 801411 байт","logger":"task.stdout"}
{"timestamp":"2026-06-11T04:50:35.855531Z","level":"info","event":"\u001b[32m   278 параграфов, 19554 символов","logger":"task.stdout"}
{"timestamp":"2026-06-11T04:50:35.860205Z","level":"info","event":"\u001b[36m💾 189_фьючерсы_и_опционы.json","logger":"task.stdout"}
{"timestamp":"2026-06-11T04:50:35.860709Z","level":"info","event":"\u001b[32m✅ Статья #189: Фьючерсы и опционы","logger":"task.stdout"}
{"timestamp":"2026-06-11T04:50:35.861094Z","level":"info","event":"","logger":"task.stdout"}
{"timestamp":"2026-06-11T04:50:35.861293Z","level":"info","event":"\u001b[36m        [Глубина 4/4] https://www.tbank.ru/invest/help/brokerage/account/forts/options/","logger":"task.stdout"}
{"timestamp":"2026-06-11T04:50:36.864200Z","level":"info","event":"\u001b[33m⬇️  https://www.tbank.ru/invest/help/brokerage/account/forts/options/","logger":"task.stdout"}
{"timestamp":"2026-06-11T04:50:37.145800Z","level":"info","event":"\u001b[32m✅ 918880 байт","logger":"task.stdout"}
{"timestamp":"2026-06-11T04:50:37.269406Z","level":"info","event":"\u001b[32m   328 параграфов, 24504 символов","logger":"task.stdout"}
{"timestamp":"2026-06-11T04:50:37.273753Z","level":"info","event":"\u001b[36m💾 190_как_устроена_биржа_опционов.json","logger":"task.stdout"}
{"timestamp":"2026-06-11T04:50:37.274344Z","level":"info","event":"\u001b[32m✅ Статья #190: Как устроена биржа опционов","logger":"task.stdout"}
{"timestamp":"2026-06-11T04:50:37.446666Z","level":"info","event":"","logger":"task.stdout"}
{"timestamp":"2026-06-11T04:50:37.446839Z","level":"info","event":"\u001b[33m💾 Checkpoint: 190 статей (32.1/мин)","logger":"task.stdout"}
{"timestamp":"2026-06-11T04:50:37.446955Z","level":"info","event":"","logger":"task.stdout"}
{"timestamp":"2026-06-11T04:50:37.447042Z","level":"info","event":"","logger":"task.stdout"}
{"timestamp":"2026-06-11T04:50:37.447126Z","level":"info","event":"\u001b[36m    [Глубина 2/4] https://www.tbank.ru/invest/help/educate/how-it-works/what-is-exchange/trading-modes/?card=q2","logger":"task.stdout"}
{"timestamp":"2026-06-11T04:50:38.456431Z","level":"info","event":"\u001b[33m⬇️  https://www.tbank.ru/invest/help/educate/how-it-works/what-is-exchange/trading-modes/?card=q2","logger":"task.stdout"}
{"timestamp":"2026-06-11T04:50:39.217525Z","level":"info","event":"\u001b[32m✅ 697010 байт","logger":"task.stdout"}
{"timestamp":"2026-06-11T04:50:39.311517Z","level":"info","event":"\u001b[32m   254 параграфов, 14664 символов","logger":"task.stdout"}
{"timestamp":"2026-06-11T04:50:39.314616Z","level":"info","event":"\u001b[36m💾 191_режимы_торгов.json","logger":"task.stdout"}
{"timestamp":"2026-06-11T04:50:39.319607Z","level":"info","event":"\u001b[32m✅ Статья #191: Режимы торгов","logger":"task.stdout"}
{"timestamp":"2026-06-11T04:50:39.320491Z","level":"error","event":"\r                                                          \u001b[A","logger":"task.stderr"}
{"timestamp":"2026-06-11T04:50:39.338142Z","level":"error","event":"\rФильтрация ссылок:   0%|          | 0/385 [00:00<?, ?it/s]\u001b[A","logger":"task.stderr"}
{"timestamp":"2026-06-11T04:50:39.338895Z","level":"info","event":"\u001b[32m   Новых ссылок: 4","logger":"task.stdout"}
{"timestamp":"2026-06-11T04:50:39.339124Z","level":"info","event":"","logger":"task.stdout"}
{"timestamp":"2026-06-11T04:50:39.339386Z","level":"info","event":"\u001b[36m      [Глубина 3/4] https://www.tbank.ru/invest/help/educate/how-it-works/what-is-exchange/trading-modes/?card=q3","logger":"task.stdout"}
{"timestamp":"2026-06-11T04:50:40.351812Z","level":"info","event":"\u001b[33m⬇️  https://www.tbank.ru/invest/help/educate/how-it-works/what-is-exchange/trading-modes/?card=q3","logger":"task.stdout"}
{"timestamp":"2026-06-11T04:50:41.205188Z","level":"info","event":"\u001b[32m✅ 696878 байт","logger":"task.stdout"}
{"timestamp":"2026-06-11T04:50:41.442885Z","level":"info","event":"\u001b[32m   254 параграфов, 14664 символов","logger":"task.stdout"}
{"timestamp":"2026-06-11T04:50:41.463505Z","level":"info","event":"\u001b[36m💾 192_режимы_торгов.json","logger":"task.stdout"}
{"timestamp":"2026-06-11T04:50:41.467113Z","level":"info","event":"\u001b[32m✅ Статья #192: Режимы торгов","logger":"task.stdout"}
{"timestamp":"2026-06-11T04:50:41.480000Z","level":"error","event":"\r                                                          \u001b[A","logger":"task.stderr"}
{"timestamp":"2026-06-11T04:50:41.487648Z","level":"error","event":"\rФильтрация ссылок:   0%|          | 0/385 [00:00<?, ?it/s]\u001b[A","logger":"task.stderr"}
{"timestamp":"2026-06-11T04:50:41.488306Z","level":"info","event":"\u001b[32m   Новых ссылок: 3","logger":"task.stdout"}
{"timestamp":"2026-06-11T04:50:41.488657Z","level":"info","event":"","logger":"task.stdout"}
{"timestamp":"2026-06-11T04:50:41.488824Z","level":"info","event":"\u001b[36m        [Глубина 4/4] https://www.tbank.ru/invest/help/educate/how-it-works/what-is-exchange/trading-modes/?card=q1","logger":"task.stdout"}
{"timestamp":"2026-06-11T04:50:42.490231Z","level":"info","event":"\u001b[33m⬇️  https://www.tbank.ru/invest/help/educate/how-it-works/what-is-exchange/trading-modes/?card=q1","logger":"task.stdout"}
{"timestamp":"2026-06-11T04:50:43.097573Z","level":"info","event":"\u001b[32m✅ 696643 байт","logger":"task.stdout"}
{"timestamp":"2026-06-11T04:50:43.163250Z","level":"info","event":"\u001b[32m   254 параграфов, 14664 символов","logger":"task.stdout"}
{"timestamp":"2026-06-11T04:50:43.166614Z","level":"info","event":"\u001b[36m💾 193_режимы_торгов.json","logger":"task.stdout"}
{"timestamp":"2026-06-11T04:50:43.166759Z","level":"info","event":"\u001b[32m✅ Статья #193: Режимы торгов","logger":"task.stdout"}
{"timestamp":"2026-06-11T04:50:43.166838Z","level":"info","event":"","logger":"task.stdout"}
{"timestamp":"2026-06-11T04:50:43.166920Z","level":"info","event":"\u001b[36m        [Глубина 4/4] https://www.tbank.ru/invest/help/educate/how-it-works/ways-to-invest/dividend-yield/?card=q9","logger":"task.stdout"}
{"timestamp":"2026-06-11T04:50:44.170836Z","level":"info","event":"\u001b[33m⬇️  https://www.tbank.ru/invest/help/educate/how-it-works/ways-to-invest/dividend-yield/?card=q9","logger":"task.stdout"}
{"timestamp":"2026-06-11T04:50:45.154200Z","level":"info","event":"\u001b[32m✅ 874836 байт","logger":"task.stdout"}
{"timestamp":"2026-06-11T04:50:45.218855Z","level":"info","event":"\u001b[32m   296 параграфов, 24092 символов","logger":"task.stdout"}
{"timestamp":"2026-06-11T04:50:45.220772Z","level":"info","event":"\u001b[36m💾 194_дивидендный_доход_по_акциям.json","logger":"task.stdout"}
{"timestamp":"2026-06-11T04:50:45.220880Z","level":"info","event":"\u001b[32m✅ Статья #194: Дивидендный доход по акциям","logger":"task.stdout"}
{"timestamp":"2026-06-11T04:50:45.221002Z","level":"info","event":"","logger":"task.stdout"}
{"timestamp":"2026-06-11T04:50:45.221093Z","level":"info","event":"\u001b[36m        [Глубина 4/4] https://www.tbank.ru/invest/help/educate/how-it-works/what-is-exchange/trading-modes/?card=q4","logger":"task.stdout"}
{"timestamp":"2026-06-11T04:50:46.221657Z","level":"info","event":"\u001b[33m⬇️  https://www.tbank.ru/invest/help/educate/how-it-works/what-is-exchange/trading-modes/?card=q4","logger":"task.stdout"}
{"timestamp":"2026-06-11T04:50:46.913042Z","level":"info","event":"\u001b[32m✅ 696757 байт","logger":"task.stdout"}
{"timestamp":"2026-06-11T04:50:46.954090Z","level":"info","event":"\u001b[32m   254 параграфов, 14664 символов","logger":"task.stdout"}
{"timestamp":"2026-06-11T04:50:46.955525Z","level":"info","event":"\u001b[36m💾 195_режимы_торгов.json","logger":"task.stdout"}
{"timestamp":"2026-06-11T04:50:46.955629Z","level":"info","event":"\u001b[32m✅ Статья #195: Режимы торгов","logger":"task.stdout"}
{"timestamp":"2026-06-11T04:50:46.955726Z","level":"info","event":"","logger":"task.stdout"}
{"timestamp":"2026-06-11T04:50:46.955781Z","level":"info","event":"\u001b[36m  [Глубина 1/4] https://www.tbank.ru/invest/help/educate/how-it-works/rookie-advice/portfolio-n-risk/?card=q4","logger":"task.stdout"}
{"timestamp":"2026-06-11T04:50:47.963341Z","level":"info","event":"\u001b[33m⬇️  https://www.tbank.ru/invest/help/educate/how-it-works/rookie-advice/portfolio-n-risk/?card=q4","logger":"task.stdout"}
{"timestamp":"2026-06-11T04:50:48.969737Z","level":"info","event":"\u001b[32m✅ 862362 байт","logger":"task.stdout"}
{"timestamp":"2026-06-11T04:50:49.056804Z","level":"info","event":"\u001b[32m   286 параграфов, 22370 символов","logger":"task.stdout"}
{"timestamp":"2026-06-11T04:50:49.059987Z","level":"info","event":"\u001b[36m💾 196_сбалансированный_портфель_и_минимизация_рисков.json","logger":"task.stdout"}
{"timestamp":"2026-06-11T04:50:49.062558Z","level":"info","event":"\u001b[32m✅ Статья #196: Сбалансированный портфель и минимизация рисков","logger":"task.stdout"}
{"timestamp":"2026-06-11T04:50:49.063155Z","level":"error","event":"\r                                                          \u001b[A","logger":"task.stderr"}
{"timestamp":"2026-06-11T04:50:49.069562Z","level":"error","event":"\rФильтрация ссылок:   0%|          | 0/391 [00:00<?, ?it/s]\u001b[A","logger":"task.stderr"}
{"timestamp":"2026-06-11T04:50:49.070010Z","level":"info","event":"\u001b[32m   Новых ссылок: 9","logger":"task.stdout"}
{"timestamp":"2026-06-11T04:50:49.070086Z","level":"info","event":"","logger":"task.stdout"}
{"timestamp":"2026-06-11T04:50:49.070162Z","level":"info","event":"\u001b[36m    [Глубина 2/4] https://www.tbank.ru/invest/help/educate/how-it-works/rookie-advice/portfolio-n-risk/?card=q3","logger":"task.stdout"}
{"timestamp":"2026-06-11T04:50:50.078754Z","level":"info","event":"\u001b[33m⬇️  https://www.tbank.ru/invest/help/educate/how-it-works/rookie-advice/portfolio-n-risk/?card=q3","logger":"task.stdout"}
{"timestamp":"2026-06-11T04:50:50.926725Z","level":"info","event":"\u001b[32m✅ 862531 байт","logger":"task.stdout"}
{"timestamp":"2026-06-11T04:50:51.006266Z","level":"info","event":"\u001b[32m   286 параграфов, 22370 символов","logger":"task.stdout"}
{"timestamp":"2026-06-11T04:50:51.008101Z","level":"info","event":"\u001b[36m💾 197_сбалансированный_портфель_и_минимизация_рисков.json","logger":"task.stdout"}
{"timestamp":"2026-06-11T04:50:51.011478Z","level":"info","event":"\u001b[32m✅ Статья #197: Сбалансированный портфель и минимизация рисков","logger":"task.stdout"}
{"timestamp":"2026-06-11T04:50:51.011560Z","level":"error","event":"\r                                                          \u001b[A","logger":"task.stderr"}
{"timestamp":"2026-06-11T04:50:51.013407Z","level":"error","event":"\rФильтрация ссылок:   0%|          | 0/391 [00:00<?, ?it/s]\u001b[A","logger":"task.stderr"}
{"timestamp":"2026-06-11T04:50:51.013544Z","level":"info","event":"\u001b[32m   Новых ссылок: 8","logger":"task.stdout"}
{"timestamp":"2026-06-11T04:50:51.013645Z","level":"info","event":"","logger":"task.stdout"}
{"timestamp":"2026-06-11T04:50:51.013776Z","level":"info","event":"\u001b[36m      [Глубина 3/4] https://www.tbank.ru/invest/help/educate/how-it-works/rookie-advice/portfolio-n-risk/?card=q7","logger":"task.stdout"}
{"timestamp":"2026-06-11T04:50:52.016770Z","level":"info","event":"\u001b[33m⬇️  https://www.tbank.ru/invest/help/educate/how-it-works/rookie-advice/portfolio-n-risk/?card=q7","logger":"task.stdout"}
{"timestamp":"2026-06-11T04:50:53.120712Z","level":"info","event":"\u001b[32m✅ 862330 байт","logger":"task.stdout"}
{"timestamp":"2026-06-11T04:50:53.199112Z","level":"info","event":"\u001b[32m   286 параграфов, 22370 символов","logger":"task.stdout"}
{"timestamp":"2026-06-11T04:50:53.201496Z","level":"info","event":"\u001b[36m💾 198_сбалансированный_портфель_и_минимизация_рисков.json","logger":"task.stdout"}
{"timestamp":"2026-06-11T04:50:53.205499Z","level":"info","event":"\u001b[32m✅ Статья #198: Сбалансированный портфель и минимизация рисков","logger":"task.stdout"}
{"timestamp":"2026-06-11T04:50:53.205621Z","level":"error","event":"\r                                                          \u001b[A","logger":"task.stderr"}
{"timestamp":"2026-06-11T04:50:53.207454Z","level":"error","event":"\rФильтрация ссылок:   0%|          | 0/391 [00:00<?, ?it/s]\u001b[A","logger":"task.stderr"}
{"timestamp":"2026-06-11T04:50:53.207566Z","level":"info","event":"\u001b[32m   Новых ссылок: 7","logger":"task.stdout"}
{"timestamp":"2026-06-11T04:50:53.207760Z","level":"info","event":"","logger":"task.stdout"}
{"timestamp":"2026-06-11T04:50:53.207877Z","level":"info","event":"\u001b[36m        [Глубина 4/4] https://www.tbank.ru/invest/help/educate/how-it-works/rookie-advice/portfolio-n-risk/?card=q5","logger":"task.stdout"}
{"timestamp":"2026-06-11T04:50:54.211335Z","level":"info","event":"\u001b[33m⬇️  https://www.tbank.ru/invest/help/educate/how-it-works/rookie-advice/portfolio-n-risk/?card=q5","logger":"task.stdout"}
{"timestamp":"2026-06-11T04:50:54.990054Z","level":"info","event":"\u001b[32m✅ 862153 байт","logger":"task.stdout"}
{"timestamp":"2026-06-11T04:50:55.072611Z","level":"info","event":"\u001b[32m   286 параграфов, 22370 символов","logger":"task.stdout"}
{"timestamp":"2026-06-11T04:50:55.074872Z","level":"info","event":"\u001b[36m💾 199_сбалансированный_портфель_и_минимизация_рисков.json","logger":"task.stdout"}
{"timestamp":"2026-06-11T04:50:55.074953Z","level":"info","event":"\u001b[32m✅ Статья #199: Сбалансированный портфель и минимизация рисков","logger":"task.stdout"}
{"timestamp":"2026-06-11T04:50:55.075038Z","level":"info","event":"","logger":"task.stdout"}
{"timestamp":"2026-06-11T04:50:55.075109Z","level":"info","event":"\u001b[36m        [Глубина 4/4] https://www.tbank.ru/invest/help/educate/how-it-works/rookie-advice/portfolio-n-risk/?card=q2","logger":"task.stdout"}
{"timestamp":"2026-06-11T04:50:56.076746Z","level":"info","event":"\u001b[33m⬇️  https://www.tbank.ru/invest/help/educate/how-it-works/rookie-advice/portfolio-n-risk/?card=q2","logger":"task.stdout"}
{"timestamp":"2026-06-11T04:50:56.785058Z","level":"info","event":"\u001b[32m✅ 862388 байт","logger":"task.stdout"}
{"timestamp":"2026-06-11T04:50:56.838681Z","level":"info","event":"\u001b[32m   286 параграфов, 22370 символов","logger":"task.stdout"}
{"timestamp":"2026-06-11T04:50:56.840406Z","level":"info","event":"\u001b[36m💾 200_сбалансированный_портфель_и_минимизация_рисков.json","logger":"task.stdout"}
{"timestamp":"2026-06-11T04:50:56.840645Z","level":"info","event":"\u001b[32m✅ Статья #200: Сбалансированный портфель и минимизация рисков","logger":"task.stdout"}
{"timestamp":"2026-06-11T04:50:57.053937Z","level":"info","event":"","logger":"task.stdout"}
{"timestamp":"2026-06-11T04:50:57.054304Z","level":"info","event":"\u001b[33m💾 Checkpoint: 200 статей (32.0/мин)","logger":"task.stdout"}
{"timestamp":"2026-06-11T04:50:57.054691Z","level":"info","event":"","logger":"task.stdout"}
{"timestamp":"2026-06-11T04:50:57.054861Z","level":"info","event":"","logger":"task.stdout"}
{"timestamp":"2026-06-11T04:50:57.054952Z","level":"info","event":"\u001b[36m        [Глубина 4/4] https://www.tbank.ru/invest/help/educate/how-it-works/ways-to-invest/","logger":"task.stdout"}
{"timestamp":"2026-06-11T04:50:58.058637Z","level":"info","event":"\u001b[33m⬇️  https://www.tbank.ru/invest/help/educate/how-it-works/ways-to-invest/","logger":"task.stdout"}
{"timestamp":"2026-06-11T04:50:58.946646Z","level":"info","event":"\u001b[32m✅ 634363 байт","logger":"task.stdout"}
{"timestamp":"2026-06-11T04:50:59.021923Z","level":"info","event":"\u001b[32m   276 параграфов, 10671 символов","logger":"task.stdout"}
{"timestamp":"2026-06-11T04:50:59.024443Z","level":"info","event":"\u001b[36m💾 201_во_что_можно_инвестировать.json","logger":"task.stdout"}
{"timestamp":"2026-06-11T04:50:59.024618Z","level":"info","event":"\u001b[32m✅ Статья #201: Во что можно инвестировать","logger":"task.stdout"}
{"timestamp":"2026-06-11T04:50:59.024727Z","level":"info","event":"","logger":"task.stdout"}
{"timestamp":"2026-06-11T04:50:59.024867Z","level":"info","event":"\u001b[36m        [Глубина 4/4] https://www.tbank.ru/invest/help/educate/how-it-works/rookie-advice/portfolio-n-risk/?card=q6","logger":"task.stdout"}
{"timestamp":"2026-06-11T04:51:00.024948Z","level":"info","event":"\u001b[33m⬇️  https://www.tbank.ru/invest/help/educate/how-it-works/rookie-advice/portfolio-n-risk/?card=q6","logger":"task.stdout"}
{"timestamp":"2026-06-11T04:51:00.950849Z","level":"info","event":"\u001b[32m✅ 862334 байт","logger":"task.stdout"}
{"timestamp":"2026-06-11T04:51:01.034321Z","level":"info","event":"\u001b[32m   286 параграфов, 22370 символов","logger":"task.stdout"}
{"timestamp":"2026-06-11T04:51:01.037190Z","level":"info","event":"\u001b[36m💾 202_сбалансированный_портфель_и_минимизация_рисков.json","logger":"task.stdout"}
{"timestamp":"2026-06-11T04:51:01.037379Z","level":"info","event":"\u001b[32m✅ Статья #202: Сбалансированный портфель и минимизация рисков","logger":"task.stdout"}
{"timestamp":"2026-06-11T04:51:01.037493Z","level":"info","event":"","logger":"task.stdout"}
{"timestamp":"2026-06-11T04:51:01.037581Z","level":"info","event":"\u001b[36m        [Глубина 4/4] https://www.tbank.ru/invest/education/courses/2da0c312-2501-4c19-9dbd-1dad07cefc71/?internal_source=help-visit_from:/invest/help/rookie-advice/portfolio-n-risk/","logger":"task.stdout"}
{"timestamp":"2026-06-11T04:51:02.038367Z","level":"info","event":"\u001b[33m⬇️  https://www.tbank.ru/invest/education/courses/2da0c312-2501-4c19-9dbd-1dad07cefc71/?internal_source=help-visit_from:/invest/help/rookie-advice/portfolio-n-risk/","logger":"task.stdout"}
{"timestamp":"2026-06-11T04:51:02.364221Z","level":"info","event":"\u001b[32m✅ 1149679 байт","logger":"task.stdout"}
{"timestamp":"2026-06-11T04:51:02.423466Z","level":"info","event":"\u001b[32m   8 параграфов, 256 символов","logger":"task.stdout"}
{"timestamp":"2026-06-11T04:51:02.424722Z","level":"info","event":"\u001b[36m💾 203_секреты_диверсификации.json","logger":"task.stdout"}
{"timestamp":"2026-06-11T04:51:02.424831Z","level":"info","event":"\u001b[32m✅ Статья #203: Секреты диверсификации","logger":"task.stdout"}
{"timestamp":"2026-06-11T04:51:02.424917Z","level":"info","event":"","logger":"task.stdout"}
{"timestamp":"2026-06-11T04:51:02.425013Z","level":"info","event":"\u001b[36m        [Глубина 4/4] https://www.tbank.ru/invest/education/courses/5c164726-1748-4e1f-ab84-5b7c0eadba88/?internal_source=help-visit_from:/invest/help/rookie-advice/portfolio-n-risk/","logger":"task.stdout"}
{"timestamp":"2026-06-11T04:51:03.427589Z","level":"info","event":"\u001b[33m⬇️  https://www.tbank.ru/invest/education/courses/5c164726-1748-4e1f-ab84-5b7c0eadba88/?internal_source=help-visit_from:/invest/help/rookie-advice/portfolio-n-risk/","logger":"task.stdout"}
{"timestamp":"2026-06-11T04:51:03.705961Z","level":"info","event":"\u001b[32m✅ 1163355 байт","logger":"task.stdout"}
{"timestamp":"2026-06-11T04:51:03.772479Z","level":"info","event":"\u001b[32m   7 параграфов, 196 символов","logger":"task.stdout"}
{"timestamp":"2026-06-11T04:51:03.774010Z","level":"info","event":"\u001b[36m💾 204_ветер_перемен_что_делать_инвестору.json","logger":"task.stdout"}
{"timestamp":"2026-06-11T04:51:03.774194Z","level":"info","event":"\u001b[32m✅ Статья #204: Ветер перемен: что делать инвестору","logger":"task.stdout"}
{"timestamp":"2026-06-11T04:51:03.774304Z","level":"info","event":"","logger":"task.stdout"}
{"timestamp":"2026-06-11T04:51:03.774404Z","level":"info","event":"\u001b[36m        [Глубина 4/4] https://www.tbank.ru/invest/help/educate/how-it-works/what-is-exchange/investment-features/?card=q2","logger":"task.stdout"}
{"timestamp":"2026-06-11T04:51:04.690691Z","level":"info","event":"\u001b[33m⬇️  https://www.tbank.ru/invest/help/educate/how-it-works/what-is-exchange/investment-features/?card=q2","logger":"task.stdout"}
{"timestamp":"2026-06-11T04:51:05.435218Z","level":"info","event":"\u001b[32m✅ 776451 байт","logger":"task.stdout"}
{"timestamp":"2026-06-11T04:51:05.518317Z","level":"info","event":"\u001b[32m   273 параграфов, 18040 символов","logger":"task.stdout"}
{"timestamp":"2026-06-11T04:51:05.520758Z","level":"info","event":"\u001b[36m💾 205_особенности_инвестирования_на_бирже.json","logger":"task.stdout"}
{"timestamp":"2026-06-11T04:51:05.521093Z","level":"info","event":"\u001b[32m✅ Статья #205: Особенности инвестирования на бирже","logger":"task.stdout"}
{"timestamp":"2026-06-11T04:51:05.521200Z","level":"info","event":"","logger":"task.stdout"}
{"timestamp":"2026-06-11T04:51:05.521293Z","level":"info","event":"\u001b[36m  [Глубина 1/4] https://www.tbank.ru/invest/help/educate/how-it-works/what-is-exchange/how-it-works/?card=q1","logger":"task.stdout"}
{"timestamp":"2026-06-11T04:51:06.531963Z","level":"info","event":"\u001b[33m⬇️  https://www.tbank.ru/invest/help/educate/how-it-works/what-is-exchange/how-it-works/?card=q1","logger":"task.stdout"}
{"timestamp":"2026-06-11T04:51:07.185015Z","level":"info","event":"\u001b[32m✅ 800399 байт","logger":"task.stdout"}
{"timestamp":"2026-06-11T04:51:07.260862Z","level":"info","event":"\u001b[32m   272 параграфов, 18868 символов","logger":"task.stdout"}
{"timestamp":"2026-06-11T04:51:07.262576Z","level":"info","event":"\u001b[36m💾 206_как_работает_фондовый_рынок.json","logger":"task.stdout"}
{"timestamp":"2026-06-11T04:51:07.267460Z","level":"info","event":"\u001b[32m✅ Статья #206: Как работает фондовый рынок","logger":"task.stdout"}
{"timestamp":"2026-06-11T04:51:07.269832Z","level":"error","event":"\r                                                          \u001b[A","logger":"task.stderr"}
{"timestamp":"2026-06-11T04:51:07.274856Z","level":"error","event":"\rФильтрация ссылок:   0%|          | 0/386 [00:00<?, ?it/s]\u001b[A","logger":"task.stderr"}
{"timestamp":"2026-06-11T04:51:07.275148Z","level":"info","event":"\u001b[32m   Новых ссылок: 4","logger":"task.stdout"}
{"timestamp":"2026-06-11T04:51:07.275257Z","level":"info","event":"","logger":"task.stdout"}
{"timestamp":"2026-06-11T04:51:07.275342Z","level":"info","event":"\u001b[36m    [Глубина 2/4] https://www.tbank.ru/invest/help/brokerage/account/trade-on-bs/get-report/?card=q6","logger":"task.stdout"}
{"timestamp":"2026-06-11T04:51:08.279000Z","level":"info","event":"\u001b[33m⬇️  https://www.tbank.ru/invest/help/brokerage/account/trade-on-bs/get-report/?card=q6","logger":"task.stdout"}
{"timestamp":"2026-06-11T04:51:09.458481Z","level":"info","event":"\u001b[32m✅ 778069 байт","logger":"task.stdout"}
{"timestamp":"2026-06-11T04:51:09.543594Z","level":"info","event":"\u001b[32m   271 параграфов, 17073 символов","logger":"task.stdout"}
{"timestamp":"2026-06-11T04:51:09.547653Z","level":"info","event":"\u001b[36m💾 207_как_получать_отчеты_и_справки.json","logger":"task.stdout"}
{"timestamp":"2026-06-11T04:51:09.549612Z","level":"info","event":"\u001b[32m✅ Статья #207: Как получать отчеты и справки","logger":"task.stdout"}
{"timestamp":"2026-06-11T04:51:09.551706Z","level":"error","event":"\r                                                          \u001b[A","logger":"task.stderr"}
{"timestamp":"2026-06-11T04:51:09.554394Z","level":"error","event":"\rФильтрация ссылок:   0%|          | 0/381 [00:00<?, ?it/s]\u001b[A","logger":"task.stderr"}
{"timestamp":"2026-06-11T04:51:09.554585Z","level":"info","event":"\u001b[32m   Новых ссылок: 15","logger":"task.stdout"}
{"timestamp":"2026-06-11T04:51:09.554688Z","level":"info","event":"","logger":"task.stdout"}
{"timestamp":"2026-06-11T04:51:09.554772Z","level":"info","event":"\u001b[36m      [Глубина 3/4] https://www.tbank.ru/invest/help/educate/broker-report/","logger":"task.stdout"}
{"timestamp":"2026-06-11T04:51:10.557976Z","level":"info","event":"\u001b[33m⬇️  https://www.tbank.ru/invest/help/educate/broker-report/","logger":"task.stdout"}
{"timestamp":"2026-06-11T04:51:11.504476Z","level":"info","event":"\u001b[32m✅ 611981 байт","logger":"task.stdout"}
{"timestamp":"2026-06-11T04:51:11.572364Z","level":"info","event":"\u001b[32m   229 параграфов, 9284 символов","logger":"task.stdout"}
{"timestamp":"2026-06-11T04:51:11.574538Z","level":"info","event":"\u001b[36m💾 208_отчеты_и_справки.json","logger":"task.stdout"}
{"timestamp":"2026-06-11T04:51:11.577603Z","level":"info","event":"\u001b[32m✅ Статья #208: Отчеты и справки","logger":"task.stdout"}
{"timestamp":"2026-06-11T04:51:11.577803Z","level":"error","event":"\r                                                          \u001b[A","logger":"task.stderr"}
{"timestamp":"2026-06-11T04:51:11.582396Z","level":"error","event":"\rФильтрация ссылок:   0%|          | 0/387 [00:00<?, ?it/s]\u001b[A","logger":"task.stderr"}
{"timestamp":"2026-06-11T04:51:11.588338Z","level":"info","event":"\u001b[32m   Новых ссылок: 31","logger":"task.stdout"}
{"timestamp":"2026-06-11T04:51:11.588492Z","level":"info","event":"","logger":"task.stdout"}
{"timestamp":"2026-06-11T04:51:11.588708Z","level":"info","event":"\u001b[36m        [Глубина 4/4] https://www.tbank.ru/invest/help/educate/broker-report/about/get-report/?card=q8","logger":"task.stdout"}
{"timestamp":"2026-06-11T04:51:12.584930Z","level":"info","event":"\u001b[33m⬇️  https://www.tbank.ru/invest/help/educate/broker-report/about/get-report/?card=q8","logger":"task.stdout"}
{"timestamp":"2026-06-11T04:51:13.223963Z","level":"info","event":"\u001b[32m✅ 777985 байт","logger":"task.stdout"}
{"timestamp":"2026-06-11T04:51:13.323688Z","level":"info","event":"\u001b[32m   271 параграфов, 17073 символов","logger":"task.stdout"}
{"timestamp":"2026-06-11T04:51:13.325618Z","level":"info","event":"\u001b[36m💾 209_как_получать_отчеты_и_справки.json","logger":"task.stdout"}
{"timestamp":"2026-06-11T04:51:13.325755Z","level":"info","event":"\u001b[32m✅ Статья #209: Как получать отчеты и справки","logger":"task.stdout"}
{"timestamp":"2026-06-11T04:51:13.325817Z","level":"info","event":"","logger":"task.stdout"}
{"timestamp":"2026-06-11T04:51:13.325871Z","level":"info","event":"\u001b[36m        [Глубина 4/4] https://www.tbank.ru/invest/help/educate/broker-report/about/read-n-get/?card=q2","logger":"task.stdout"}
{"timestamp":"2026-06-11T04:51:14.330711Z","level":"info","event":"\u001b[33m⬇️  https://www.tbank.ru/invest/help/educate/broker-report/about/read-n-get/?card=q2","logger":"task.stdout"}
{"timestamp":"2026-06-11T04:51:15.083680Z","level":"info","event":"\u001b[32m✅ 1139682 байт","logger":"task.stdout"}
{"timestamp":"2026-06-11T04:51:15.151853Z","level":"info","event":"\u001b[32m   398 параграфов, 29061 символов","logger":"task.stdout"}
{"timestamp":"2026-06-11T04:51:15.154061Z","level":"info","event":"\u001b[36m💾 210_как_читать_брокерский_отчет_от_т_инвестиций.json","logger":"task.stdout"}
{"timestamp":"2026-06-11T04:51:15.154302Z","level":"info","event":"\u001b[32m✅ Статья #210: Как читать брокерский отчет от Т⁠-⁠Инвестиций","logger":"task.stdout"}
{"timestamp":"2026-06-11T04:51:15.314373Z","level":"info","event":"","logger":"task.stdout"}
{"timestamp":"2026-06-11T04:51:15.314569Z","level":"info","event":"\u001b[33m💾 Checkpoint: 210 статей (32.0/мин)","logger":"task.stdout"}
{"timestamp":"2026-06-11T04:51:15.314646Z","level":"info","event":"","logger":"task.stdout"}
{"timestamp":"2026-06-11T04:51:15.314701Z","level":"info","event":"","logger":"task.stdout"}
{"timestamp":"2026-06-11T04:51:15.314752Z","level":"info","event":"\u001b[36m        [Глубина 4/4] https://www.tbank.ru/invest/help/educate/broker-report/about/read-n-get/","logger":"task.stdout"}
{"timestamp":"2026-06-11T04:51:16.321526Z","level":"info","event":"\u001b[33m⬇️  https://www.tbank.ru/invest/help/educate/broker-report/about/read-n-get/","logger":"task.stdout"}
{"timestamp":"2026-06-11T04:51:17.446742Z","level":"info","event":"\u001b[32m✅ 1139536 байт","logger":"task.stdout"}
{"timestamp":"2026-06-11T04:51:17.533182Z","level":"info","event":"\u001b[32m   398 параграфов, 29061 символов","logger":"task.stdout"}
{"timestamp":"2026-06-11T04:51:17.535620Z","level":"info","event":"\u001b[36m💾 211_как_читать_брокерский_отчет_от_т_инвестиций.json","logger":"task.stdout"}
{"timestamp":"2026-06-11T04:51:17.535741Z","level":"info","event":"\u001b[32m✅ Статья #211: Как читать брокерский отчет от Т⁠-⁠Инвестиций","logger":"task.stdout"}
{"timestamp":"2026-06-11T04:51:17.535838Z","level":"info","event":"","logger":"task.stdout"}
{"timestamp":"2026-06-11T04:51:17.535895Z","level":"info","event":"\u001b[36m        [Глубина 4/4] https://www.tbank.ru/invest/help/educate/broker-report/about/get-report/?card=q1","logger":"task.stdout"}
{"timestamp":"2026-06-11T04:51:18.539157Z","level":"info","event":"\u001b[33m⬇️  https://www.tbank.ru/invest/help/educate/broker-report/about/get-report/?card=q1","logger":"task.stdout"}
{"timestamp":"2026-06-11T04:51:19.191344Z","level":"info","event":"\u001b[32m✅ 777892 байт","logger":"task.stdout"}
{"timestamp":"2026-06-11T04:51:19.333782Z","level":"info","event":"\u001b[32m   271 параграфов, 17073 символов","logger":"task.stdout"}
{"timestamp":"2026-06-11T04:51:19.341430Z","level":"info","event":"\u001b[36m💾 212_как_получать_отчеты_и_справки.json","logger":"task.stdout"}
{"timestamp":"2026-06-11T04:51:19.342241Z","level":"info","event":"\u001b[32m✅ Статья #212: Как получать отчеты и справки","logger":"task.stdout"}
{"timestamp":"2026-06-11T04:51:19.342903Z","level":"info","event":"","logger":"task.stdout"}
{"timestamp":"2026-06-11T04:51:19.343334Z","level":"info","event":"\u001b[36m        [Глубина 4/4] https://www.tbank.ru/invest/help/educate/broker-report/about/tax-report/?card=q2","logger":"task.stdout"}
{"timestamp":"2026-06-11T04:51:20.348246Z","level":"info","event":"\u001b[33m⬇️  https://www.tbank.ru/invest/help/educate/broker-report/about/tax-report/?card=q2","logger":"task.stdout"}
{"timestamp":"2026-06-11T04:51:21.144805Z","level":"info","event":"\u001b[32m✅ 1023008 байт","logger":"task.stdout"}
{"timestamp":"2026-06-11T04:51:21.224093Z","level":"info","event":"\u001b[32m   333 параграфов, 28163 символов","logger":"task.stdout"}
{"timestamp":"2026-06-11T04:51:21.226523Z","level":"info","event":"\u001b[36m💾 213_как_читать_налоговый_отчет_от_т_инвестиций.json","logger":"task.stdout"}
{"timestamp":"2026-06-11T04:51:21.226616Z","level":"info","event":"\u001b[32m✅ Статья #213: Как читать налоговый отчет от Т⁠-⁠Инвестиций","logger":"task.stdout"}
{"timestamp":"2026-06-11T04:51:21.226683Z","level":"info","event":"","logger":"task.stdout"}
{"timestamp":"2026-06-11T04:51:21.226753Z","level":"info","event":"\u001b[36m        [Глубина 4/4] https://www.tbank.ru/invest/help/educate/broker-report/about/get-report/?card=q6","logger":"task.stdout"}
{"timestamp":"2026-06-11T04:51:22.229949Z","level":"info","event":"\u001b[33m⬇️  https://www.tbank.ru/invest/help/educate/broker-report/about/get-report/?card=q6","logger":"task.stdout"}
{"timestamp":"2026-06-11T04:51:22.451632Z","level":"info","event":"\u001b[32m✅ 778560 байт","logger":"task.stdout"}
{"timestamp":"2026-06-11T04:51:22.518093Z","level":"info","event":"\u001b[32m   271 параграфов, 17073 символов","logger":"task.stdout"}
{"timestamp":"2026-06-11T04:51:22.519692Z","level":"info","event":"\u001b[36m💾 214_как_получать_отчеты_и_справки.json","logger":"task.stdout"}
{"timestamp":"2026-06-11T04:51:22.519872Z","level":"info","event":"\u001b[32m✅ Статья #214: Как получать отчеты и справки","logger":"task.stdout"}
{"timestamp":"2026-06-11T04:51:22.519978Z","level":"info","event":"","logger":"task.stdout"}
{"timestamp":"2026-06-11T04:51:22.520041Z","level":"info","event":"\u001b[36m        [Глубина 4/4] https://www.tbank.ru/invest/help/educate/broker-report/about/get-report/?card=q7","logger":"task.stdout"}
{"timestamp":"2026-06-11T04:51:23.525798Z","level":"info","event":"\u001b[33m⬇️  https://www.tbank.ru/invest/help/educate/broker-report/about/get-report/?card=q7","logger":"task.stdout"}
{"timestamp":"2026-06-11T04:51:24.124551Z","level":"info","event":"\u001b[32m✅ 778364 байт","logger":"task.stdout"}
{"timestamp":"2026-06-11T04:51:24.219406Z","level":"info","event":"\u001b[32m   271 параграфов, 17073 символов","logger":"task.stdout"}
{"timestamp":"2026-06-11T04:51:24.221266Z","level":"info","event":"\u001b[36m💾 215_как_получать_отчеты_и_справки.json","logger":"task.stdout"}
{"timestamp":"2026-06-11T04:51:24.221387Z","level":"info","event":"\u001b[32m✅ Статья #215: Как получать отчеты и справки","logger":"task.stdout"}
{"timestamp":"2026-06-11T04:51:24.221481Z","level":"info","event":"","logger":"task.stdout"}
{"timestamp":"2026-06-11T04:51:24.221589Z","level":"info","event":"\u001b[36m        [Глубина 4/4] https://www.tbank.ru/invest/help/educate/broker-report/about/how-to-get/?card=q1","logger":"task.stdout"}
{"timestamp":"2026-06-11T04:51:25.222331Z","level":"info","event":"\u001b[33m⬇️  https://www.tbank.ru/invest/help/educate/broker-report/about/how-to-get/?card=q1","logger":"task.stdout"}
{"timestamp":"2026-06-11T04:51:26.058758Z","level":"info","event":"\u001b[32m✅ 670649 байт","logger":"task.stdout"}
{"timestamp":"2026-06-11T04:51:26.516914Z","level":"info","event":"\u001b[32m   221 параграфов, 11104 символов","logger":"task.stdout"}
{"timestamp":"2026-06-11T04:51:26.520810Z","level":"info","event":"\u001b[36m💾 216_как_скачать_документы_для_подачи_в_налоговые_органы_и_не_только.json","logger":"task.stdout"}
{"timestamp":"2026-06-11T04:51:26.521289Z","level":"info","event":"\u001b[32m✅ Статья #216: Как скачать документы для подачи в налоговые орган","logger":"task.stdout"}
{"timestamp":"2026-06-11T04:51:26.521901Z","level":"info","event":"","logger":"task.stdout"}
{"timestamp":"2026-06-11T04:51:26.522249Z","level":"info","event":"\u001b[36m        [Глубина 4/4] https://www.tbank.ru/invest/help/educate/broker-report/about/tax-report/?card=q5","logger":"task.stdout"}
{"timestamp":"2026-06-11T04:51:27.525390Z","level":"info","event":"\u001b[33m⬇️  https://www.tbank.ru/invest/help/educate/broker-report/about/tax-report/?card=q5","logger":"task.stdout"}
{"timestamp":"2026-06-11T04:51:28.292964Z","level":"info","event":"\u001b[32m✅ 1022325 байт","logger":"task.stdout"}
{"timestamp":"2026-06-11T04:51:28.508137Z","level":"info","event":"\u001b[32m   333 параграфов, 28163 символов","logger":"task.stdout"}
{"timestamp":"2026-06-11T04:51:28.525864Z","level":"info","event":"\u001b[36m💾 217_как_читать_налоговый_отчет_от_т_инвестиций.json","logger":"task.stdout"}
{"timestamp":"2026-06-11T04:51:28.527429Z","level":"info","event":"\u001b[32m✅ Статья #217: Как читать налоговый отчет от Т⁠-⁠Инвестиций","logger":"task.stdout"}
{"timestamp":"2026-06-11T04:51:28.528749Z","level":"info","event":"","logger":"task.stdout"}
{"timestamp":"2026-06-11T04:51:28.529158Z","level":"info","event":"\u001b[36m        [Глубина 4/4] https://www.tbank.ru/invest/help/educate/broker-report/about/read-n-get/?card=q5","logger":"task.stdout"}
{"timestamp":"2026-06-11T04:51:29.539307Z","level":"info","event":"\u001b[33m⬇️  https://www.tbank.ru/invest/help/educate/broker-report/about/read-n-get/?card=q5","logger":"task.stdout"}
{"timestamp":"2026-06-11T04:51:30.553046Z","level":"info","event":"\u001b[32m✅ 1139874 байт","logger":"task.stdout"}
{"timestamp":"2026-06-11T04:51:30.657069Z","level":"info","event":"\u001b[32m   398 параграфов, 29061 символов","logger":"task.stdout"}
{"timestamp":"2026-06-11T04:51:30.659930Z","level":"info","event":"\u001b[36m💾 218_как_читать_брокерский_отчет_от_т_инвестиций.json","logger":"task.stdout"}
{"timestamp":"2026-06-11T04:51:30.660258Z","level":"info","event":"\u001b[32m✅ Статья #218: Как читать брокерский отчет от Т⁠-⁠Инвестиций","logger":"task.stdout"}
{"timestamp":"2026-06-11T04:51:30.660390Z","level":"info","event":"","logger":"task.stdout"}
{"timestamp":"2026-06-11T04:51:30.660471Z","level":"info","event":"\u001b[36m        [Глубина 4/4] https://www.tbank.ru/invest/help/educate/broker-report/about/read-n-get/?card=q1","logger":"task.stdout"}
{"timestamp":"2026-06-11T04:51:31.665915Z","level":"info","event":"\u001b[33m⬇️  https://www.tbank.ru/invest/help/educate/broker-report/about/read-n-get/?card=q1","logger":"task.stdout"}
{"timestamp":"2026-06-11T04:51:32.705535Z","level":"info","event":"\u001b[32m✅ 1139767 байт","logger":"task.stdout"}
{"timestamp":"2026-06-11T04:51:32.839226Z","level":"info","event":"\u001b[32m   398 параграфов, 29061 символов","logger":"task.stdout"}
{"timestamp":"2026-06-11T04:51:32.854498Z","level":"info","event":"\u001b[36m💾 219_как_читать_брокерский_отчет_от_т_инвестиций.json","logger":"task.stdout"}
{"timestamp":"2026-06-11T04:51:32.854806Z","level":"info","event":"\u001b[32m✅ Статья #219: Как читать брокерский отчет от Т⁠-⁠Инвестиций","logger":"task.stdout"}
{"timestamp":"2026-06-11T04:51:32.855095Z","level":"info","event":"","logger":"task.stdout"}
{"timestamp":"2026-06-11T04:51:32.856832Z","level":"info","event":"\u001b[36m        [Глубина 4/4] https://www.tbank.ru/invest/help/educate/broker-report/about/how-to-get/?card=q3","logger":"task.stdout"}
{"timestamp":"2026-06-11T04:51:33.852080Z","level":"info","event":"\u001b[33m⬇️  https://www.tbank.ru/invest/help/educate/broker-report/about/how-to-get/?card=q3","logger":"task.stdout"}
{"timestamp":"2026-06-11T04:51:34.641505Z","level":"info","event":"\u001b[32m✅ 670927 байт","logger":"task.stdout"}
{"timestamp":"2026-06-11T04:51:34.757025Z","level":"info","event":"\u001b[32m   221 параграфов, 11104 символов","logger":"task.stdout"}
{"timestamp":"2026-06-11T04:51:34.758365Z","level":"info","event":"\u001b[36m💾 220_как_скачать_документы_для_подачи_в_налоговые_органы_и_не_только.json","logger":"task.stdout"}
{"timestamp":"2026-06-11T04:51:34.758465Z","level":"info","event":"\u001b[32m✅ Статья #220: Как скачать документы для подачи в налоговые орган","logger":"task.stdout"}
{"timestamp":"2026-06-11T04:51:34.910176Z","level":"info","event":"","logger":"task.stdout"}
{"timestamp":"2026-06-11T04:51:34.910359Z","level":"info","event":"\u001b[33m💾 Checkpoint: 220 статей (32.0/мин)","logger":"task.stdout"}
{"timestamp":"2026-06-11T04:51:34.910503Z","level":"info","event":"","logger":"task.stdout"}
{"timestamp":"2026-06-11T04:51:34.910562Z","level":"info","event":"","logger":"task.stdout"}
{"timestamp":"2026-06-11T04:51:34.910608Z","level":"info","event":"\u001b[36m        [Глубина 4/4] https://www.tbank.ru/invest/help/educate/broker-report/about/read-n-get/?card=q6","logger":"task.stdout"}
{"timestamp":"2026-06-11T04:51:35.915310Z","level":"info","event":"\u001b[33m⬇️  https://www.tbank.ru/invest/help/educate/broker-report/about/read-n-get/?card=q6","logger":"task.stdout"}
{"timestamp":"2026-06-11T04:51:37.007315Z","level":"info","event":"\u001b[32m✅ 1139794 байт","logger":"task.stdout"}
{"timestamp":"2026-06-11T04:51:37.093865Z","level":"info","event":"\u001b[32m   398 параграфов, 29061 символов","logger":"task.stdout"}
{"timestamp":"2026-06-11T04:51:37.096026Z","level":"info","event":"\u001b[36m💾 221_как_читать_брокерский_отчет_от_т_инвестиций.json","logger":"task.stdout"}
{"timestamp":"2026-06-11T04:51:37.096104Z","level":"info","event":"\u001b[32m✅ Статья #221: Как читать брокерский отчет от Т⁠-⁠Инвестиций","logger":"task.stdout"}
{"timestamp":"2026-06-11T04:51:37.096203Z","level":"info","event":"","logger":"task.stdout"}
{"timestamp":"2026-06-11T04:51:37.096269Z","level":"info","event":"\u001b[36m        [Глубина 4/4] https://www.tbank.ru/invest/help/educate/broker-report/about/how-to-get/?card=q2","logger":"task.stdout"}
{"timestamp":"2026-06-11T04:51:38.099613Z","level":"info","event":"\u001b[33m⬇️  https://www.tbank.ru/invest/help/educate/broker-report/about/how-to-get/?card=q2","logger":"task.stdout"}
{"timestamp":"2026-06-11T04:51:38.854360Z","level":"info","event":"\u001b[32m✅ 670612 байт","logger":"task.stdout"}
{"timestamp":"2026-06-11T04:51:38.911032Z","level":"info","event":"\u001b[32m   221 параграфов, 11104 символов","logger":"task.stdout"}
{"timestamp":"2026-06-11T04:51:38.912728Z","level":"info","event":"\u001b[36m💾 222_как_скачать_документы_для_подачи_в_налоговые_органы_и_не_только.json","logger":"task.stdout"}
{"timestamp":"2026-06-11T04:51:38.912852Z","level":"info","event":"\u001b[32m✅ Статья #222: Как скачать документы для подачи в налоговые орган","logger":"task.stdout"}
{"timestamp":"2026-06-11T04:51:38.912952Z","level":"info","event":"","logger":"task.stdout"}
{"timestamp":"2026-06-11T04:51:38.913054Z","level":"info","event":"\u001b[36m        [Глубина 4/4] https://www.tbank.ru/invest/help/educate/broker-report/about/tax-report/","logger":"task.stdout"}
{"timestamp":"2026-06-11T04:51:39.918798Z","level":"info","event":"\u001b[33m⬇️  https://www.tbank.ru/invest/help/educate/broker-report/about/tax-report/","logger":"task.stdout"}
{"timestamp":"2026-06-11T04:51:40.995986Z","level":"info","event":"\u001b[32m✅ 1022120 байт","logger":"task.stdout"}
{"timestamp":"2026-06-11T04:51:41.072452Z","level":"info","event":"\u001b[32m   333 параграфов, 28163 символов","logger":"task.stdout"}
{"timestamp":"2026-06-11T04:51:41.074742Z","level":"info","event":"\u001b[36m💾 223_как_читать_налоговый_отчет_от_т_инвестиций.json","logger":"task.stdout"}
{"timestamp":"2026-06-11T04:51:41.074829Z","level":"info","event":"\u001b[32m✅ Статья #223: Как читать налоговый отчет от Т⁠-⁠Инвестиций","logger":"task.stdout"}
{"timestamp":"2026-06-11T04:51:41.074900Z","level":"info","event":"","logger":"task.stdout"}
{"timestamp":"2026-06-11T04:51:41.074955Z","level":"info","event":"\u001b[36m        [Глубина 4/4] https://www.tbank.ru/invest/help/educate/broker-report/about/read-n-get/?card=q4","logger":"task.stdout"}
{"timestamp":"2026-06-11T04:51:42.079658Z","level":"info","event":"\u001b[33m⬇️  https://www.tbank.ru/invest/help/educate/broker-report/about/read-n-get/?card=q4","logger":"task.stdout"}
{"timestamp":"2026-06-11T04:51:42.838596Z","level":"info","event":"\u001b[32m✅ 1139850 байт","logger":"task.stdout"}
{"timestamp":"2026-06-11T04:51:42.920916Z","level":"info","event":"\u001b[32m   398 параграфов, 29061 символов","logger":"task.stdout"}
{"timestamp":"2026-06-11T04:51:42.924550Z","level":"info","event":"\u001b[36m💾 224_как_читать_брокерский_отчет_от_т_инвестиций.json","logger":"task.stdout"}
{"timestamp":"2026-06-11T04:51:42.924772Z","level":"info","event":"\u001b[32m✅ Статья #224: Как читать брокерский отчет от Т⁠-⁠Инвестиций","logger":"task.stdout"}
{"timestamp":"2026-06-11T04:51:42.924918Z","level":"info","event":"","logger":"task.stdout"}
{"timestamp":"2026-06-11T04:51:42.925030Z","level":"info","event":"\u001b[36m        [Глубина 4/4] https://www.tbank.ru/invest/help/educate/broker-report/about/tax-report/?card=q4","logger":"task.stdout"}
{"timestamp":"2026-06-11T04:51:43.935451Z","level":"info","event":"\u001b[33m⬇️  https://www.tbank.ru/invest/help/educate/broker-report/about/tax-report/?card=q4","logger":"task.stdout"}
{"timestamp":"2026-06-11T04:51:44.999166Z","level":"info","event":"\u001b[32m✅ 1022573 байт","logger":"task.stdout"}
{"timestamp":"2026-06-11T04:51:45.218065Z","level":"info","event":"\u001b[32m   333 параграфов, 28163 символов","logger":"task.stdout"}
{"timestamp":"2026-06-11T04:51:45.225889Z","level":"info","event":"\u001b[36m💾 225_как_читать_налоговый_отчет_от_т_инвестиций.json","logger":"task.stdout"}
{"timestamp":"2026-06-11T04:51:45.226260Z","level":"info","event":"\u001b[32m✅ Статья #225: Как читать налоговый отчет от Т⁠-⁠Инвестиций","logger":"task.stdout"}
{"timestamp":"2026-06-11T04:51:45.226576Z","level":"info","event":"","logger":"task.stdout"}
{"timestamp":"2026-06-11T04:51:45.226961Z","level":"info","event":"\u001b[36m        [Глубина 4/4] https://www.tbank.ru/invest/help/educate/broker-report/about/tax-report/?card=q3","logger":"task.stdout"}
{"timestamp":"2026-06-11T04:51:46.234952Z","level":"info","event":"\u001b[33m⬇️  https://www.tbank.ru/invest/help/educate/broker-report/about/tax-report/?card=q3","logger":"task.stdout"}
{"timestamp":"2026-06-11T04:51:46.905440Z","level":"info","event":"\u001b[32m✅ 1022987 байт","logger":"task.stdout"}
{"timestamp":"2026-06-11T04:51:46.995767Z","level":"info","event":"\u001b[32m   333 параграфов, 28163 символов","logger":"task.stdout"}
{"timestamp":"2026-06-11T04:51:46.999054Z","level":"info","event":"\u001b[36m💾 226_как_читать_налоговый_отчет_от_т_инвестиций.json","logger":"task.stdout"}
{"timestamp":"2026-06-11T04:51:46.999244Z","level":"info","event":"\u001b[32m✅ Статья #226: Как читать налоговый отчет от Т⁠-⁠Инвестиций","logger":"task.stdout"}
{"timestamp":"2026-06-11T04:51:46.999394Z","level":"info","event":"","logger":"task.stdout"}
{"timestamp":"2026-06-11T04:51:46.999508Z","level":"info","event":"\u001b[36m        [Глубина 4/4] https://www.tbank.ru/invest/help/educate/broker-report/about/get-report/?card=q5","logger":"task.stdout"}
{"timestamp":"2026-06-11T04:51:48.001794Z","level":"info","event":"\u001b[33m⬇️  https://www.tbank.ru/invest/help/educate/broker-report/about/get-report/?card=q5","logger":"task.stdout"}
{"timestamp":"2026-06-11T04:51:48.986304Z","level":"info","event":"\u001b[32m✅ 777823 байт","logger":"task.stdout"}
{"timestamp":"2026-06-11T04:51:49.068195Z","level":"info","event":"\u001b[32m   271 параграфов, 17073 символов","logger":"task.stdout"}
{"timestamp":"2026-06-11T04:51:49.070193Z","level":"info","event":"\u001b[36m💾 227_как_получать_отчеты_и_справки.json","logger":"task.stdout"}
{"timestamp":"2026-06-11T04:51:49.070346Z","level":"info","event":"\u001b[32m✅ Статья #227: Как получать отчеты и справки","logger":"task.stdout"}
{"timestamp":"2026-06-11T04:51:49.070465Z","level":"info","event":"","logger":"task.stdout"}
{"timestamp":"2026-06-11T04:51:49.070543Z","level":"info","event":"\u001b[36m        [Глубина 4/4] https://www.tbank.ru/invest/help/educate/broker-report/about/read-n-get/?card=q8","logger":"task.stdout"}
{"timestamp":"2026-06-11T04:51:50.083752Z","level":"info","event":"\u001b[33m⬇️  https://www.tbank.ru/invest/help/educate/broker-report/about/read-n-get/?card=q8","logger":"task.stdout"}
{"timestamp":"2026-06-11T04:51:51.166065Z","level":"info","event":"\u001b[32m✅ 1139613 байт","logger":"task.stdout"}
{"timestamp":"2026-06-11T04:51:51.251263Z","level":"info","event":"\u001b[32m   398 параграфов, 29061 символов","logger":"task.stdout"}
{"timestamp":"2026-06-11T04:51:51.257925Z","level":"info","event":"\u001b[36m💾 228_как_читать_брокерский_отчет_от_т_инвестиций.json","logger":"task.stdout"}
{"timestamp":"2026-06-11T04:51:51.258841Z","level":"info","event":"\u001b[32m✅ Статья #228: Как читать брокерский отчет от Т⁠-⁠Инвестиций","logger":"task.stdout"}
{"timestamp":"2026-06-11T04:51:51.258966Z","level":"info","event":"","logger":"task.stdout"}
{"timestamp":"2026-06-11T04:51:51.259313Z","level":"info","event":"\u001b[36m        [Глубина 4/4] https://www.tbank.ru/invest/help/educate/broker-report/about/get-report/?card=q4","logger":"task.stdout"}
{"timestamp":"2026-06-11T04:51:52.264681Z","level":"info","event":"\u001b[33m⬇️  https://www.tbank.ru/invest/help/educate/broker-report/about/get-report/?card=q4","logger":"task.stdout"}
{"timestamp":"2026-06-11T04:51:53.121279Z","level":"info","event":"\u001b[32m✅ 777910 байт","logger":"task.stdout"}
{"timestamp":"2026-06-11T04:51:53.183321Z","level":"info","event":"\u001b[32m   271 параграфов, 17073 символов","logger":"task.stdout"}
{"timestamp":"2026-06-11T04:51:53.185166Z","level":"info","event":"\u001b[36m💾 229_как_получать_отчеты_и_справки.json","logger":"task.stdout"}
{"timestamp":"2026-06-11T04:51:53.185389Z","level":"info","event":"\u001b[32m✅ Статья #229: Как получать отчеты и справки","logger":"task.stdout"}
{"timestamp":"2026-06-11T04:51:53.185583Z","level":"info","event":"","logger":"task.stdout"}
{"timestamp":"2026-06-11T04:51:53.185730Z","level":"info","event":"\u001b[36m        [Глубина 4/4] https://www.tbank.ru/invest/help/educate/broker-report/about/read-n-get/?card=q9","logger":"task.stdout"}
{"timestamp":"2026-06-11T04:51:54.187398Z","level":"info","event":"\u001b[33m⬇️  https://www.tbank.ru/invest/help/educate/broker-report/about/read-n-get/?card=q9","logger":"task.stdout"}
{"timestamp":"2026-06-11T04:51:55.232160Z","level":"info","event":"\u001b[32m✅ 1140146 байт","logger":"task.stdout"}
{"timestamp":"2026-06-11T04:51:55.344764Z","level":"info","event":"\u001b[32m   398 параграфов, 29061 символов","logger":"task.stdout"}
{"timestamp":"2026-06-11T04:51:55.351088Z","level":"info","event":"\u001b[36m💾 230_как_читать_брокерский_отчет_от_т_инвестиций.json","logger":"task.stdout"}
{"timestamp":"2026-06-11T04:51:55.351664Z","level":"info","event":"\u001b[32m✅ Статья #230: Как читать брокерский отчет от Т⁠-⁠Инвестиций","logger":"task.stdout"}
{"timestamp":"2026-06-11T04:51:55.574580Z","level":"info","event":"","logger":"task.stdout"}
{"timestamp":"2026-06-11T04:51:55.575206Z","level":"info","event":"\u001b[33m💾 Checkpoint: 230 статей (31.8/мин)","logger":"task.stdout"}
{"timestamp":"2026-06-11T04:51:55.575292Z","level":"info","event":"","logger":"task.stdout"}
{"timestamp":"2026-06-11T04:51:55.575344Z","level":"info","event":"","logger":"task.stdout"}
{"timestamp":"2026-06-11T04:51:55.575403Z","level":"info","event":"\u001b[36m        [Глубина 4/4] https://www.tbank.ru/invest/help/educate/broker-report/about/tax-report/?card=q1","logger":"task.stdout"}
{"timestamp":"2026-06-11T04:51:56.577240Z","level":"info","event":"\u001b[33m⬇️  https://www.tbank.ru/invest/help/educate/broker-report/about/tax-report/?card=q1","logger":"task.stdout"}
{"timestamp":"2026-06-11T04:51:57.571163Z","level":"info","event":"\u001b[32m✅ 1022618 байт","logger":"task.stdout"}
{"timestamp":"2026-06-11T04:51:57.660862Z","level":"info","event":"\u001b[32m   333 параграфов, 28163 символов","logger":"task.stdout"}
{"timestamp":"2026-06-11T04:51:57.663544Z","level":"info","event":"\u001b[36m💾 231_как_читать_налоговый_отчет_от_т_инвестиций.json","logger":"task.stdout"}
{"timestamp":"2026-06-11T04:51:57.663679Z","level":"info","event":"\u001b[32m✅ Статья #231: Как читать налоговый отчет от Т⁠-⁠Инвестиций","logger":"task.stdout"}
{"timestamp":"2026-06-11T04:51:57.663774Z","level":"info","event":"","logger":"task.stdout"}
{"timestamp":"2026-06-11T04:51:57.663853Z","level":"info","event":"\u001b[36m        [Глубина 4/4] https://www.tbank.ru/invest/help/educate/broker-report/about/tax-report/?card=q6","logger":"task.stdout"}
{"timestamp":"2026-06-11T04:51:58.673159Z","level":"info","event":"\u001b[33m⬇️  https://www.tbank.ru/invest/help/educate/broker-report/about/tax-report/?card=q6","logger":"task.stdout"}
{"timestamp":"2026-06-11T04:51:59.730127Z","level":"info","event":"\u001b[32m✅ 1022704 байт","logger":"task.stdout"}
{"timestamp":"2026-06-11T04:51:59.787167Z","level":"info","event":"\u001b[32m   333 параграфов, 28163 символов","logger":"task.stdout"}
{"timestamp":"2026-06-11T04:51:59.789384Z","level":"info","event":"\u001b[36m💾 232_как_читать_налоговый_отчет_от_т_инвестиций.json","logger":"task.stdout"}
{"timestamp":"2026-06-11T04:51:59.789483Z","level":"info","event":"\u001b[32m✅ Статья #232: Как читать налоговый отчет от Т⁠-⁠Инвестиций","logger":"task.stdout"}
{"timestamp":"2026-06-11T04:51:59.789561Z","level":"info","event":"","logger":"task.stdout"}
{"timestamp":"2026-06-11T04:51:59.789633Z","level":"info","event":"\u001b[36m        [Глубина 4/4] https://www.tbank.ru/invest/help/educate/broker-report/about/get-report/?card=q9","logger":"task.stdout"}
{"timestamp":"2026-06-11T04:52:00.792795Z","level":"info","event":"\u001b[33m⬇️  https://www.tbank.ru/invest/help/educate/broker-report/about/get-report/?card=q9","logger":"task.stdout"}
{"timestamp":"2026-06-11T04:52:01.710629Z","level":"info","event":"\u001b[32m✅ 777955 байт","logger":"task.stdout"}
{"timestamp":"2026-06-11T04:52:01.802018Z","level":"info","event":"\u001b[32m   271 параграфов, 17073 символов","logger":"task.stdout"}
{"timestamp":"2026-06-11T04:52:01.803581Z","level":"info","event":"\u001b[36m💾 233_как_получать_отчеты_и_справки.json","logger":"task.stdout"}
{"timestamp":"2026-06-11T04:52:01.803696Z","level":"info","event":"\u001b[32m✅ Статья #233: Как получать отчеты и справки","logger":"task.stdout"}
{"timestamp":"2026-06-11T04:52:01.803800Z","level":"info","event":"","logger":"task.stdout"}
{"timestamp":"2026-06-11T04:52:01.803877Z","level":"info","event":"\u001b[36m        [Глубина 4/4] https://www.tbank.ru/invest/help/educate/broker-report/about/how-to-get/","logger":"task.stdout"}
{"timestamp":"2026-06-11T04:52:02.809452Z","level":"info","event":"\u001b[33m⬇️  https://www.tbank.ru/invest/help/educate/broker-report/about/how-to-get/","logger":"task.stdout"}
{"timestamp":"2026-06-11T04:52:03.474569Z","level":"info","event":"\u001b[32m✅ 670667 байт","logger":"task.stdout"}
{"timestamp":"2026-06-11T04:52:03.585453Z","level":"info","event":"\u001b[32m   221 параграфов, 11104 символов","logger":"task.stdout"}
{"timestamp":"2026-06-11T04:52:03.589273Z","level":"info","event":"\u001b[36m💾 234_как_скачать_документы_для_подачи_в_налоговые_органы_и_не_только.json","logger":"task.stdout"}
{"timestamp":"2026-06-11T04:52:03.589403Z","level":"info","event":"\u001b[32m✅ Статья #234: Как скачать документы для подачи в налоговые орган","logger":"task.stdout"}
{"timestamp":"2026-06-11T04:52:03.589515Z","level":"info","event":"","logger":"task.stdout"}
{"timestamp":"2026-06-11T04:52:03.589600Z","level":"info","event":"\u001b[36m        [Глубина 4/4] https://www.tbank.ru/invest/help/educate/broker-report/about/get-report/","logger":"task.stdout"}
{"timestamp":"2026-06-11T04:52:04.597305Z","level":"info","event":"\u001b[33m⬇️  https://www.tbank.ru/invest/help/educate/broker-report/about/get-report/","logger":"task.stdout"}
{"timestamp":"2026-06-11T04:52:04.785399Z","level":"info","event":"\u001b[32m✅ 777627 байт","logger":"task.stdout"}
{"timestamp":"2026-06-11T04:52:04.832643Z","level":"info","event":"\u001b[32m   271 параграфов, 17073 символов","logger":"task.stdout"}
{"timestamp":"2026-06-11T04:52:04.834586Z","level":"info","event":"\u001b[36m💾 235_как_получать_отчеты_и_справки.json","logger":"task.stdout"}
{"timestamp":"2026-06-11T04:52:04.834685Z","level":"info","event":"\u001b[32m✅ Статья #235: Как получать отчеты и справки","logger":"task.stdout"}
{"timestamp":"2026-06-11T04:52:04.834763Z","level":"info","event":"","logger":"task.stdout"}
{"timestamp":"2026-06-11T04:52:04.834816Z","level":"info","event":"\u001b[36m        [Глубина 4/4] https://www.tbank.ru/invest/help/educate/broker-report/about/get-report/?card=q2","logger":"task.stdout"}
{"timestamp":"2026-06-11T04:52:05.835316Z","level":"info","event":"\u001b[33m⬇️  https://www.tbank.ru/invest/help/educate/broker-report/about/get-report/?card=q2","logger":"task.stdout"}
{"timestamp":"2026-06-11T04:52:06.529255Z","level":"info","event":"\u001b[32m✅ 778223 байт","logger":"task.stdout"}
{"timestamp":"2026-06-11T04:52:06.675674Z","level":"info","event":"\u001b[32m   271 параграфов, 17073 символов","logger":"task.stdout"}
{"timestamp":"2026-06-11T04:52:06.682050Z","level":"info","event":"\u001b[36m💾 236_как_получать_отчеты_и_справки.json","logger":"task.stdout"}
{"timestamp":"2026-06-11T04:52:06.682530Z","level":"info","event":"\u001b[32m✅ Статья #236: Как получать отчеты и справки","logger":"task.stdout"}
{"timestamp":"2026-06-11T04:52:06.683314Z","level":"info","event":"","logger":"task.stdout"}
{"timestamp":"2026-06-11T04:52:06.683722Z","level":"info","event":"\u001b[36m        [Глубина 4/4] https://www.tbank.ru/invest/help/educate/broker-report/about/get-report/?card=iis","logger":"task.stdout"}
{"timestamp":"2026-06-11T04:52:07.729823Z","level":"info","event":"\u001b[33m⬇️  https://www.tbank.ru/invest/help/educate/broker-report/about/get-report/?card=iis","logger":"task.stdout"}
{"timestamp":"2026-06-11T04:52:08.394798Z","level":"info","event":"\u001b[32m✅ 777719 байт","logger":"task.stdout"}
{"timestamp":"2026-06-11T04:52:08.483677Z","level":"info","event":"\u001b[32m   271 параграфов, 17073 символов","logger":"task.stdout"}
{"timestamp":"2026-06-11T04:52:08.490907Z","level":"info","event":"\u001b[36m💾 237_как_получать_отчеты_и_справки.json","logger":"task.stdout"}
{"timestamp":"2026-06-11T04:52:08.491242Z","level":"info","event":"\u001b[32m✅ Статья #237: Как получать отчеты и справки","logger":"task.stdout"}
{"timestamp":"2026-06-11T04:52:08.491408Z","level":"info","event":"","logger":"task.stdout"}
{"timestamp":"2026-06-11T04:52:08.491532Z","level":"info","event":"\u001b[36m        [Глубина 4/4] https://www.tbank.ru/invest/help/educate/broker-report/about/read-n-get/?card=q3","logger":"task.stdout"}
{"timestamp":"2026-06-11T04:52:09.496972Z","level":"info","event":"\u001b[33m⬇️  https://www.tbank.ru/invest/help/educate/broker-report/about/read-n-get/?card=q3","logger":"task.stdout"}
{"timestamp":"2026-06-11T04:52:10.623065Z","level":"info","event":"\u001b[32m✅ 1139798 байт","logger":"task.stdout"}
{"timestamp":"2026-06-11T04:52:10.714884Z","level":"info","event":"\u001b[32m   398 параграфов, 29061 символов","logger":"task.stdout"}
{"timestamp":"2026-06-11T04:52:10.717306Z","level":"info","event":"\u001b[36m💾 238_как_читать_брокерский_отчет_от_т_инвестиций.json","logger":"task.stdout"}
{"timestamp":"2026-06-11T04:52:10.717442Z","level":"info","event":"\u001b[32m✅ Статья #238: Как читать брокерский отчет от Т⁠-⁠Инвестиций","logger":"task.stdout"}
{"timestamp":"2026-06-11T04:52:10.717611Z","level":"info","event":"","logger":"task.stdout"}
{"timestamp":"2026-06-11T04:52:10.717680Z","level":"info","event":"\u001b[36m        [Глубина 4/4] https://www.tbank.ru/invest/help/educate/broker-report/about/tax-report/?card=tax-benefit","logger":"task.stdout"}
{"timestamp":"2026-06-11T04:52:11.724702Z","level":"info","event":"\u001b[33m⬇️  https://www.tbank.ru/invest/help/educate/broker-report/about/tax-report/?card=tax-benefit","logger":"task.stdout"}
{"timestamp":"2026-06-11T04:52:12.506985Z","level":"info","event":"\u001b[32m✅ 1022521 байт","logger":"task.stdout"}
{"timestamp":"2026-06-11T04:52:12.583439Z","level":"info","event":"\u001b[32m   333 параграфов, 28163 символов","logger":"task.stdout"}
{"timestamp":"2026-06-11T04:52:12.585527Z","level":"info","event":"\u001b[36m💾 239_как_читать_налоговый_отчет_от_т_инвестиций.json","logger":"task.stdout"}
{"timestamp":"2026-06-11T04:52:12.585611Z","level":"info","event":"\u001b[32m✅ Статья #239: Как читать налоговый отчет от Т⁠-⁠Инвестиций","logger":"task.stdout"}
{"timestamp":"2026-06-11T04:52:12.585671Z","level":"info","event":"","logger":"task.stdout"}
{"timestamp":"2026-06-11T04:52:12.585740Z","level":"info","event":"\u001b[36m      [Глубина 3/4] https://www.tbank.ru/invest/help/brokerage/account/trade-on-bs/get-report/?card=q8","logger":"task.stdout"}
{"timestamp":"2026-06-11T04:52:13.592320Z","level":"info","event":"\u001b[33m⬇️  https://www.tbank.ru/invest/help/brokerage/account/trade-on-bs/get-report/?card=q8","logger":"task.stdout"}
{"timestamp":"2026-06-11T04:52:14.017132Z","level":"info","event":"\u001b[32m✅ 777801 байт","logger":"task.stdout"}
{"timestamp":"2026-06-11T04:52:14.113220Z","level":"info","event":"\u001b[32m   271 параграфов, 17073 символов","logger":"task.stdout"}
{"timestamp":"2026-06-11T04:52:14.116059Z","level":"info","event":"\u001b[36m💾 240_как_получать_отчеты_и_справки.json","logger":"task.stdout"}
{"timestamp":"2026-06-11T04:52:14.116505Z","level":"info","event":"\u001b[32m✅ Статья #240: Как получать отчеты и справки","logger":"task.stdout"}
{"timestamp":"2026-06-11T04:52:14.466351Z","level":"info","event":"","logger":"task.stdout"}
{"timestamp":"2026-06-11T04:52:14.468203Z","level":"info","event":"\u001b[33m💾 Checkpoint: 240 статей (31.8/мин)","logger":"task.stdout"}
{"timestamp":"2026-06-11T04:52:14.468480Z","level":"info","event":"","logger":"task.stdout"}
{"timestamp":"2026-06-11T04:52:14.470584Z","level":"error","event":"\r                                                          \u001b[A","logger":"task.stderr"}
{"timestamp":"2026-06-11T04:52:14.478996Z","level":"error","event":"\rФильтрация ссылок:   0%|          | 0/381 [00:00<?, ?it/s]\u001b[A","logger":"task.stderr"}
{"timestamp":"2026-06-11T04:52:14.479220Z","level":"info","event":"\u001b[32m   Новых ссылок: 1","logger":"task.stdout"}
{"timestamp":"2026-06-11T04:52:14.479296Z","level":"info","event":"","logger":"task.stdout"}
{"timestamp":"2026-06-11T04:52:14.479376Z","level":"info","event":"\u001b[36m        [Глубина 4/4] https://www.tbank.ru/invest/help/brokerage/account/trade-on-bs/get-report/?card=q5","logger":"task.stdout"}
{"timestamp":"2026-06-11T04:52:15.484966Z","level":"info","event":"\u001b[33m⬇️  https://www.tbank.ru/invest/help/brokerage/account/trade-on-bs/get-report/?card=q5","logger":"task.stdout"}
{"timestamp":"2026-06-11T04:52:15.964753Z","level":"info","event":"\u001b[32m✅ 778328 байт","logger":"task.stdout"}
{"timestamp":"2026-06-11T04:52:16.603079Z","level":"info","event":"\u001b[32m   271 параграфов, 17073 символов","logger":"task.stdout"}
{"timestamp":"2026-06-11T04:52:16.622619Z","level":"info","event":"\u001b[36m💾 241_как_получать_отчеты_и_справки.json","logger":"task.stdout"}
{"timestamp":"2026-06-11T04:52:16.623401Z","level":"info","event":"\u001b[32m✅ Статья #241: Как получать отчеты и справки","logger":"task.stdout"}
{"timestamp":"2026-06-11T04:52:16.624026Z","level":"info","event":"","logger":"task.stdout"}
{"timestamp":"2026-06-11T04:52:16.624477Z","level":"info","event":"\u001b[36m    [Глубина 2/4] https://www.tbank.ru/invest/help/educate/how-it-works/what-is-exchange/how-it-works/?card=q2","logger":"task.stdout"}
{"timestamp":"2026-06-11T04:52:17.636251Z","level":"info","event":"\u001b[33m⬇️  https://www.tbank.ru/invest/help/educate/how-it-works/what-is-exchange/how-it-works/?card=q2","logger":"task.stdout"}
{"timestamp":"2026-06-11T04:52:18.936386Z","level":"info","event":"\u001b[32m✅ 800201 байт","logger":"task.stdout"}
{"timestamp":"2026-06-11T04:52:19.128846Z","level":"info","event":"\u001b[32m   272 параграфов, 18868 символов","logger":"task.stdout"}
{"timestamp":"2026-06-11T04:52:19.148325Z","level":"info","event":"\u001b[36m💾 242_как_работает_фондовый_рынок.json","logger":"task.stdout"}
{"timestamp":"2026-06-11T04:52:19.149401Z","level":"info","event":"\u001b[32m✅ Статья #242: Как работает фондовый рынок","logger":"task.stdout"}
{"timestamp":"2026-06-11T04:52:19.155055Z","level":"error","event":"\r                                                          \u001b[A","logger":"task.stderr"}
{"timestamp":"2026-06-11T04:52:19.179006Z","level":"error","event":"\rФильтрация ссылок:   0%|          | 0/386 [00:00<?, ?it/s]\u001b[A","logger":"task.stderr"}
{"timestamp":"2026-06-11T04:52:19.179514Z","level":"info","event":"\u001b[32m   Новых ссылок: 2","logger":"task.stdout"}
{"timestamp":"2026-06-11T04:52:19.180571Z","level":"info","event":"","logger":"task.stdout"}
{"timestamp":"2026-06-11T04:52:19.181937Z","level":"info","event":"\u001b[36m      [Глубина 3/4] https://www.tbank.ru/invest/help/educate/how-it-works/what-is-exchange/how-it-works/?card=q3","logger":"task.stdout"}
{"timestamp":"2026-06-11T04:52:20.188885Z","level":"info","event":"\u001b[33m⬇️  https://www.tbank.ru/invest/help/educate/how-it-works/what-is-exchange/how-it-works/?card=q3","logger":"task.stdout"}
{"timestamp":"2026-06-11T04:52:20.998467Z","level":"info","event":"\u001b[32m✅ 800228 байт","logger":"task.stdout"}
{"timestamp":"2026-06-11T04:52:21.118036Z","level":"info","event":"\u001b[32m   272 параграфов, 18868 символов","logger":"task.stdout"}
{"timestamp":"2026-06-11T04:52:21.123572Z","level":"info","event":"\u001b[36m💾 243_как_работает_фондовый_рынок.json","logger":"task.stdout"}
{"timestamp":"2026-06-11T04:52:21.125519Z","level":"info","event":"\u001b[32m✅ Статья #243: Как работает фондовый рынок","logger":"task.stdout"}
{"timestamp":"2026-06-11T04:52:21.126092Z","level":"error","event":"\r                                                          \u001b[A","logger":"task.stderr"}
{"timestamp":"2026-06-11T04:52:21.134619Z","level":"error","event":"\rФильтрация ссылок:   0%|          | 0/386 [00:00<?, ?it/s]\u001b[A","logger":"task.stderr"}
{"timestamp":"2026-06-11T04:52:21.135745Z","level":"info","event":"\u001b[32m   Новых ссылок: 1","logger":"task.stdout"}
{"timestamp":"2026-06-11T04:52:21.136758Z","level":"info","event":"","logger":"task.stdout"}
{"timestamp":"2026-06-11T04:52:21.137658Z","level":"info","event":"\u001b[36m        [Глубина 4/4] https://www.tbank.ru/invest/help/educate/how-it-works/what-is-exchange/how-it-works/?card=q4","logger":"task.stdout"}
{"timestamp":"2026-06-11T04:52:22.146185Z","level":"info","event":"\u001b[33m⬇️  https://www.tbank.ru/invest/help/educate/how-it-works/what-is-exchange/how-it-works/?card=q4","logger":"task.stdout"}
{"timestamp":"2026-06-11T04:52:22.453227Z","level":"info","event":"\u001b[32m✅ 800352 байт","logger":"task.stdout"}
{"timestamp":"2026-06-11T04:52:22.571525Z","level":"info","event":"\u001b[32m   272 параграфов, 18868 символов","logger":"task.stdout"}
{"timestamp":"2026-06-11T04:52:22.581958Z","level":"info","event":"\u001b[36m💾 244_как_работает_фондовый_рынок.json","logger":"task.stdout"}
{"timestamp":"2026-06-11T04:52:22.582409Z","level":"info","event":"\u001b[32m✅ Статья #244: Как работает фондовый рынок","logger":"task.stdout"}
{"timestamp":"2026-06-11T04:52:22.582693Z","level":"info","event":"","logger":"task.stdout"}
{"timestamp":"2026-06-11T04:52:22.583068Z","level":"info","event":"\u001b[36m  [Глубина 1/4] https://www.tbank.ru/invest/help/educate/how-it-works/what-is-exchange/type-of-securities/?card=q1","logger":"task.stdout"}
{"timestamp":"2026-06-11T04:52:23.594759Z","level":"info","event":"\u001b[33m⬇️  https://www.tbank.ru/invest/help/educate/how-it-works/what-is-exchange/type-of-securities/?card=q1","logger":"task.stdout"}
{"timestamp":"2026-06-11T04:52:24.513609Z","level":"info","event":"\u001b[32m✅ 848127 байт","logger":"task.stdout"}
{"timestamp":"2026-06-11T04:52:24.594873Z","level":"info","event":"\u001b[32m   301 параграфов, 21134 символов","logger":"task.stdout"}
{"timestamp":"2026-06-11T04:52:24.597796Z","level":"info","event":"\u001b[36m💾 245_эмиссионные_ценные_бумаги_виды_и_признаки.json","logger":"task.stdout"}
{"timestamp":"2026-06-11T04:52:24.602755Z","level":"info","event":"\u001b[32m✅ Статья #245: Эмиссионные ценные бумаги: виды и признаки","logger":"task.stdout"}
{"timestamp":"2026-06-11T04:52:24.603083Z","level":"info","event":"\u001b[32m   Новых ссылок: 13","logger":"task.stdout"}
{"timestamp":"2026-06-11T04:52:24.603214Z","level":"info","event":"","logger":"task.stdout"}
{"timestamp":"2026-06-11T04:52:24.603272Z","level":"info","event":"\u001b[36m    [Глубина 2/4] https://www.tbank.ru/invest/help/educate/how-it-works/what-is-exchange/type-of-securities/?card=q9","logger":"task.stdout"}
{"timestamp":"2026-06-11T04:52:24.603374Z","level":"error","event":"\r                                                          \u001b[A","logger":"task.stderr"}
{"timestamp":"2026-06-11T04:52:24.603437Z","level":"error","event":"\rФильтрация ссылок:   0%|          | 0/398 [00:00<?, ?it/s]\u001b[A","logger":"task.stderr"}
{"timestamp":"2026-06-11T04:52:25.605582Z","level":"info","event":"\u001b[33m⬇️  https://www.tbank.ru/invest/help/educate/how-it-works/what-is-exchange/type-of-securities/?card=q9","logger":"task.stdout"}
{"timestamp":"2026-06-11T04:52:26.453397Z","level":"info","event":"\u001b[32m✅ 848323 байт","logger":"task.stdout"}
{"timestamp":"2026-06-11T04:52:26.513260Z","level":"info","event":"\u001b[32m   301 параграфов, 21134 символов","logger":"task.stdout"}
{"timestamp":"2026-06-11T04:52:26.515828Z","level":"info","event":"\u001b[36m💾 246_эмиссионные_ценные_бумаги_виды_и_признаки.json","logger":"task.stdout"}
{"timestamp":"2026-06-11T04:52:26.520377Z","level":"info","event":"\u001b[32m✅ Статья #246: Эмиссионные ценные бумаги: виды и признаки","logger":"task.stdout"}
{"timestamp":"2026-06-11T04:52:26.520603Z","level":"info","event":"\u001b[32m   Новых ссылок: 12","logger":"task.stdout"}
{"timestamp":"2026-06-11T04:52:26.520687Z","level":"info","event":"","logger":"task.stdout"}
{"timestamp":"2026-06-11T04:52:26.520790Z","level":"info","event":"\u001b[36m      [Глубина 3/4] https://www.tbank.ru/invest/help/educate/tax-issues/about/taxes-briefly/?card=q3","logger":"task.stdout"}
{"timestamp":"2026-06-11T04:52:26.520888Z","level":"error","event":"\r                                                          \u001b[A","logger":"task.stderr"}
{"timestamp":"2026-06-11T04:52:26.520962Z","level":"error","event":"\rФильтрация ссылок:   0%|          | 0/398 [00:00<?, ?it/s]\u001b[A","logger":"task.stderr"}
{"timestamp":"2026-06-11T04:52:27.542055Z","level":"info","event":"\u001b[33m⬇️  https://www.tbank.ru/invest/help/educate/tax-issues/about/taxes-briefly/?card=q3","logger":"task.stdout"}
{"timestamp":"2026-06-11T04:52:28.526059Z","level":"info","event":"\u001b[32m✅ 739355 байт","logger":"task.stdout"}
{"timestamp":"2026-06-11T04:52:28.654337Z","level":"info","event":"\u001b[32m   283 параграфов, 16474 символов","logger":"task.stdout"}
{"timestamp":"2026-06-11T04:52:28.784341Z","level":"info","event":"\u001b[36m💾 247_налог_на_доход_от_торговли_ценными_бумагами.json","logger":"task.stdout"}
{"timestamp":"2026-06-11T04:52:28.785844Z","level":"info","event":"\u001b[32m✅ Статья #247: Налог на доход от торговли ценными бумагами","logger":"task.stdout"}
{"timestamp":"2026-06-11T04:52:28.786961Z","level":"info","event":"\u001b[32m   Новых ссылок: 19","logger":"task.stdout"}
{"timestamp":"2026-06-11T04:52:28.787517Z","level":"info","event":"","logger":"task.stdout"}
{"timestamp":"2026-06-11T04:52:28.789543Z","level":"info","event":"\u001b[36m        [Глубина 4/4] https://www.tbank.ru/invest/help/educate/tax-issues/deduction/netting/","logger":"task.stdout"}
{"timestamp":"2026-06-11T04:52:28.792150Z","level":"error","event":"\r                                                          \u001b[A","logger":"task.stderr"}
{"timestamp":"2026-06-11T04:52:28.796318Z","level":"error","event":"\rФильтрация ссылок:   0%|          | 0/382 [00:00<?, ?it/s]\u001b[A","logger":"task.stderr"}
{"timestamp":"2026-06-11T04:52:29.718069Z","level":"info","event":"\u001b[33m⬇️  https://www.tbank.ru/invest/help/educate/tax-issues/deduction/netting/","logger":"task.stdout"}
{"timestamp":"2026-06-11T04:52:30.562332Z","level":"info","event":"\u001b[32m✅ 773228 байт","logger":"task.stdout"}
{"timestamp":"2026-06-11T04:52:30.686870Z","level":"info","event":"\u001b[32m   293 параграфов, 20297 символов","logger":"task.stdout"}
{"timestamp":"2026-06-11T04:52:30.692064Z","level":"info","event":"\u001b[36m💾 248_сальдирование_финансовых_результатов_на_счетах_у_разных_брокеров_и_перенос_убытков_прошлых_лет.json","logger":"task.stdout"}
{"timestamp":"2026-06-11T04:52:30.692397Z","level":"info","event":"\u001b[32m✅ Статья #248: Сальдирование финансовых результатов на счетах у р","logger":"task.stdout"}
{"timestamp":"2026-06-11T04:52:30.692570Z","level":"info","event":"","logger":"task.stdout"}
{"timestamp":"2026-06-11T04:52:30.692698Z","level":"info","event":"\u001b[36m        [Глубина 4/4] https://www.tbank.ru/invest/help/educate/tax-issues/automatically/withdrawal-tax/?card=q6","logger":"task.stdout"}
{"timestamp":"2026-06-11T04:52:31.694123Z","level":"info","event":"\u001b[33m⬇️  https://www.tbank.ru/invest/help/educate/tax-issues/automatically/withdrawal-tax/?card=q6","logger":"task.stdout"}
{"timestamp":"2026-06-11T04:52:32.402154Z","level":"info","event":"\u001b[32m✅ 816200 байт","logger":"task.stdout"}
{"timestamp":"2026-06-11T04:52:32.480399Z","level":"info","event":"\u001b[32m   309 параграфов, 22589 символов","logger":"task.stdout"}
{"timestamp":"2026-06-11T04:52:32.483024Z","level":"info","event":"\u001b[36m💾 249_налоги_при_выводе_денег_с_брокерского_счета.json","logger":"task.stdout"}
{"timestamp":"2026-06-11T04:52:32.483150Z","level":"info","event":"\u001b[32m✅ Статья #249: Налоги при выводе денег с брокерского счета","logger":"task.stdout"}
{"timestamp":"2026-06-11T04:52:32.483228Z","level":"info","event":"","logger":"task.stdout"}
{"timestamp":"2026-06-11T04:52:32.483298Z","level":"info","event":"\u001b[36m        [Глубина 4/4] https://www.tbank.ru/invest/help/educate/tax-issues/self-pay/declaration-upload/","logger":"task.stdout"}
{"timestamp":"2026-06-11T04:52:33.490927Z","level":"info","event":"\u001b[33m⬇️  https://www.tbank.ru/invest/help/educate/tax-issues/self-pay/declaration-upload/","logger":"task.stdout"}
{"timestamp":"2026-06-11T04:52:33.706040Z","level":"info","event":"\u001b[32m✅ 638452 байт","logger":"task.stdout"}
{"timestamp":"2026-06-11T04:52:33.813847Z","level":"info","event":"\u001b[32m   237 параграфов, 11307 символов","logger":"task.stdout"}
{"timestamp":"2026-06-11T04:52:33.815539Z","level":"info","event":"\u001b[36m💾 250_как_загрузить_готовую_декларацию_3_ндфл_в_форматеxml.json","logger":"task.stdout"}
{"timestamp":"2026-06-11T04:52:33.815664Z","level":"info","event":"\u001b[32m✅ Статья #250: Как загрузить готовую декларацию 3⁠-⁠НДФЛ в формат","logger":"task.stdout"}
{"timestamp":"2026-06-11T04:52:34.130001Z","level":"info","event":"","logger":"task.stdout"}
{"timestamp":"2026-06-11T04:52:34.130324Z","level":"info","event":"\u001b[33m💾 Checkpoint: 250 статей (31.8/мин)","logger":"task.stdout"}
{"timestamp":"2026-06-11T04:52:34.130435Z","level":"info","event":"","logger":"task.stdout"}
{"timestamp":"2026-06-11T04:52:34.130670Z","level":"info","event":"","logger":"task.stdout"}
{"timestamp":"2026-06-11T04:52:34.130824Z","level":"info","event":"\u001b[36m        [Глубина 4/4] https://www.tbank.ru/invest/help/educate/tax-issues/deduction/tax-exemption/","logger":"task.stdout"}
{"timestamp":"2026-06-11T04:52:35.142292Z","level":"info","event":"\u001b[33m⬇️  https://www.tbank.ru/invest/help/educate/tax-issues/deduction/tax-exemption/","logger":"task.stdout"}
{"timestamp":"2026-06-11T04:52:35.342248Z","level":"info","event":"\u001b[32m✅ 743731 байт","logger":"task.stdout"}
{"timestamp":"2026-06-11T04:52:35.483581Z","level":"info","event":"\u001b[32m   297 параграфов, 17635 символов","logger":"task.stdout"}
{"timestamp":"2026-06-11T04:52:35.491071Z","level":"info","event":"\u001b[36m💾 251_льгота_на_долгосрочное_владение_ценными_бумагами_лдв.json","logger":"task.stdout"}
{"timestamp":"2026-06-11T04:52:35.494173Z","level":"info","event":"\u001b[32m✅ Статья #251: Льгота на долгосрочное владение ценными бумагами (","logger":"task.stdout"}
{"timestamp":"2026-06-11T04:52:35.494584Z","level":"info","event":"","logger":"task.stdout"}
{"timestamp":"2026-06-11T04:52:35.495165Z","level":"info","event":"\u001b[36m        [Глубина 4/4] https://www.tbank.ru/invest/help/educate/tax-issues/about/foreign-divs/","logger":"task.stdout"}
{"timestamp":"2026-06-11T04:52:36.497004Z","level":"info","event":"\u001b[33m⬇️  https://www.tbank.ru/invest/help/educate/tax-issues/about/foreign-divs/","logger":"task.stdout"}
{"timestamp":"2026-06-11T04:52:37.216460Z","level":"info","event":"\u001b[32m✅ 742392 байт","logger":"task.stdout"}
{"timestamp":"2026-06-11T04:52:37.310402Z","level":"info","event":"\u001b[32m   251 параграфов, 15925 символов","logger":"task.stdout"}
{"timestamp":"2026-06-11T04:52:37.320607Z","level":"info","event":"\u001b[36m💾 252_налоги_с_дивидендов_по_иностранным_акциям.json","logger":"task.stdout"}
{"timestamp":"2026-06-11T04:52:37.320960Z","level":"info","event":"\u001b[32m✅ Статья #252: Налоги с дивидендов по иностранным акциям","logger":"task.stdout"}
{"timestamp":"2026-06-11T04:52:37.321332Z","level":"info","event":"","logger":"task.stdout"}
{"timestamp":"2026-06-11T04:52:37.321747Z","level":"info","event":"\u001b[36m        [Глубина 4/4] https://www.tbank.ru/invest/help/educate/tax-issues/automatically/withdrawal-tax/","logger":"task.stdout"}
{"timestamp":"2026-06-11T04:52:38.328808Z","level":"info","event":"\u001b[33m⬇️  https://www.tbank.ru/invest/help/educate/tax-issues/automatically/withdrawal-tax/","logger":"task.stdout"}
{"timestamp":"2026-06-11T04:52:38.664664Z","level":"info","event":"\u001b[32m✅ 816345 байт","logger":"task.stdout"}
{"timestamp":"2026-06-11T04:52:38.750177Z","level":"info","event":"\u001b[32m   309 параграфов, 22589 символов","logger":"task.stdout"}
{"timestamp":"2026-06-11T04:52:38.806422Z","level":"info","event":"\u001b[36m💾 253_налоги_при_выводе_денег_с_брокерского_счета.json","logger":"task.stdout"}
{"timestamp":"2026-06-11T04:52:38.806758Z","level":"info","event":"\u001b[32m✅ Статья #253: Налоги при выводе денег с брокерского счета","logger":"task.stdout"}
{"timestamp":"2026-06-11T04:52:38.806930Z","level":"info","event":"","logger":"task.stdout"}
{"timestamp":"2026-06-11T04:52:38.807085Z","level":"info","event":"\u001b[36m        [Глубина 4/4] https://www.tbank.ru/invest/help/educate/tax-issues/other/violation-tax-laws/","logger":"task.stdout"}
{"timestamp":"2026-06-11T04:52:39.774996Z","level":"info","event":"\u001b[33m⬇️  https://www.tbank.ru/invest/help/educate/tax-issues/other/violation-tax-laws/","logger":"task.stdout"}
{"timestamp":"2026-06-11T04:52:40.596330Z","level":"info","event":"\u001b[32m✅ 789582 байт","logger":"task.stdout"}
{"timestamp":"2026-06-11T04:52:40.978091Z","level":"info","event":"\u001b[32m   301 параграфов, 19906 символов","logger":"task.stdout"}
{"timestamp":"2026-06-11T04:52:40.989348Z","level":"info","event":"\u001b[36m💾 254_ответственность_за_нарушение_налогового_законодательства.json","logger":"task.stdout"}
{"timestamp":"2026-06-11T04:52:40.996463Z","level":"info","event":"\u001b[32m✅ Статья #254: Ответственность за нарушение налогового законодате","logger":"task.stdout"}
{"timestamp":"2026-06-11T04:52:41.009462Z","level":"info","event":"","logger":"task.stdout"}
{"timestamp":"2026-06-11T04:52:41.028315Z","level":"info","event":"\u001b[36m        [Глубина 4/4] https://www.tbank.ru/invest/help/educate/tax-issues/other/non-resident/","logger":"task.stdout"}
{"timestamp":"2026-06-11T04:52:41.991686Z","level":"info","event":"\u001b[33m⬇️  https://www.tbank.ru/invest/help/educate/tax-issues/other/non-resident/","logger":"task.stdout"}
{"timestamp":"2026-06-11T04:52:42.766223Z","level":"info","event":"\u001b[32m✅ 696558 байт","logger":"task.stdout"}
{"timestamp":"2026-06-11T04:52:42.850618Z","level":"info","event":"\u001b[32m   264 параграфов, 15415 символов","logger":"task.stdout"}
{"timestamp":"2026-06-11T04:52:42.853635Z","level":"info","event":"\u001b[36m💾 255_налогообложение_для_налоговых_нерезидентов.json","logger":"task.stdout"}
{"timestamp":"2026-06-11T04:52:42.853840Z","level":"info","event":"\u001b[32m✅ Статья #255: Налогообложение для налоговых нерезидентов","logger":"task.stdout"}
{"timestamp":"2026-06-11T04:52:42.853907Z","level":"info","event":"","logger":"task.stdout"}
{"timestamp":"2026-06-11T04:52:42.853967Z","level":"info","event":"\u001b[36m        [Глубина 4/4] https://www.tbank.ru/invest/help/educate/how-it-works/what-is-exchange/investment-features/?card=overnight","logger":"task.stdout"}
{"timestamp":"2026-06-11T04:52:43.858244Z","level":"info","event":"\u001b[33m⬇️  https://www.tbank.ru/invest/help/educate/how-it-works/what-is-exchange/investment-features/?card=overnight","logger":"task.stdout"}
{"timestamp":"2026-06-11T04:52:44.788245Z","level":"info","event":"\u001b[32m✅ 776394 байт","logger":"task.stdout"}
{"timestamp":"2026-06-11T04:52:44.858334Z","level":"info","event":"\u001b[32m   273 параграфов, 18040 символов","logger":"task.stdout"}
{"timestamp":"2026-06-11T04:52:44.861870Z","level":"info","event":"\u001b[36m💾 256_особенности_инвестирования_на_бирже.json","logger":"task.stdout"}
{"timestamp":"2026-06-11T04:52:44.861997Z","level":"info","event":"\u001b[32m✅ Статья #256: Особенности инвестирования на бирже","logger":"task.stdout"}
{"timestamp":"2026-06-11T04:52:44.862060Z","level":"info","event":"","logger":"task.stdout"}
{"timestamp":"2026-06-11T04:52:44.862111Z","level":"info","event":"\u001b[36m        [Глубина 4/4] https://www.tbank.ru/invest/help/educate/tax-issues/other/ifns-registration/","logger":"task.stdout"}
{"timestamp":"2026-06-11T04:52:45.870629Z","level":"info","event":"\u001b[33m⬇️  https://www.tbank.ru/invest/help/educate/tax-issues/other/ifns-registration/","logger":"task.stdout"}
{"timestamp":"2026-06-11T04:52:46.465402Z","level":"info","event":"\u001b[32m✅ 651491 байт","logger":"task.stdout"}
{"timestamp":"2026-06-11T04:52:46.543574Z","level":"info","event":"\u001b[32m   249 параграфов, 12987 символов","logger":"task.stdout"}
{"timestamp":"2026-06-11T04:52:46.545709Z","level":"info","event":"\u001b[36m💾 257_как_встать_на_учет_в_налоговом_органе.json","logger":"task.stdout"}
{"timestamp":"2026-06-11T04:52:46.545806Z","level":"info","event":"\u001b[32m✅ Статья #257: Как встать на учет в налоговом органе","logger":"task.stdout"}
{"timestamp":"2026-06-11T04:52:46.545867Z","level":"info","event":"","logger":"task.stdout"}
{"timestamp":"2026-06-11T04:52:46.545917Z","level":"info","event":"\u001b[36m        [Глубина 4/4] https://www.tbank.ru/invest/help/educate/tax-issues/other/lk-fns/","logger":"task.stdout"}
{"timestamp":"2026-06-11T04:52:47.548104Z","level":"info","event":"\u001b[33m⬇️  https://www.tbank.ru/invest/help/educate/tax-issues/other/lk-fns/","logger":"task.stdout"}
{"timestamp":"2026-06-11T04:52:47.789778Z","level":"info","event":"\u001b[32m✅ 784674 байт","logger":"task.stdout"}
{"timestamp":"2026-06-11T04:52:47.884152Z","level":"info","event":"\u001b[32m   308 параграфов, 20248 символов","logger":"task.stdout"}
{"timestamp":"2026-06-11T04:52:47.889017Z","level":"info","event":"\u001b[36m💾 258_личный_кабинет_налогоплательщика_и_как_им_пользоваться.json","logger":"task.stdout"}
{"timestamp":"2026-06-11T04:52:47.889243Z","level":"info","event":"\u001b[32m✅ Статья #258: Личный кабинет налогоплательщика и как им пользова","logger":"task.stdout"}
{"timestamp":"2026-06-11T04:52:47.889395Z","level":"info","event":"","logger":"task.stdout"}
{"timestamp":"2026-06-11T04:52:47.889509Z","level":"info","event":"\u001b[36m        [Глубина 4/4] https://www.tbank.ru/invest/help/brokerage/account/forts/trade-futures/?card=q3","logger":"task.stdout"}
{"timestamp":"2026-06-11T04:52:48.892131Z","level":"info","event":"\u001b[33m⬇️  https://www.tbank.ru/invest/help/brokerage/account/forts/trade-futures/?card=q3","logger":"task.stdout"}
{"timestamp":"2026-06-11T04:52:49.846387Z","level":"info","event":"\u001b[32m✅ 1093648 байт","logger":"task.stdout"}
{"timestamp":"2026-06-11T04:52:49.969780Z","level":"info","event":"\u001b[32m   331 параграфов, 23768 символов","logger":"task.stdout"}
{"timestamp":"2026-06-11T04:52:49.973592Z","level":"info","event":"\u001b[36m💾 259_как_торговать_фьючерсами.json","logger":"task.stdout"}
{"timestamp":"2026-06-11T04:52:49.973959Z","level":"info","event":"\u001b[32m✅ Статья #259: Как торговать фьючерсами","logger":"task.stdout"}
{"timestamp":"2026-06-11T04:52:49.974105Z","level":"info","event":"","logger":"task.stdout"}
{"timestamp":"2026-06-11T04:52:49.974208Z","level":"info","event":"\u001b[36m        [Глубина 4/4] https://www.tbank.ru/invest/help/educate/tax-issues/automatically/tax-withholding/","logger":"task.stdout"}
{"timestamp":"2026-06-11T04:52:50.975457Z","level":"info","event":"\u001b[33m⬇️  https://www.tbank.ru/invest/help/educate/tax-issues/automatically/tax-withholding/","logger":"task.stdout"}
{"timestamp":"2026-06-11T04:52:51.779244Z","level":"info","event":"\u001b[32m✅ 878068 байт","logger":"task.stdout"}
{"timestamp":"2026-06-11T04:52:51.928726Z","level":"info","event":"\u001b[32m   333 параграфов, 24587 символов","logger":"task.stdout"}
{"timestamp":"2026-06-11T04:52:51.943964Z","level":"info","event":"\u001b[36m💾 260_удержание_налога_с_инвестиций_по_итогам_года.json","logger":"task.stdout"}
{"timestamp":"2026-06-11T04:52:51.946394Z","level":"info","event":"\u001b[32m✅ Статья #260: Удержание налога с инвестиций по итогам года","logger":"task.stdout"}
{"timestamp":"2026-06-11T04:52:52.482338Z","level":"info","event":"","logger":"task.stdout"}
{"timestamp":"2026-06-11T04:52:52.483747Z","level":"info","event":"\u001b[33m💾 Checkpoint: 260 статей (31.8/мин)","logger":"task.stdout"}
{"timestamp":"2026-06-11T04:52:52.483911Z","level":"info","event":"","logger":"task.stdout"}
{"timestamp":"2026-06-11T04:52:52.484029Z","level":"info","event":"","logger":"task.stdout"}
{"timestamp":"2026-06-11T04:52:52.484118Z","level":"info","event":"\u001b[36m        [Глубина 4/4] https://www.tbank.ru/invest/help/educate/tax-issues/","logger":"task.stdout"}
{"timestamp":"2026-06-11T04:52:53.498375Z","level":"info","event":"\u001b[33m⬇️  https://www.tbank.ru/invest/help/educate/tax-issues/","logger":"task.stdout"}
{"timestamp":"2026-06-11T04:52:53.777390Z","level":"info","event":"\u001b[32m✅ 610388 байт","logger":"task.stdout"}
{"timestamp":"2026-06-11T04:52:53.851099Z","level":"info","event":"\u001b[32m   219 параграфов, 9009 символов","logger":"task.stdout"}
{"timestamp":"2026-06-11T04:52:53.858456Z","level":"info","event":"\u001b[36m💾 261_вопросы_налогообложения_для_инвесторов.json","logger":"task.stdout"}
{"timestamp":"2026-06-11T04:52:53.859163Z","level":"info","event":"\u001b[32m✅ Статья #261: Вопросы налогообложения для инвесторов","logger":"task.stdout"}
{"timestamp":"2026-06-11T04:52:53.859731Z","level":"info","event":"","logger":"task.stdout"}
{"timestamp":"2026-06-11T04:52:53.860083Z","level":"info","event":"\u001b[36m        [Глубина 4/4] https://www.tbank.ru/invest/help/educate/tax-issues/self-pay/declaration-documents/","logger":"task.stdout"}
{"timestamp":"2026-06-11T04:52:54.863888Z","level":"info","event":"\u001b[33m⬇️  https://www.tbank.ru/invest/help/educate/tax-issues/self-pay/declaration-documents/","logger":"task.stdout"}
{"timestamp":"2026-06-11T04:52:55.835911Z","level":"info","event":"\u001b[32m✅ 1078018 байт","logger":"task.stdout"}
{"timestamp":"2026-06-11T04:52:55.920816Z","level":"info","event":"\u001b[32m   401 параграфов, 35164 символов","logger":"task.stdout"}
{"timestamp":"2026-06-11T04:52:55.922915Z","level":"info","event":"\u001b[36m💾 262_какие_документы_нужны_при_подаче_декларации_3_ндфл.json","logger":"task.stdout"}
{"timestamp":"2026-06-11T04:52:55.923017Z","level":"info","event":"\u001b[32m✅ Статья #262: Какие документы нужны при подаче декларации 3⁠-⁠НД","logger":"task.stdout"}
{"timestamp":"2026-06-11T04:52:55.923103Z","level":"info","event":"","logger":"task.stdout"}
{"timestamp":"2026-06-11T04:52:55.923181Z","level":"info","event":"\u001b[36m        [Глубина 4/4] https://www.tbank.ru/invest/help/educate/tax-issues/automatically/taxes/","logger":"task.stdout"}
{"timestamp":"2026-06-11T04:52:56.926912Z","level":"info","event":"\u001b[33m⬇️  https://www.tbank.ru/invest/help/educate/tax-issues/automatically/taxes/","logger":"task.stdout"}
{"timestamp":"2026-06-11T04:52:58.098087Z","level":"info","event":"\u001b[32m✅ 706935 байт","logger":"task.stdout"}
{"timestamp":"2026-06-11T04:52:58.297148Z","level":"info","event":"\u001b[32m   242 параграфов, 14958 символов","logger":"task.stdout"}
{"timestamp":"2026-06-11T04:52:58.304809Z","level":"info","event":"\u001b[36m💾 263_какие_налоги_нужно_платить_по_инвесткопилке.json","logger":"task.stdout"}
{"timestamp":"2026-06-11T04:52:58.305585Z","level":"info","event":"\u001b[32m✅ Статья #263: Какие налоги нужно платить по Инвесткопилке","logger":"task.stdout"}
{"timestamp":"2026-06-11T04:52:58.305863Z","level":"info","event":"","logger":"task.stdout"}
{"timestamp":"2026-06-11T04:52:58.306370Z","level":"info","event":"\u001b[36m        [Глубина 4/4] https://www.tbank.ru/invest/help/educate/tax-issues/self-pay/declaration-apply/","logger":"task.stdout"}
{"timestamp":"2026-06-11T04:52:59.315663Z","level":"info","event":"\u001b[33m⬇️  https://www.tbank.ru/invest/help/educate/tax-issues/self-pay/declaration-apply/","logger":"task.stdout"}
{"timestamp":"2026-06-11T04:52:59.701834Z","level":"info","event":"\u001b[32m✅ 1174377 байт","logger":"task.stdout"}
{"timestamp":"2026-06-11T04:52:59.797435Z","level":"info","event":"\u001b[32m   381 параграфов, 33719 символов","logger":"task.stdout"}
{"timestamp":"2026-06-11T04:52:59.802160Z","level":"info","event":"\u001b[36m💾 264_как_заполнить_декларацию_3_ндфл_по_инвестициям.json","logger":"task.stdout"}
{"timestamp":"2026-06-11T04:52:59.802411Z","level":"info","event":"\u001b[32m✅ Статья #264: Как заполнить декларацию 3⁠-⁠НДФЛ по инвестициям","logger":"task.stdout"}
{"timestamp":"2026-06-11T04:52:59.802562Z","level":"info","event":"","logger":"task.stdout"}
{"timestamp":"2026-06-11T04:52:59.803198Z","level":"info","event":"\u001b[36m        [Глубина 4/4] https://www.tbank.ru/invest/help/educate/tax-issues/self-pay/main/","logger":"task.stdout"}
{"timestamp":"2026-06-11T04:53:00.815899Z","level":"info","event":"\u001b[33m⬇️  https://www.tbank.ru/invest/help/educate/tax-issues/self-pay/main/","logger":"task.stdout"}
{"timestamp":"2026-06-11T04:53:01.682201Z","level":"info","event":"\u001b[32m✅ 836042 байт","logger":"task.stdout"}
{"timestamp":"2026-06-11T04:53:01.762658Z","level":"info","event":"\u001b[32m   310 параграфов, 22062 символов","logger":"task.stdout"}
{"timestamp":"2026-06-11T04:53:01.764677Z","level":"info","event":"\u001b[36m💾 265_главное_про_самостоятельную_уплату_налогов_и_декларацию_3_ндфл.json","logger":"task.stdout"}
{"timestamp":"2026-06-11T04:53:01.764803Z","level":"info","event":"\u001b[32m✅ Статья #265: Главное про самостоятельную уплату налогов и декла","logger":"task.stdout"}
{"timestamp":"2026-06-11T04:53:01.764863Z","level":"info","event":"","logger":"task.stdout"}
{"timestamp":"2026-06-11T04:53:01.764933Z","level":"info","event":"\u001b[36m        [Глубина 4/4] https://www.tbank.ru/invest/help/educate/tax-issues/automatically/","logger":"task.stdout"}
{"timestamp":"2026-06-11T04:53:02.768610Z","level":"info","event":"\u001b[33m⬇️  https://www.tbank.ru/invest/help/educate/tax-issues/automatically/","logger":"task.stdout"}
{"timestamp":"2026-06-11T04:53:03.008805Z","level":"info","event":"\u001b[32m✅ 628513 байт","logger":"task.stdout"}
{"timestamp":"2026-06-11T04:53:03.324538Z","level":"info","event":"\u001b[32m   242 параграфов, 10188 символов","logger":"task.stdout"}
{"timestamp":"2026-06-11T04:53:03.327622Z","level":"info","event":"\u001b[36m💾 266_случаи_когда_брокер_удерживает_налог_автоматически.json","logger":"task.stdout"}
{"timestamp":"2026-06-11T04:53:03.328034Z","level":"info","event":"\u001b[32m✅ Статья #266: Случаи, когда брокер удерживает налог автоматическ","logger":"task.stdout"}
{"timestamp":"2026-06-11T04:53:03.328179Z","level":"info","event":"","logger":"task.stdout"}
{"timestamp":"2026-06-11T04:53:03.328310Z","level":"info","event":"\u001b[36m      [Глубина 3/4] https://www.tbank.ru/invest/help/educate/dep-transfer/about/inheritance/","logger":"task.stdout"}
{"timestamp":"2026-06-11T04:53:04.331461Z","level":"info","event":"\u001b[33m⬇️  https://www.tbank.ru/invest/help/educate/dep-transfer/about/inheritance/","logger":"task.stdout"}
{"timestamp":"2026-06-11T04:53:05.196419Z","level":"info","event":"\u001b[32m✅ 1047394 байт","logger":"task.stdout"}
{"timestamp":"2026-06-11T04:53:05.286926Z","level":"info","event":"\u001b[32m   373 параграфов, 30770 символов","logger":"task.stdout"}
{"timestamp":"2026-06-11T04:53:05.291196Z","level":"info","event":"\u001b[36m💾 267_наследование_ценных_бумаг.json","logger":"task.stdout"}
{"timestamp":"2026-06-11T04:53:05.296909Z","level":"info","event":"\u001b[32m✅ Статья #267: Наследование ценных бумаг","logger":"task.stdout"}
{"timestamp":"2026-06-11T04:53:05.297210Z","level":"info","event":"\u001b[32m   Новых ссылок: 16","logger":"task.stdout"}
{"timestamp":"2026-06-11T04:53:05.297320Z","level":"info","event":"","logger":"task.stdout"}
{"timestamp":"2026-06-11T04:53:05.297399Z","level":"info","event":"\u001b[36m        [Глубина 4/4] https://www.tbank.ru/invest/help/brokerage/account/get-profit/tax-exemption/?card=q3","logger":"task.stdout"}
{"timestamp":"2026-06-11T04:53:05.299055Z","level":"error","event":"\r                                                          \u001b[A","logger":"task.stderr"}
{"timestamp":"2026-06-11T04:53:05.299212Z","level":"error","event":"\rФильтрация ссылок:   0%|          | 0/392 [00:00<?, ?it/s]\u001b[A","logger":"task.stderr"}
{"timestamp":"2026-06-11T04:53:06.301405Z","level":"info","event":"\u001b[33m⬇️  https://www.tbank.ru/invest/help/brokerage/account/get-profit/tax-exemption/?card=q3","logger":"task.stdout"}
{"timestamp":"2026-06-11T04:53:06.716683Z","level":"info","event":"\u001b[32m✅ 743369 байт","logger":"task.stdout"}
{"timestamp":"2026-06-11T04:53:06.800663Z","level":"info","event":"\u001b[32m   297 параграфов, 17635 символов","logger":"task.stdout"}
{"timestamp":"2026-06-11T04:53:06.802326Z","level":"info","event":"\u001b[36m💾 268_льгота_на_долгосрочное_владение_ценными_бумагами_лдв.json","logger":"task.stdout"}
{"timestamp":"2026-06-11T04:53:06.802450Z","level":"info","event":"\u001b[32m✅ Статья #268: Льгота на долгосрочное владение ценными бумагами (","logger":"task.stdout"}
{"timestamp":"2026-06-11T04:53:06.802508Z","level":"info","event":"","logger":"task.stdout"}
{"timestamp":"2026-06-11T04:53:06.802577Z","level":"info","event":"\u001b[36m        [Глубина 4/4] https://www.tbank.ru/invest/help/educate/dep-transfer/about/fill-application/","logger":"task.stdout"}
{"timestamp":"2026-06-11T04:53:07.810846Z","level":"info","event":"\u001b[33m⬇️  https://www.tbank.ru/invest/help/educate/dep-transfer/about/fill-application/","logger":"task.stdout"}
{"timestamp":"2026-06-11T04:53:08.654880Z","level":"info","event":"\u001b[32m✅ 620294 байт","logger":"task.stdout"}
{"timestamp":"2026-06-11T04:53:08.731969Z","level":"info","event":"\u001b[32m   209 параграфов, 8668 символов","logger":"task.stdout"}
{"timestamp":"2026-06-11T04:53:08.735105Z","level":"info","event":"\u001b[36m💾 269_как_заполнить_поручение_на_депозитарный_перевод.json","logger":"task.stdout"}
{"timestamp":"2026-06-11T04:53:08.735335Z","level":"info","event":"\u001b[32m✅ Статья #269: Как заполнить поручение на депозитарный перевод","logger":"task.stdout"}
{"timestamp":"2026-06-11T04:53:08.735448Z","level":"info","event":"","logger":"task.stdout"}
{"timestamp":"2026-06-11T04:53:08.735550Z","level":"info","event":"\u001b[36m        [Глубина 4/4] https://www.tbank.ru/invest/help/educate/dep-transfer/about/inheritance/?card=q7","logger":"task.stdout"}
{"timestamp":"2026-06-11T04:53:09.740474Z","level":"info","event":"\u001b[33m⬇️  https://www.tbank.ru/invest/help/educate/dep-transfer/about/inheritance/?card=q7","logger":"task.stdout"}
{"timestamp":"2026-06-11T04:53:10.742666Z","level":"info","event":"\u001b[32m✅ 1047336 байт","logger":"task.stdout"}
{"timestamp":"2026-06-11T04:53:10.825460Z","level":"info","event":"\u001b[32m   373 параграфов, 30770 символов","logger":"task.stdout"}
{"timestamp":"2026-06-11T04:53:10.830043Z","level":"info","event":"\u001b[36m💾 270_наследование_ценных_бумаг.json","logger":"task.stdout"}
{"timestamp":"2026-06-11T04:53:10.830364Z","level":"info","event":"\u001b[32m✅ Статья #270: Наследование ценных бумаг","logger":"task.stdout"}
{"timestamp":"2026-06-11T04:53:11.045975Z","level":"info","event":"","logger":"task.stdout"}
{"timestamp":"2026-06-11T04:53:11.046162Z","level":"info","event":"\u001b[33m💾 Checkpoint: 270 статей (31.8/мин)","logger":"task.stdout"}
{"timestamp":"2026-06-11T04:53:11.046227Z","level":"info","event":"","logger":"task.stdout"}
{"timestamp":"2026-06-11T04:53:11.046273Z","level":"info","event":"","logger":"task.stdout"}
{"timestamp":"2026-06-11T04:53:11.046317Z","level":"info","event":"\u001b[36m        [Глубина 4/4] https://www.tbank.ru/invest/help/educate/dep-transfer/about/inheritance/?card=q4","logger":"task.stdout"}
{"timestamp":"2026-06-11T04:53:12.054843Z","level":"info","event":"\u001b[33m⬇️  https://www.tbank.ru/invest/help/educate/dep-transfer/about/inheritance/?card=q4","logger":"task.stdout"}
{"timestamp":"2026-06-11T04:53:12.869182Z","level":"info","event":"\u001b[32m✅ 1047553 байт","logger":"task.stdout"}
{"timestamp":"2026-06-11T04:53:12.963430Z","level":"info","event":"\u001b[32m   373 параграфов, 30770 символов","logger":"task.stdout"}
{"timestamp":"2026-06-11T04:53:12.969870Z","level":"info","event":"\u001b[36m💾 271_наследование_ценных_бумаг.json","logger":"task.stdout"}
{"timestamp":"2026-06-11T04:53:12.970070Z","level":"info","event":"\u001b[32m✅ Статья #271: Наследование ценных бумаг","logger":"task.stdout"}
{"timestamp":"2026-06-11T04:53:12.970209Z","level":"info","event":"","logger":"task.stdout"}
{"timestamp":"2026-06-11T04:53:12.970314Z","level":"info","event":"\u001b[36m        [Глубина 4/4] https://www.tbank.ru/invest/help/educate/dep-transfer/about/inheritance/?card=q9","logger":"task.stdout"}
{"timestamp":"2026-06-11T04:53:13.974932Z","level":"info","event":"\u001b[33m⬇️  https://www.tbank.ru/invest/help/educate/dep-transfer/about/inheritance/?card=q9","logger":"task.stdout"}
{"timestamp":"2026-06-11T04:53:14.980780Z","level":"info","event":"\u001b[32m✅ 1047882 байт","logger":"task.stdout"}
{"timestamp":"2026-06-11T04:53:15.048736Z","level":"info","event":"\u001b[32m   373 параграфов, 30770 символов","logger":"task.stdout"}
{"timestamp":"2026-06-11T04:53:15.051412Z","level":"info","event":"\u001b[36m💾 272_наследование_ценных_бумаг.json","logger":"task.stdout"}
{"timestamp":"2026-06-11T04:53:15.051503Z","level":"info","event":"\u001b[32m✅ Статья #272: Наследование ценных бумаг","logger":"task.stdout"}
{"timestamp":"2026-06-11T04:53:15.051571Z","level":"info","event":"","logger":"task.stdout"}
{"timestamp":"2026-06-11T04:53:15.051626Z","level":"info","event":"\u001b[36m        [Глубина 4/4] https://www.tbank.ru/invest/help/educate/dep-transfer/about/inheritance/?card=q2","logger":"task.stdout"}
{"timestamp":"2026-06-11T04:53:16.055824Z","level":"info","event":"\u001b[33m⬇️  https://www.tbank.ru/invest/help/educate/dep-transfer/about/inheritance/?card=q2","logger":"task.stdout"}
{"timestamp":"2026-06-11T04:53:16.836152Z","level":"info","event":"\u001b[32m✅ 1047458 байт","logger":"task.stdout"}
{"timestamp":"2026-06-11T04:53:16.923748Z","level":"info","event":"\u001b[32m   373 параграфов, 30770 символов","logger":"task.stdout"}
{"timestamp":"2026-06-11T04:53:16.926361Z","level":"info","event":"\u001b[36m💾 273_наследование_ценных_бумаг.json","logger":"task.stdout"}
{"timestamp":"2026-06-11T04:53:16.926480Z","level":"info","event":"\u001b[32m✅ Статья #273: Наследование ценных бумаг","logger":"task.stdout"}
{"timestamp":"2026-06-11T04:53:16.926555Z","level":"info","event":"","logger":"task.stdout"}
{"timestamp":"2026-06-11T04:53:16.926611Z","level":"info","event":"\u001b[36m        [Глубина 4/4] https://www.tbank.ru/invest/help/educate/dep-transfer/about/inheritance/?card=q6","logger":"task.stdout"}
{"timestamp":"2026-06-11T04:53:17.928293Z","level":"info","event":"\u001b[33m⬇️  https://www.tbank.ru/invest/help/educate/dep-transfer/about/inheritance/?card=q6","logger":"task.stdout"}
{"timestamp":"2026-06-11T04:53:18.947859Z","level":"info","event":"\u001b[32m✅ 1047284 байт","logger":"task.stdout"}
{"timestamp":"2026-06-11T04:53:19.067128Z","level":"info","event":"\u001b[32m   373 параграфов, 30770 символов","logger":"task.stdout"}
{"timestamp":"2026-06-11T04:53:19.071234Z","level":"info","event":"\u001b[36m💾 274_наследование_ценных_бумаг.json","logger":"task.stdout"}
{"timestamp":"2026-06-11T04:53:19.071473Z","level":"info","event":"\u001b[32m✅ Статья #274: Наследование ценных бумаг","logger":"task.stdout"}
{"timestamp":"2026-06-11T04:53:19.071548Z","level":"info","event":"","logger":"task.stdout"}
{"timestamp":"2026-06-11T04:53:19.071635Z","level":"info","event":"\u001b[36m        [Глубина 4/4] https://www.tbank.ru/invest/help/educate/dep-transfer/about/inheritance/?card=q1","logger":"task.stdout"}
{"timestamp":"2026-06-11T04:53:20.074131Z","level":"info","event":"\u001b[33m⬇️  https://www.tbank.ru/invest/help/educate/dep-transfer/about/inheritance/?card=q1","logger":"task.stdout"}
{"timestamp":"2026-06-11T04:53:20.935869Z","level":"info","event":"\u001b[32m✅ 1047247 байт","logger":"task.stdout"}
{"timestamp":"2026-06-11T04:53:21.036294Z","level":"info","event":"\u001b[32m   373 параграфов, 30770 символов","logger":"task.stdout"}
{"timestamp":"2026-06-11T04:53:21.043638Z","level":"info","event":"\u001b[36m💾 275_наследование_ценных_бумаг.json","logger":"task.stdout"}
{"timestamp":"2026-06-11T04:53:21.043800Z","level":"info","event":"\u001b[32m✅ Статья #275: Наследование ценных бумаг","logger":"task.stdout"}
{"timestamp":"2026-06-11T04:53:21.043864Z","level":"info","event":"","logger":"task.stdout"}
{"timestamp":"2026-06-11T04:53:21.043915Z","level":"info","event":"\u001b[36m        [Глубина 4/4] https://www.tbank.ru/invest/help/educate/dep-transfer/about/inheritance/?card=q5","logger":"task.stdout"}
{"timestamp":"2026-06-11T04:53:22.045486Z","level":"info","event":"\u001b[33m⬇️  https://www.tbank.ru/invest/help/educate/dep-transfer/about/inheritance/?card=q5","logger":"task.stdout"}
{"timestamp":"2026-06-11T04:53:22.866061Z","level":"info","event":"\u001b[32m✅ 1047517 байт","logger":"task.stdout"}
{"timestamp":"2026-06-11T04:53:23.026416Z","level":"info","event":"\u001b[32m   373 параграфов, 30770 символов","logger":"task.stdout"}
{"timestamp":"2026-06-11T04:53:23.088579Z","level":"info","event":"\u001b[36m💾 276_наследование_ценных_бумаг.json","logger":"task.stdout"}
{"timestamp":"2026-06-11T04:53:23.088922Z","level":"info","event":"\u001b[32m✅ Статья #276: Наследование ценных бумаг","logger":"task.stdout"}
{"timestamp":"2026-06-11T04:53:23.089208Z","level":"info","event":"","logger":"task.stdout"}
{"timestamp":"2026-06-11T04:53:23.089456Z","level":"info","event":"\u001b[36m        [Глубина 4/4] https://www.tbank.ru/invest/help/educate/dep-transfer/about/decree-138/","logger":"task.stdout"}
{"timestamp":"2026-06-11T04:53:24.037891Z","level":"info","event":"\u001b[33m⬇️  https://www.tbank.ru/invest/help/educate/dep-transfer/about/decree-138/","logger":"task.stdout"}
{"timestamp":"2026-06-11T04:53:24.880047Z","level":"info","event":"\u001b[32m✅ 564596 байт","logger":"task.stdout"}
{"timestamp":"2026-06-11T04:53:24.985376Z","level":"info","event":"\u001b[32m   219 параграфов, 10634 символов","logger":"task.stdout"}
{"timestamp":"2026-06-11T04:53:24.990747Z","level":"info","event":"\u001b[36m💾 277_обособление_российских_бумаг_после_депозитарного_перевода.json","logger":"task.stdout"}
{"timestamp":"2026-06-11T04:53:24.991377Z","level":"info","event":"\u001b[32m✅ Статья #277: Обособление российских бумаг после депозитарного п","logger":"task.stdout"}
{"timestamp":"2026-06-11T04:53:24.991546Z","level":"info","event":"","logger":"task.stdout"}
{"timestamp":"2026-06-11T04:53:24.991657Z","level":"info","event":"\u001b[36m        [Глубина 4/4] https://www.tbank.ru/invest/help/educate/dep-transfer/about/expense-docs/","logger":"task.stdout"}
{"timestamp":"2026-06-11T04:53:25.997788Z","level":"info","event":"\u001b[33m⬇️  https://www.tbank.ru/invest/help/educate/dep-transfer/about/expense-docs/","logger":"task.stdout"}
{"timestamp":"2026-06-11T04:53:27.200181Z","level":"info","event":"\u001b[32m✅ 784508 байт","logger":"task.stdout"}
{"timestamp":"2026-06-11T04:53:27.387058Z","level":"info","event":"\u001b[32m   296 параграфов, 19157 символов","logger":"task.stdout"}
{"timestamp":"2026-06-11T04:53:27.395777Z","level":"info","event":"\u001b[36m💾 278_документы_для_учета_бумаг_при_депозитарном_переводе_в_тбанк.json","logger":"task.stdout"}
{"timestamp":"2026-06-11T04:53:27.396466Z","level":"info","event":"\u001b[32m✅ Статья #278: Документы для учета бумаг при депозитарном перевод","logger":"task.stdout"}
{"timestamp":"2026-06-11T04:53:27.397119Z","level":"info","event":"","logger":"task.stdout"}
{"timestamp":"2026-06-11T04:53:27.397679Z","level":"info","event":"\u001b[36m        [Глубина 4/4] https://www.tbank.ru/invest/help/educate/dep-transfer/about/assets-transfers/","logger":"task.stdout"}
{"timestamp":"2026-06-11T04:53:28.407527Z","level":"info","event":"\u001b[33m⬇️  https://www.tbank.ru/invest/help/educate/dep-transfer/about/assets-transfers/","logger":"task.stdout"}
{"timestamp":"2026-06-11T04:53:29.306302Z","level":"info","event":"\u001b[32m✅ 703242 байт","logger":"task.stdout"}
{"timestamp":"2026-06-11T04:53:29.397721Z","level":"info","event":"\u001b[32m   263 параграфов, 17325 символов","logger":"task.stdout"}
{"timestamp":"2026-06-11T04:53:29.403157Z","level":"info","event":"\u001b[36m💾 279_как_перевести_бумаги_в_тинвестиции.json","logger":"task.stdout"}
{"timestamp":"2026-06-11T04:53:29.403496Z","level":"info","event":"\u001b[32m✅ Статья #279: Как перевести бумаги в Т‑Инвестиции","logger":"task.stdout"}
{"timestamp":"2026-06-11T04:53:29.403687Z","level":"info","event":"","logger":"task.stdout"}
{"timestamp":"2026-06-11T04:53:29.403868Z","level":"info","event":"\u001b[36m        [Глубина 4/4] https://www.tbank.ru/invest/help/brokerage/account/get-bs/assets-transfer/","logger":"task.stdout"}
{"timestamp":"2026-06-11T04:53:30.405196Z","level":"info","event":"\u001b[33m⬇️  https://www.tbank.ru/invest/help/brokerage/account/get-bs/assets-transfer/","logger":"task.stdout"}
{"timestamp":"2026-06-11T04:53:30.839421Z","level":"info","event":"\u001b[32m✅ 703358 байт","logger":"task.stdout"}
{"timestamp":"2026-06-11T04:53:30.915168Z","level":"info","event":"\u001b[32m   263 параграфов, 17325 символов","logger":"task.stdout"}
{"timestamp":"2026-06-11T04:53:30.926159Z","level":"info","event":"\u001b[36m💾 280_как_перевести_бумаги_в_тинвестиции.json","logger":"task.stdout"}
{"timestamp":"2026-06-11T04:53:30.926575Z","level":"info","event":"\u001b[32m✅ Статья #280: Как перевести бумаги в Т‑Инвестиции","logger":"task.stdout"}
{"timestamp":"2026-06-11T04:53:31.272901Z","level":"info","event":"","logger":"task.stdout"}
{"timestamp":"2026-06-11T04:53:31.273529Z","level":"info","event":"\u001b[33m💾 Checkpoint: 280 статей (31.8/мин)","logger":"task.stdout"}
{"timestamp":"2026-06-11T04:53:31.273593Z","level":"info","event":"","logger":"task.stdout"}
{"timestamp":"2026-06-11T04:53:31.273657Z","level":"info","event":"","logger":"task.stdout"}
{"timestamp":"2026-06-11T04:53:31.273703Z","level":"info","event":"\u001b[36m        [Глубина 4/4] https://www.tbank.ru/invest/help/educate/dep-transfer/about/inheritance/?card=q8","logger":"task.stdout"}
{"timestamp":"2026-06-11T04:53:32.269696Z","level":"info","event":"\u001b[33m⬇️  https://www.tbank.ru/invest/help/educate/dep-transfer/about/inheritance/?card=q8","logger":"task.stdout"}
{"timestamp":"2026-06-11T04:53:33.022842Z","level":"info","event":"\u001b[32m✅ 1047682 байт","logger":"task.stdout"}
{"timestamp":"2026-06-11T04:53:33.106301Z","level":"info","event":"\u001b[32m   373 параграфов, 30770 символов","logger":"task.stdout"}
{"timestamp":"2026-06-11T04:53:33.110424Z","level":"info","event":"\u001b[36m💾 281_наследование_ценных_бумаг.json","logger":"task.stdout"}
{"timestamp":"2026-06-11T04:53:33.110538Z","level":"info","event":"\u001b[32m✅ Статья #281: Наследование ценных бумаг","logger":"task.stdout"}
{"timestamp":"2026-06-11T04:53:33.110625Z","level":"info","event":"","logger":"task.stdout"}
{"timestamp":"2026-06-11T04:53:33.110680Z","level":"info","event":"\u001b[36m        [Глубина 4/4] https://www.tbank.ru/invest/help/educate/dep-transfer/","logger":"task.stdout"}
{"timestamp":"2026-06-11T04:53:34.115771Z","level":"info","event":"\u001b[33m⬇️  https://www.tbank.ru/invest/help/educate/dep-transfer/","logger":"task.stdout"}
{"timestamp":"2026-06-11T04:53:34.713249Z","level":"info","event":"\u001b[32m✅ 622346 байт","logger":"task.stdout"}
{"timestamp":"2026-06-11T04:53:34.795058Z","level":"info","event":"\u001b[32m   237 параграфов, 10076 символов","logger":"task.stdout"}
{"timestamp":"2026-06-11T04:53:34.796502Z","level":"info","event":"\u001b[36m💾 282_депозитарные_переводы.json","logger":"task.stdout"}
{"timestamp":"2026-06-11T04:53:34.796618Z","level":"info","event":"\u001b[32m✅ Статья #282: Депозитарные переводы","logger":"task.stdout"}
{"timestamp":"2026-06-11T04:53:34.796711Z","level":"info","event":"","logger":"task.stdout"}
{"timestamp":"2026-06-11T04:53:34.796839Z","level":"info","event":"\u001b[36m        [Глубина 4/4] https://www.tbank.ru/invest/help/educate/dep-transfer/about/inheritance/?card=q3","logger":"task.stdout"}
{"timestamp":"2026-06-11T04:53:35.797887Z","level":"info","event":"\u001b[33m⬇️  https://www.tbank.ru/invest/help/educate/dep-transfer/about/inheritance/?card=q3","logger":"task.stdout"}
{"timestamp":"2026-06-11T04:53:36.572839Z","level":"info","event":"\u001b[32m✅ 1047611 байт","logger":"task.stdout"}
{"timestamp":"2026-06-11T04:53:36.665322Z","level":"info","event":"\u001b[32m   373 параграфов, 30770 символов","logger":"task.stdout"}
{"timestamp":"2026-06-11T04:53:36.669637Z","level":"info","event":"\u001b[36m💾 283_наследование_ценных_бумаг.json","logger":"task.stdout"}
{"timestamp":"2026-06-11T04:53:36.669762Z","level":"info","event":"\u001b[32m✅ Статья #283: Наследование ценных бумаг","logger":"task.stdout"}
{"timestamp":"2026-06-11T04:53:36.669840Z","level":"info","event":"","logger":"task.stdout"}
{"timestamp":"2026-06-11T04:53:36.669923Z","level":"info","event":"\u001b[36m      [Глубина 3/4] https://www.tbank.ru/invest/help/educate/how-it-works/what-is-exchange/type-of-securities/?card=q4","logger":"task.stdout"}
{"timestamp":"2026-06-11T04:53:37.676814Z","level":"info","event":"\u001b[33m⬇️  https://www.tbank.ru/invest/help/educate/how-it-works/what-is-exchange/type-of-securities/?card=q4","logger":"task.stdout"}
{"timestamp":"2026-06-11T04:53:38.372436Z","level":"info","event":"\u001b[32m✅ 847986 байт","logger":"task.stdout"}
{"timestamp":"2026-06-11T04:53:38.452796Z","level":"info","event":"\u001b[32m   301 параграфов, 21134 символов","logger":"task.stdout"}
{"timestamp":"2026-06-11T04:53:38.456087Z","level":"info","event":"\u001b[36m💾 284_эмиссионные_ценные_бумаги_виды_и_признаки.json","logger":"task.stdout"}
{"timestamp":"2026-06-11T04:53:38.456185Z","level":"info","event":"\u001b[32m✅ Статья #284: Эмиссионные ценные бумаги: виды и признаки","logger":"task.stdout"}
{"timestamp":"2026-06-11T04:53:38.459014Z","level":"error","event":"\r                                                          \u001b[A","logger":"task.stderr"}
{"timestamp":"2026-06-11T04:53:38.468609Z","level":"error","event":"\rФильтрация ссылок:   0%|          | 0/398 [00:00<?, ?it/s]\u001b[A","logger":"task.stderr"}
{"timestamp":"2026-06-11T04:53:38.469003Z","level":"info","event":"\u001b[32m   Новых ссылок: 9","logger":"task.stdout"}
{"timestamp":"2026-06-11T04:53:38.469245Z","level":"info","event":"","logger":"task.stdout"}
{"timestamp":"2026-06-11T04:53:38.470249Z","level":"info","event":"\u001b[36m        [Глубина 4/4] https://www.tbank.ru/invest/help/educate/how-it-works/what-is-exchange/investment-features/?card=q9","logger":"task.stdout"}
{"timestamp":"2026-06-11T04:53:39.470250Z","level":"info","event":"\u001b[33m⬇️  https://www.tbank.ru/invest/help/educate/how-it-works/what-is-exchange/investment-features/?card=q9","logger":"task.stdout"}
{"timestamp":"2026-06-11T04:53:40.329911Z","level":"info","event":"\u001b[32m✅ 776806 байт","logger":"task.stdout"}
{"timestamp":"2026-06-11T04:53:40.383685Z","level":"info","event":"\u001b[32m   273 параграфов, 18040 символов","logger":"task.stdout"}
{"timestamp":"2026-06-11T04:53:40.385355Z","level":"info","event":"\u001b[36m💾 285_особенности_инвестирования_на_бирже.json","logger":"task.stdout"}
{"timestamp":"2026-06-11T04:53:40.385442Z","level":"info","event":"\u001b[32m✅ Статья #285: Особенности инвестирования на бирже","logger":"task.stdout"}
{"timestamp":"2026-06-11T04:53:40.385516Z","level":"info","event":"","logger":"task.stdout"}
{"timestamp":"2026-06-11T04:53:40.385583Z","level":"info","event":"\u001b[36m        [Глубина 4/4] https://www.tbank.ru/invest/help/educate/how-it-works/what-is-exchange/type-of-securities/?card=q8","logger":"task.stdout"}
{"timestamp":"2026-06-11T04:53:41.394163Z","level":"info","event":"\u001b[33m⬇️  https://www.tbank.ru/invest/help/educate/how-it-works/what-is-exchange/type-of-securities/?card=q8","logger":"task.stdout"}
{"timestamp":"2026-06-11T04:53:42.130378Z","level":"info","event":"\u001b[32m✅ 848073 байт","logger":"task.stdout"}
{"timestamp":"2026-06-11T04:53:42.220825Z","level":"info","event":"\u001b[32m   301 параграфов, 21134 символов","logger":"task.stdout"}
{"timestamp":"2026-06-11T04:53:42.222965Z","level":"info","event":"\u001b[36m💾 286_эмиссионные_ценные_бумаги_виды_и_признаки.json","logger":"task.stdout"}
{"timestamp":"2026-06-11T04:53:42.223048Z","level":"info","event":"\u001b[32m✅ Статья #286: Эмиссионные ценные бумаги: виды и признаки","logger":"task.stdout"}
{"timestamp":"2026-06-11T04:53:42.223110Z","level":"info","event":"","logger":"task.stdout"}
{"timestamp":"2026-06-11T04:53:42.223175Z","level":"info","event":"\u001b[36m        [Глубина 4/4] https://www.tbank.ru/invest/help/educate/how-it-works/what-is-exchange/type-of-securities/?card=q6","logger":"task.stdout"}
{"timestamp":"2026-06-11T04:53:43.228024Z","level":"info","event":"\u001b[33m⬇️  https://www.tbank.ru/invest/help/educate/how-it-works/what-is-exchange/type-of-securities/?card=q6","logger":"task.stdout"}
{"timestamp":"2026-06-11T04:53:44.124445Z","level":"info","event":"\u001b[32m✅ 848045 байт","logger":"task.stdout"}
{"timestamp":"2026-06-11T04:53:44.213744Z","level":"info","event":"\u001b[32m   301 параграфов, 21134 символов","logger":"task.stdout"}
{"timestamp":"2026-06-11T04:53:44.220695Z","level":"info","event":"\u001b[36m💾 287_эмиссионные_ценные_бумаги_виды_и_признаки.json","logger":"task.stdout"}
{"timestamp":"2026-06-11T04:53:44.221198Z","level":"info","event":"\u001b[32m✅ Статья #287: Эмиссионные ценные бумаги: виды и признаки","logger":"task.stdout"}
{"timestamp":"2026-06-11T04:53:44.221377Z","level":"info","event":"","logger":"task.stdout"}
{"timestamp":"2026-06-11T04:53:44.221553Z","level":"info","event":"\u001b[36m        [Глубина 4/4] https://www.tbank.ru/invest/help/educate/qualification/about/how-get/?card=q1","logger":"task.stdout"}
{"timestamp":"2026-06-11T04:53:45.224690Z","level":"info","event":"\u001b[33m⬇️  https://www.tbank.ru/invest/help/educate/qualification/about/how-get/?card=q1","logger":"task.stdout"}
{"timestamp":"2026-06-11T04:53:46.127982Z","level":"info","event":"\u001b[32m✅ 684104 байт","logger":"task.stdout"}
{"timestamp":"2026-06-11T04:53:46.183082Z","level":"info","event":"\u001b[32m   225 параграфов, 11938 символов","logger":"task.stdout"}
{"timestamp":"2026-06-11T04:53:46.186070Z","level":"info","event":"\u001b[36m💾 288_как_получить_статус_квалифицированного_инвестора.json","logger":"task.stdout"}
{"timestamp":"2026-06-11T04:53:46.186198Z","level":"info","event":"\u001b[32m✅ Статья #288: Как получить статус квалифицированного инвестора","logger":"task.stdout"}
{"timestamp":"2026-06-11T04:53:46.186275Z","level":"info","event":"","logger":"task.stdout"}
{"timestamp":"2026-06-11T04:53:46.186364Z","level":"info","event":"\u001b[36m        [Глубина 4/4] https://www.tbank.ru/invest/help/educate/how-it-works/what-is-exchange/type-of-securities/?card=q7","logger":"task.stdout"}
{"timestamp":"2026-06-11T04:53:47.189612Z","level":"info","event":"\u001b[33m⬇️  https://www.tbank.ru/invest/help/educate/how-it-works/what-is-exchange/type-of-securities/?card=q7","logger":"task.stdout"}
{"timestamp":"2026-06-11T04:53:47.880322Z","level":"info","event":"\u001b[32m✅ 847903 байт","logger":"task.stdout"}
{"timestamp":"2026-06-11T04:53:47.977080Z","level":"info","event":"\u001b[32m   301 параграфов, 21134 символов","logger":"task.stdout"}
{"timestamp":"2026-06-11T04:53:47.979621Z","level":"info","event":"\u001b[36m💾 289_эмиссионные_ценные_бумаги_виды_и_признаки.json","logger":"task.stdout"}
{"timestamp":"2026-06-11T04:53:47.979742Z","level":"info","event":"\u001b[32m✅ Статья #289: Эмиссионные ценные бумаги: виды и признаки","logger":"task.stdout"}
{"timestamp":"2026-06-11T04:53:47.979814Z","level":"info","event":"","logger":"task.stdout"}
{"timestamp":"2026-06-11T04:53:47.979886Z","level":"info","event":"\u001b[36m        [Глубина 4/4] https://www.tbank.ru/invest/help/educate/how-it-works/what-is-exchange/type-of-securities/?card=q3","logger":"task.stdout"}
{"timestamp":"2026-06-11T04:53:48.983031Z","level":"info","event":"\u001b[33m⬇️  https://www.tbank.ru/invest/help/educate/how-it-works/what-is-exchange/type-of-securities/?card=q3","logger":"task.stdout"}
{"timestamp":"2026-06-11T04:53:50.020794Z","level":"info","event":"\u001b[32m✅ 847666 байт","logger":"task.stdout"}
{"timestamp":"2026-06-11T04:53:50.078990Z","level":"info","event":"\u001b[32m   301 параграфов, 21134 символов","logger":"task.stdout"}
{"timestamp":"2026-06-11T04:53:50.082396Z","level":"info","event":"\u001b[36m💾 290_эмиссионные_ценные_бумаги_виды_и_признаки.json","logger":"task.stdout"}
{"timestamp":"2026-06-11T04:53:50.082552Z","level":"info","event":"\u001b[32m✅ Статья #290: Эмиссионные ценные бумаги: виды и признаки","logger":"task.stdout"}
{"timestamp":"2026-06-11T04:53:50.309191Z","level":"info","event":"","logger":"task.stdout"}
{"timestamp":"2026-06-11T04:53:50.309404Z","level":"info","event":"\u001b[33m💾 Checkpoint: 290 статей (31.7/мин)","logger":"task.stdout"}
{"timestamp":"2026-06-11T04:53:50.354569Z","level":"info","event":"","logger":"task.stdout"}
{"timestamp":"2026-06-11T04:53:50.354779Z","level":"info","event":"","logger":"task.stdout"}
{"timestamp":"2026-06-11T04:53:50.354875Z","level":"info","event":"\u001b[36m        [Глубина 4/4] https://www.tbank.ru/invest/help/educate/how-it-works/what-is-exchange/type-of-securities/?card=q10","logger":"task.stdout"}
{"timestamp":"2026-06-11T04:53:51.315359Z","level":"info","event":"\u001b[33m⬇️  https://www.tbank.ru/invest/help/educate/how-it-works/what-is-exchange/type-of-securities/?card=q10","logger":"task.stdout"}
{"timestamp":"2026-06-11T04:53:52.280319Z","level":"info","event":"\u001b[32m✅ 847904 байт","logger":"task.stdout"}
{"timestamp":"2026-06-11T04:53:52.602455Z","level":"info","event":"\u001b[32m   301 параграфов, 21134 символов","logger":"task.stdout"}
{"timestamp":"2026-06-11T04:53:52.608147Z","level":"info","event":"\u001b[36m💾 291_эмиссионные_ценные_бумаги_виды_и_признаки.json","logger":"task.stdout"}
{"timestamp":"2026-06-11T04:53:52.608508Z","level":"info","event":"\u001b[32m✅ Статья #291: Эмиссионные ценные бумаги: виды и признаки","logger":"task.stdout"}
{"timestamp":"2026-06-11T04:53:52.608674Z","level":"info","event":"","logger":"task.stdout"}
{"timestamp":"2026-06-11T04:53:52.608765Z","level":"info","event":"\u001b[36m        [Глубина 4/4] https://www.tbank.ru/invest/help/educate/how-it-works/what-is-exchange/type-of-securities/?card=q5","logger":"task.stdout"}
{"timestamp":"2026-06-11T04:53:53.615449Z","level":"info","event":"\u001b[33m⬇️  https://www.tbank.ru/invest/help/educate/how-it-works/what-is-exchange/type-of-securities/?card=q5","logger":"task.stdout"}
{"timestamp":"2026-06-11T04:53:54.616425Z","level":"info","event":"\u001b[32m✅ 847931 байт","logger":"task.stdout"}
{"timestamp":"2026-06-11T04:53:54.707455Z","level":"info","event":"\u001b[32m   301 параграфов, 21134 символов","logger":"task.stdout"}
{"timestamp":"2026-06-11T04:53:54.709290Z","level":"info","event":"\u001b[36m💾 292_эмиссионные_ценные_бумаги_виды_и_признаки.json","logger":"task.stdout"}
{"timestamp":"2026-06-11T04:53:54.709399Z","level":"info","event":"\u001b[32m✅ Статья #292: Эмиссионные ценные бумаги: виды и признаки","logger":"task.stdout"}
{"timestamp":"2026-06-11T04:53:54.709481Z","level":"info","event":"","logger":"task.stdout"}
{"timestamp":"2026-06-11T04:53:54.709536Z","level":"info","event":"\u001b[36m        [Глубина 4/4] https://www.tbank.ru/invest/help/brokerage/account/forts/about/?card=q1","logger":"task.stdout"}
{"timestamp":"2026-06-11T04:53:55.713370Z","level":"info","event":"\u001b[33m⬇️  https://www.tbank.ru/invest/help/brokerage/account/forts/about/?card=q1","logger":"task.stdout"}
{"timestamp":"2026-06-11T04:53:56.433252Z","level":"info","event":"\u001b[32m✅ 690223 байт","logger":"task.stdout"}
{"timestamp":"2026-06-11T04:53:56.502100Z","level":"info","event":"\u001b[32m   246 параграфов, 12490 символов","logger":"task.stdout"}
{"timestamp":"2026-06-11T04:53:56.504856Z","level":"info","event":"\u001b[36m💾 293_как_работает_срочный_рынок.json","logger":"task.stdout"}
{"timestamp":"2026-06-11T04:53:56.505269Z","level":"info","event":"\u001b[32m✅ Статья #293: Как работает срочный рынок","logger":"task.stdout"}
{"timestamp":"2026-06-11T04:53:56.505399Z","level":"info","event":"","logger":"task.stdout"}
{"timestamp":"2026-06-11T04:53:56.505580Z","level":"info","event":"\u001b[36m  [Глубина 1/4] https://www.tbank.ru/invest/help/educate/how-it-works/ways-to-invest/stocks/?card=q5","logger":"task.stdout"}
{"timestamp":"2026-06-11T04:53:57.512592Z","level":"info","event":"\u001b[33m⬇️  https://www.tbank.ru/invest/help/educate/how-it-works/ways-to-invest/stocks/?card=q5","logger":"task.stdout"}
{"timestamp":"2026-06-11T04:53:58.252960Z","level":"info","event":"\u001b[32m✅ 800604 байт","logger":"task.stdout"}
{"timestamp":"2026-06-11T04:53:58.513026Z","level":"info","event":"\u001b[32m   288 параграфов, 19183 символов","logger":"task.stdout"}
{"timestamp":"2026-06-11T04:53:58.530556Z","level":"info","event":"\u001b[36m💾 294_что_такое_акции.json","logger":"task.stdout"}
{"timestamp":"2026-06-11T04:53:58.530871Z","level":"info","event":"\u001b[32m✅ Статья #294: Что такое акции","logger":"task.stdout"}
{"timestamp":"2026-06-11T04:53:58.539348Z","level":"error","event":"\r                                                          \u001b[A","logger":"task.stderr"}
{"timestamp":"2026-06-11T04:53:58.554563Z","level":"error","event":"\rФильтрация ссылок:   0%|          | 0/394 [00:00<?, ?it/s]\u001b[A","logger":"task.stderr"}
{"timestamp":"2026-06-11T04:53:58.555481Z","level":"info","event":"\u001b[32m   Новых ссылок: 11","logger":"task.stdout"}
{"timestamp":"2026-06-11T04:53:58.556650Z","level":"info","event":"","logger":"task.stdout"}
{"timestamp":"2026-06-11T04:53:58.558619Z","level":"info","event":"\u001b[36m    [Глубина 2/4] https://www.tbank.ru/invest/help/educate/how-it-works/what-is-exchange/exchange-members/?card=q2","logger":"task.stdout"}
{"timestamp":"2026-06-11T04:53:59.563078Z","level":"info","event":"\u001b[33m⬇️  https://www.tbank.ru/invest/help/educate/how-it-works/what-is-exchange/exchange-members/?card=q2","logger":"task.stdout"}
{"timestamp":"2026-06-11T04:54:00.462520Z","level":"info","event":"\u001b[32m✅ 731201 байт","logger":"task.stdout"}
{"timestamp":"2026-06-11T04:54:00.517167Z","level":"info","event":"\u001b[32m   269 параграфов, 15927 символов","logger":"task.stdout"}
{"timestamp":"2026-06-11T04:54:00.521175Z","level":"info","event":"\u001b[36m💾 295_участники_рынка_ценных_бумаг.json","logger":"task.stdout"}
{"timestamp":"2026-06-11T04:54:00.521413Z","level":"info","event":"\u001b[32m✅ Статья #295: Участники рынка ценных бумаг","logger":"task.stdout"}
{"timestamp":"2026-06-11T04:54:00.523498Z","level":"error","event":"\r                                                          \u001b[A","logger":"task.stderr"}
{"timestamp":"2026-06-11T04:54:00.528518Z","level":"error","event":"\rФильтрация ссылок:   0%|          | 0/392 [00:00<?, ?it/s]\u001b[A","logger":"task.stderr"}
{"timestamp":"2026-06-11T04:54:00.528827Z","level":"info","event":"\u001b[32m   Новых ссылок: 7","logger":"task.stdout"}
{"timestamp":"2026-06-11T04:54:00.528975Z","level":"info","event":"","logger":"task.stdout"}
{"timestamp":"2026-06-11T04:54:00.529101Z","level":"info","event":"\u001b[36m      [Глубина 3/4] https://www.tbank.ru/invest/help/educate/how-it-works/what-is-exchange/exchange-members/?card=q3","logger":"task.stdout"}
{"timestamp":"2026-06-11T04:54:01.533081Z","level":"info","event":"\u001b[33m⬇️  https://www.tbank.ru/invest/help/educate/how-it-works/what-is-exchange/exchange-members/?card=q3","logger":"task.stdout"}
{"timestamp":"2026-06-11T04:54:02.309431Z","level":"info","event":"\u001b[32m✅ 731229 байт","logger":"task.stdout"}
{"timestamp":"2026-06-11T04:54:02.389350Z","level":"info","event":"\u001b[32m   269 параграфов, 15927 символов","logger":"task.stdout"}
{"timestamp":"2026-06-11T04:54:02.396989Z","level":"info","event":"\u001b[36m💾 296_участники_рынка_ценных_бумаг.json","logger":"task.stdout"}
{"timestamp":"2026-06-11T04:54:02.397212Z","level":"info","event":"\u001b[32m✅ Статья #296: Участники рынка ценных бумаг","logger":"task.stdout"}
{"timestamp":"2026-06-11T04:54:02.398933Z","level":"error","event":"\r                                                          \u001b[A","logger":"task.stderr"}
{"timestamp":"2026-06-11T04:54:02.403558Z","level":"error","event":"\rФильтрация ссылок:   0%|          | 0/392 [00:00<?, ?it/s]\u001b[A","logger":"task.stderr"}
{"timestamp":"2026-06-11T04:54:02.403651Z","level":"info","event":"\u001b[32m   Новых ссылок: 6","logger":"task.stdout"}
{"timestamp":"2026-06-11T04:54:02.403756Z","level":"info","event":"","logger":"task.stdout"}
{"timestamp":"2026-06-11T04:54:02.403863Z","level":"info","event":"\u001b[36m        [Глубина 4/4] https://www.tbank.ru/invest/help/educate/how-it-works/what-is-exchange/exchange-members/?card=q5","logger":"task.stdout"}
{"timestamp":"2026-06-11T04:54:03.414413Z","level":"info","event":"\u001b[33m⬇️  https://www.tbank.ru/invest/help/educate/how-it-works/what-is-exchange/exchange-members/?card=q5","logger":"task.stdout"}
{"timestamp":"2026-06-11T04:54:04.350153Z","level":"info","event":"\u001b[32m✅ 731371 байт","logger":"task.stdout"}
{"timestamp":"2026-06-11T04:54:04.418544Z","level":"info","event":"\u001b[32m   269 параграфов, 15927 символов","logger":"task.stdout"}
{"timestamp":"2026-06-11T04:54:04.420770Z","level":"info","event":"\u001b[36m💾 297_участники_рынка_ценных_бумаг.json","logger":"task.stdout"}
{"timestamp":"2026-06-11T04:54:04.420902Z","level":"info","event":"\u001b[32m✅ Статья #297: Участники рынка ценных бумаг","logger":"task.stdout"}
{"timestamp":"2026-06-11T04:54:04.420982Z","level":"info","event":"","logger":"task.stdout"}
{"timestamp":"2026-06-11T04:54:04.421053Z","level":"info","event":"\u001b[36m        [Глубина 4/4] https://www.tbank.ru/invest/help/educate/how-it-works/what-is-exchange/exchange-members/?card=q6","logger":"task.stdout"}
{"timestamp":"2026-06-11T04:54:05.423484Z","level":"info","event":"\u001b[33m⬇️  https://www.tbank.ru/invest/help/educate/how-it-works/what-is-exchange/exchange-members/?card=q6","logger":"task.stdout"}
{"timestamp":"2026-06-11T04:54:06.177320Z","level":"info","event":"\u001b[32m✅ 730826 байт","logger":"task.stdout"}
{"timestamp":"2026-06-11T04:54:06.255361Z","level":"info","event":"\u001b[32m   269 параграфов, 15927 символов","logger":"task.stdout"}
{"timestamp":"2026-06-11T04:54:06.256852Z","level":"info","event":"\u001b[36m💾 298_участники_рынка_ценных_бумаг.json","logger":"task.stdout"}
{"timestamp":"2026-06-11T04:54:06.256958Z","level":"info","event":"\u001b[32m✅ Статья #298: Участники рынка ценных бумаг","logger":"task.stdout"}
{"timestamp":"2026-06-11T04:54:06.257017Z","level":"info","event":"","logger":"task.stdout"}
{"timestamp":"2026-06-11T04:54:06.257071Z","level":"info","event":"\u001b[36m        [Глубина 4/4] https://www.tbank.ru/invest/help/educate/how-it-works/what-is-exchange/exchange-members/?card=q4","logger":"task.stdout"}
{"timestamp":"2026-06-11T04:54:07.261037Z","level":"info","event":"\u001b[33m⬇️  https://www.tbank.ru/invest/help/educate/how-it-works/what-is-exchange/exchange-members/?card=q4","logger":"task.stdout"}
{"timestamp":"2026-06-11T04:54:07.933154Z","level":"info","event":"\u001b[32m✅ 730970 байт","logger":"task.stdout"}
{"timestamp":"2026-06-11T04:54:08.008295Z","level":"info","event":"\u001b[32m   269 параграфов, 15927 символов","logger":"task.stdout"}
{"timestamp":"2026-06-11T04:54:08.011249Z","level":"info","event":"\u001b[36m💾 299_участники_рынка_ценных_бумаг.json","logger":"task.stdout"}
{"timestamp":"2026-06-11T04:54:08.011366Z","level":"info","event":"\u001b[32m✅ Статья #299: Участники рынка ценных бумаг","logger":"task.stdout"}
{"timestamp":"2026-06-11T04:54:08.011463Z","level":"info","event":"","logger":"task.stdout"}
{"timestamp":"2026-06-11T04:54:08.011563Z","level":"info","event":"\u001b[36m        [Глубина 4/4] https://www.tbank.ru/invest/help/brokerage/account/get-bs/assets-transfer/?card=q2","logger":"task.stdout"}
{"timestamp":"2026-06-11T04:54:09.012166Z","level":"info","event":"\u001b[33m⬇️  https://www.tbank.ru/invest/help/brokerage/account/get-bs/assets-transfer/?card=q2","logger":"task.stdout"}
{"timestamp":"2026-06-11T04:54:10.280963Z","level":"info","event":"\u001b[32m✅ 702848 байт","logger":"task.stdout"}
{"timestamp":"2026-06-11T04:54:10.392430Z","level":"info","event":"\u001b[32m   263 параграфов, 17325 символов","logger":"task.stdout"}
{"timestamp":"2026-06-11T04:54:10.398105Z","level":"info","event":"\u001b[36m💾 300_как_перевести_бумаги_в_тинвестиции.json","logger":"task.stdout"}
{"timestamp":"2026-06-11T04:54:10.399400Z","level":"info","event":"\u001b[32m✅ Статья #300: Как перевести бумаги в Т‑Инвестиции","logger":"task.stdout"}
{"timestamp":"2026-06-11T04:54:10.762002Z","level":"info","event":"","logger":"task.stdout"}
{"timestamp":"2026-06-11T04:54:10.762207Z","level":"info","event":"\u001b[33m💾 Checkpoint: 300 статей (31.7/мин)","logger":"task.stdout"}
{"timestamp":"2026-06-11T04:54:10.762308Z","level":"info","event":"","logger":"task.stdout"}
{"timestamp":"2026-06-11T04:54:10.762353Z","level":"info","event":"","logger":"task.stdout"}
{"timestamp":"2026-06-11T04:54:10.762409Z","level":"info","event":"\u001b[36m        [Глубина 4/4] https://www.tbank.ru/invest/help/educate/how-it-works/what-is-exchange/exchange-members/?card=q1","logger":"task.stdout"}
{"timestamp":"2026-06-11T04:54:11.771169Z","level":"info","event":"\u001b[33m⬇️  https://www.tbank.ru/invest/help/educate/how-it-works/what-is-exchange/exchange-members/?card=q1","logger":"task.stdout"}
{"timestamp":"2026-06-11T04:54:12.649783Z","level":"info","event":"\u001b[32m✅ 731006 байт","logger":"task.stdout"}
{"timestamp":"2026-06-11T04:54:12.773530Z","level":"info","event":"\u001b[32m   269 параграфов, 15927 символов","logger":"task.stdout"}
{"timestamp":"2026-06-11T04:54:12.775706Z","level":"info","event":"\u001b[36m💾 301_участники_рынка_ценных_бумаг.json","logger":"task.stdout"}
{"timestamp":"2026-06-11T04:54:12.775841Z","level":"info","event":"\u001b[32m✅ Статья #301: Участники рынка ценных бумаг","logger":"task.stdout"}
{"timestamp":"2026-06-11T04:54:12.775933Z","level":"info","event":"","logger":"task.stdout"}
{"timestamp":"2026-06-11T04:54:12.776002Z","level":"info","event":"\u001b[36m        [Глубина 4/4] https://www.tbank.ru/invest/help/brokerage/account/about-bs/guarantees/?card=q2","logger":"task.stdout"}
{"timestamp":"2026-06-11T04:54:13.779702Z","level":"info","event":"\u001b[33m⬇️  https://www.tbank.ru/invest/help/brokerage/account/about-bs/guarantees/?card=q2","logger":"task.stdout"}
{"timestamp":"2026-06-11T04:54:14.769744Z","level":"info","event":"\u001b[32m✅ 751858 байт","logger":"task.stdout"}
{"timestamp":"2026-06-11T04:54:14.841700Z","level":"info","event":"\u001b[32m   253 параграфов, 16571 символов","logger":"task.stdout"}
{"timestamp":"2026-06-11T04:54:14.843806Z","level":"info","event":"\u001b[36m💾 302_что_такое_брокерский_счет.json","logger":"task.stdout"}
{"timestamp":"2026-06-11T04:54:14.843916Z","level":"info","event":"\u001b[32m✅ Статья #302: Что такое брокерский счет","logger":"task.stdout"}
{"timestamp":"2026-06-11T04:54:14.844033Z","level":"info","event":"","logger":"task.stdout"}
{"timestamp":"2026-06-11T04:54:14.844108Z","level":"info","event":"\u001b[36m    [Глубина 2/4] https://www.tbank.ru/invest/help/educate/how-it-works/ways-to-invest/stocks/?card=q4","logger":"task.stdout"}
{"timestamp":"2026-06-11T04:54:15.853666Z","level":"info","event":"\u001b[33m⬇️  https://www.tbank.ru/invest/help/educate/how-it-works/ways-to-invest/stocks/?card=q4","logger":"task.stdout"}
{"timestamp":"2026-06-11T04:54:16.542112Z","level":"info","event":"\u001b[32m✅ 799893 байт","logger":"task.stdout"}
{"timestamp":"2026-06-11T04:54:16.615546Z","level":"info","event":"\u001b[32m   288 параграфов, 19183 символов","logger":"task.stdout"}
{"timestamp":"2026-06-11T04:54:16.618386Z","level":"info","event":"\u001b[36m💾 303_что_такое_акции.json","logger":"task.stdout"}
{"timestamp":"2026-06-11T04:54:16.622853Z","level":"info","event":"\u001b[32m✅ Статья #303: Что такое акции","logger":"task.stdout"}
{"timestamp":"2026-06-11T04:54:16.624371Z","level":"error","event":"\r                                                          \u001b[A","logger":"task.stderr"}
{"timestamp":"2026-06-11T04:54:16.634112Z","level":"error","event":"\rФильтрация ссылок:   0%|          | 0/394 [00:00<?, ?it/s]\u001b[A","logger":"task.stderr"}
{"timestamp":"2026-06-11T04:54:16.634311Z","level":"info","event":"\u001b[32m   Новых ссылок: 9","logger":"task.stdout"}
{"timestamp":"2026-06-11T04:54:16.634434Z","level":"info","event":"","logger":"task.stdout"}
{"timestamp":"2026-06-11T04:54:16.634501Z","level":"info","event":"\u001b[36m      [Глубина 3/4] https://www.tbank.ru/invest/help/brokerage/account/forts/options/?card=q1","logger":"task.stdout"}
{"timestamp":"2026-06-11T04:54:17.636371Z","level":"info","event":"\u001b[33m⬇️  https://www.tbank.ru/invest/help/brokerage/account/forts/options/?card=q1","logger":"task.stdout"}
{"timestamp":"2026-06-11T04:54:18.599559Z","level":"info","event":"\u001b[32m✅ 919140 байт","logger":"task.stdout"}
{"timestamp":"2026-06-11T04:54:18.881243Z","level":"info","event":"\u001b[32m   328 параграфов, 24504 символов","logger":"task.stdout"}
{"timestamp":"2026-06-11T04:54:18.891722Z","level":"info","event":"\u001b[36m💾 304_как_устроена_биржа_опционов.json","logger":"task.stdout"}
{"timestamp":"2026-06-11T04:54:18.896583Z","level":"info","event":"\u001b[32m✅ Статья #304: Как устроена биржа опционов","logger":"task.stdout"}
{"timestamp":"2026-06-11T04:54:18.904534Z","level":"error","event":"\r                                                          \u001b[A","logger":"task.stderr"}
{"timestamp":"2026-06-11T04:54:18.920227Z","level":"error","event":"\rФильтрация ссылок:   0%|          | 0/387 [00:00<?, ?it/s]\u001b[A","logger":"task.stderr"}
{"timestamp":"2026-06-11T04:54:18.921866Z","level":"info","event":"\u001b[32m   Новых ссылок: 6","logger":"task.stdout"}
{"timestamp":"2026-06-11T04:54:18.922372Z","level":"info","event":"","logger":"task.stdout"}
{"timestamp":"2026-06-11T04:54:18.922566Z","level":"info","event":"\u001b[36m        [Глубина 4/4] https://www.tbank.ru/invest/help/brokerage/account/forts/options/?card=q4","logger":"task.stdout"}
{"timestamp":"2026-06-11T04:54:19.923932Z","level":"info","event":"\u001b[33m⬇️  https://www.tbank.ru/invest/help/brokerage/account/forts/options/?card=q4","logger":"task.stdout"}
{"timestamp":"2026-06-11T04:54:20.834831Z","level":"info","event":"\u001b[32m✅ 918984 байт","logger":"task.stdout"}
{"timestamp":"2026-06-11T04:54:20.903906Z","level":"info","event":"\u001b[32m   328 параграфов, 24504 символов","logger":"task.stdout"}
{"timestamp":"2026-06-11T04:54:20.905889Z","level":"info","event":"\u001b[36m💾 305_как_устроена_биржа_опционов.json","logger":"task.stdout"}
{"timestamp":"2026-06-11T04:54:20.905966Z","level":"info","event":"\u001b[32m✅ Статья #305: Как устроена биржа опционов","logger":"task.stdout"}
{"timestamp":"2026-06-11T04:54:20.906076Z","level":"info","event":"","logger":"task.stdout"}
{"timestamp":"2026-06-11T04:54:20.906132Z","level":"info","event":"\u001b[36m        [Глубина 4/4] https://www.tbank.ru/invest/help/brokerage/account/forts/options/?card=q3","logger":"task.stdout"}
{"timestamp":"2026-06-11T04:54:21.908185Z","level":"info","event":"\u001b[33m⬇️  https://www.tbank.ru/invest/help/brokerage/account/forts/options/?card=q3","logger":"task.stdout"}
{"timestamp":"2026-06-11T04:54:22.683184Z","level":"info","event":"\u001b[32m✅ 918634 байт","logger":"task.stdout"}
{"timestamp":"2026-06-11T04:54:22.770822Z","level":"info","event":"\u001b[32m   328 параграфов, 24504 символов","logger":"task.stdout"}
{"timestamp":"2026-06-11T04:54:22.772578Z","level":"info","event":"\u001b[36m💾 306_как_устроена_биржа_опционов.json","logger":"task.stdout"}
{"timestamp":"2026-06-11T04:54:22.772701Z","level":"info","event":"\u001b[32m✅ Статья #306: Как устроена биржа опционов","logger":"task.stdout"}
{"timestamp":"2026-06-11T04:54:22.772777Z","level":"info","event":"","logger":"task.stdout"}
{"timestamp":"2026-06-11T04:54:22.772849Z","level":"info","event":"\u001b[36m        [Глубина 4/4] https://www.tbank.ru/invest/help/brokerage/account/forts/options/?card=q5","logger":"task.stdout"}
{"timestamp":"2026-06-11T04:54:23.779281Z","level":"info","event":"\u001b[33m⬇️  https://www.tbank.ru/invest/help/brokerage/account/forts/options/?card=q5","logger":"task.stdout"}
{"timestamp":"2026-06-11T04:54:24.766449Z","level":"info","event":"\u001b[32m✅ 918805 байт","logger":"task.stdout"}
{"timestamp":"2026-06-11T04:54:24.875114Z","level":"info","event":"\u001b[32m   328 параграфов, 24504 символов","logger":"task.stdout"}
{"timestamp":"2026-06-11T04:54:24.883503Z","level":"info","event":"\u001b[36m💾 307_как_устроена_биржа_опционов.json","logger":"task.stdout"}
{"timestamp":"2026-06-11T04:54:24.883812Z","level":"info","event":"\u001b[32m✅ Статья #307: Как устроена биржа опционов","logger":"task.stdout"}
{"timestamp":"2026-06-11T04:54:24.883995Z","level":"info","event":"","logger":"task.stdout"}
{"timestamp":"2026-06-11T04:54:24.884179Z","level":"info","event":"\u001b[36m        [Глубина 4/4] https://www.tbank.ru/invest/help/brokerage/account/forts/options/?card=q6","logger":"task.stdout"}
{"timestamp":"2026-06-11T04:54:25.886814Z","level":"info","event":"\u001b[33m⬇️  https://www.tbank.ru/invest/help/brokerage/account/forts/options/?card=q6","logger":"task.stdout"}
{"timestamp":"2026-06-11T04:54:26.684224Z","level":"info","event":"\u001b[32m✅ 918691 байт","logger":"task.stdout"}
{"timestamp":"2026-06-11T04:54:26.778553Z","level":"info","event":"\u001b[32m   328 параграфов, 24504 символов","logger":"task.stdout"}
{"timestamp":"2026-06-11T04:54:26.781498Z","level":"info","event":"\u001b[36m💾 308_как_устроена_биржа_опционов.json","logger":"task.stdout"}
{"timestamp":"2026-06-11T04:54:26.781659Z","level":"info","event":"\u001b[32m✅ Статья #308: Как устроена биржа опционов","logger":"task.stdout"}
{"timestamp":"2026-06-11T04:54:26.781770Z","level":"info","event":"","logger":"task.stdout"}
{"timestamp":"2026-06-11T04:54:26.781881Z","level":"info","event":"\u001b[36m        [Глубина 4/4] https://www.tbank.ru/invest/help/brokerage/account/forts/options/?card=q7","logger":"task.stdout"}
{"timestamp":"2026-06-11T04:54:27.789325Z","level":"info","event":"\u001b[33m⬇️  https://www.tbank.ru/invest/help/brokerage/account/forts/options/?card=q7","logger":"task.stdout"}
{"timestamp":"2026-06-11T04:54:28.566671Z","level":"info","event":"\u001b[32m✅ 919230 байт","logger":"task.stdout"}
{"timestamp":"2026-06-11T04:54:28.632666Z","level":"info","event":"\u001b[32m   328 параграфов, 24504 символов","logger":"task.stdout"}
{"timestamp":"2026-06-11T04:54:28.635195Z","level":"info","event":"\u001b[36m💾 309_как_устроена_биржа_опционов.json","logger":"task.stdout"}
{"timestamp":"2026-06-11T04:54:28.635323Z","level":"info","event":"\u001b[32m✅ Статья #309: Как устроена биржа опционов","logger":"task.stdout"}
{"timestamp":"2026-06-11T04:54:28.635415Z","level":"info","event":"","logger":"task.stdout"}
{"timestamp":"2026-06-11T04:54:28.635511Z","level":"info","event":"\u001b[36m        [Глубина 4/4] https://www.tbank.ru/invest/help/brokerage/account/forts/options/?card=q2","logger":"task.stdout"}
{"timestamp":"2026-06-11T04:54:29.640580Z","level":"info","event":"\u001b[33m⬇️  https://www.tbank.ru/invest/help/brokerage/account/forts/options/?card=q2","logger":"task.stdout"}
{"timestamp":"2026-06-11T04:54:30.374659Z","level":"info","event":"\u001b[32m✅ 918979 байт","logger":"task.stdout"}
{"timestamp":"2026-06-11T04:54:30.519639Z","level":"info","event":"\u001b[32m   328 параграфов, 24504 символов","logger":"task.stdout"}
{"timestamp":"2026-06-11T04:54:30.539958Z","level":"info","event":"\u001b[36m💾 310_как_устроена_биржа_опционов.json","logger":"task.stdout"}
{"timestamp":"2026-06-11T04:54:30.540508Z","level":"info","event":"\u001b[32m✅ Статья #310: Как устроена биржа опционов","logger":"task.stdout"}
{"timestamp":"2026-06-11T04:54:30.799501Z","level":"info","event":"","logger":"task.stdout"}
{"timestamp":"2026-06-11T04:54:30.799687Z","level":"info","event":"\u001b[33m💾 Checkpoint: 310 статей (31.6/мин)","logger":"task.stdout"}
{"timestamp":"2026-06-11T04:54:30.799793Z","level":"info","event":"","logger":"task.stdout"}
{"timestamp":"2026-06-11T04:54:30.799838Z","level":"info","event":"","logger":"task.stdout"}
{"timestamp":"2026-06-11T04:54:30.799892Z","level":"info","event":"\u001b[36m      [Глубина 3/4] https://www.tbank.ru/invest/help/educate/how-it-works/ways-to-invest/stocks/?card=q1","logger":"task.stdout"}
{"timestamp":"2026-06-11T04:54:31.811516Z","level":"info","event":"\u001b[33m⬇️  https://www.tbank.ru/invest/help/educate/how-it-works/ways-to-invest/stocks/?card=q1","logger":"task.stdout"}
{"timestamp":"2026-06-11T04:54:32.500869Z","level":"info","event":"\u001b[32m✅ 800036 байт","logger":"task.stdout"}
{"timestamp":"2026-06-11T04:54:32.556842Z","level":"info","event":"\u001b[32m   288 параграфов, 19183 символов","logger":"task.stdout"}
{"timestamp":"2026-06-11T04:54:32.562155Z","level":"info","event":"\u001b[36m💾 311_что_такое_акции.json","logger":"task.stdout"}
{"timestamp":"2026-06-11T04:54:32.562366Z","level":"info","event":"\u001b[32m✅ Статья #311: Что такое акции","logger":"task.stdout"}
{"timestamp":"2026-06-11T04:54:32.565685Z","level":"error","event":"\r                                                          \u001b[A","logger":"task.stderr"}
{"timestamp":"2026-06-11T04:54:32.570943Z","level":"error","event":"\rФильтрация ссылок:   0%|          | 0/394 [00:00<?, ?it/s]\u001b[A","logger":"task.stderr"}
{"timestamp":"2026-06-11T04:54:32.571211Z","level":"info","event":"\u001b[32m   Новых ссылок: 7","logger":"task.stdout"}
{"timestamp":"2026-06-11T04:54:32.571308Z","level":"info","event":"","logger":"task.stdout"}
{"timestamp":"2026-06-11T04:54:32.571428Z","level":"info","event":"\u001b[36m        [Глубина 4/4] https://www.tbank.ru/invest/help/educate/how-it-works/what-is-exchange/investment-features/?card=q4","logger":"task.stdout"}
{"timestamp":"2026-06-11T04:54:33.573481Z","level":"info","event":"\u001b[33m⬇️  https://www.tbank.ru/invest/help/educate/how-it-works/what-is-exchange/investment-features/?card=q4","logger":"task.stdout"}
{"timestamp":"2026-06-11T04:54:34.456768Z","level":"info","event":"\u001b[32m✅ 777081 байт","logger":"task.stdout"}
{"timestamp":"2026-06-11T04:54:34.541562Z","level":"info","event":"\u001b[32m   273 параграфов, 18040 символов","logger":"task.stdout"}
{"timestamp":"2026-06-11T04:54:34.547149Z","level":"info","event":"\u001b[36m💾 312_особенности_инвестирования_на_бирже.json","logger":"task.stdout"}
{"timestamp":"2026-06-11T04:54:34.547824Z","level":"info","event":"\u001b[32m✅ Статья #312: Особенности инвестирования на бирже","logger":"task.stdout"}
{"timestamp":"2026-06-11T04:54:34.548017Z","level":"info","event":"","logger":"task.stdout"}
{"timestamp":"2026-06-11T04:54:34.548229Z","level":"info","event":"\u001b[36m        [Глубина 4/4] https://www.tbank.ru/invest/help/educate/how-it-works/ways-to-invest/dividend-yield/?card=q1","logger":"task.stdout"}
{"timestamp":"2026-06-11T04:54:35.557406Z","level":"info","event":"\u001b[33m⬇️  https://www.tbank.ru/invest/help/educate/how-it-works/ways-to-invest/dividend-yield/?card=q1","logger":"task.stdout"}
{"timestamp":"2026-06-11T04:54:36.256651Z","level":"info","event":"\u001b[32m✅ 874987 байт","logger":"task.stdout"}
{"timestamp":"2026-06-11T04:54:36.348300Z","level":"info","event":"\u001b[32m   296 параграфов, 24092 символов","logger":"task.stdout"}
{"timestamp":"2026-06-11T04:54:36.350119Z","level":"info","event":"\u001b[36m💾 313_дивидендный_доход_по_акциям.json","logger":"task.stdout"}
{"timestamp":"2026-06-11T04:54:36.350238Z","level":"info","event":"\u001b[32m✅ Статья #313: Дивидендный доход по акциям","logger":"task.stdout"}
{"timestamp":"2026-06-11T04:54:36.350339Z","level":"info","event":"","logger":"task.stdout"}
{"timestamp":"2026-06-11T04:54:36.350729Z","level":"info","event":"\u001b[36m        [Глубина 4/4] https://www.tbank.ru/invest/help/educate/how-it-works/ways-to-invest/stocks/?card=q6","logger":"task.stdout"}
{"timestamp":"2026-06-11T04:54:37.354175Z","level":"info","event":"\u001b[33m⬇️  https://www.tbank.ru/invest/help/educate/how-it-works/ways-to-invest/stocks/?card=q6","logger":"task.stdout"}
{"timestamp":"2026-06-11T04:54:38.226801Z","level":"info","event":"\u001b[32m✅ 800211 байт","logger":"task.stdout"}
{"timestamp":"2026-06-11T04:54:38.371010Z","level":"info","event":"\u001b[32m   288 параграфов, 19183 символов","logger":"task.stdout"}
{"timestamp":"2026-06-11T04:54:38.393744Z","level":"info","event":"\u001b[36m💾 314_что_такое_акции.json","logger":"task.stdout"}
{"timestamp":"2026-06-11T04:54:38.394538Z","level":"info","event":"\u001b[32m✅ Статья #314: Что такое акции","logger":"task.stdout"}
{"timestamp":"2026-06-11T04:54:38.395321Z","level":"info","event":"","logger":"task.stdout"}
{"timestamp":"2026-06-11T04:54:38.396419Z","level":"info","event":"\u001b[36m        [Глубина 4/4] https://www.tbank.ru/invest/help/educate/how-it-works/ways-to-invest/stocks/?card=q7","logger":"task.stdout"}
{"timestamp":"2026-06-11T04:54:39.400992Z","level":"info","event":"\u001b[33m⬇️  https://www.tbank.ru/invest/help/educate/how-it-works/ways-to-invest/stocks/?card=q7","logger":"task.stdout"}
{"timestamp":"2026-06-11T04:54:40.437317Z","level":"info","event":"\u001b[32m✅ 799888 байт","logger":"task.stdout"}
{"timestamp":"2026-06-11T04:54:40.596657Z","level":"info","event":"\u001b[32m   288 параграфов, 19183 символов","logger":"task.stdout"}
{"timestamp":"2026-06-11T04:54:40.683787Z","level":"info","event":"\u001b[36m💾 315_что_такое_акции.json","logger":"task.stdout"}
{"timestamp":"2026-06-11T04:54:40.684257Z","level":"info","event":"\u001b[32m✅ Статья #315: Что такое акции","logger":"task.stdout"}
{"timestamp":"2026-06-11T04:54:40.684681Z","level":"info","event":"","logger":"task.stdout"}
{"timestamp":"2026-06-11T04:54:40.684803Z","level":"info","event":"\u001b[36m        [Глубина 4/4] https://www.tbank.ru/invest/help/educate/how-it-works/ways-to-invest/coupon-yield/?card=q1","logger":"task.stdout"}
{"timestamp":"2026-06-11T04:54:41.608456Z","level":"info","event":"\u001b[33m⬇️  https://www.tbank.ru/invest/help/educate/how-it-works/ways-to-invest/coupon-yield/?card=q1","logger":"task.stdout"}
{"timestamp":"2026-06-11T04:54:42.339280Z","level":"info","event":"\u001b[32m✅ 751956 байт","logger":"task.stdout"}
{"timestamp":"2026-06-11T04:54:42.427440Z","level":"info","event":"\u001b[32m   269 параграфов, 15475 символов","logger":"task.stdout"}
{"timestamp":"2026-06-11T04:54:42.437360Z","level":"info","event":"\u001b[36m💾 316_купонный_доход_по_облигациям.json","logger":"task.stdout"}
{"timestamp":"2026-06-11T04:54:42.437545Z","level":"info","event":"\u001b[32m✅ Статья #316: Купонный доход по облигациям","logger":"task.stdout"}
{"timestamp":"2026-06-11T04:54:42.437661Z","level":"info","event":"","logger":"task.stdout"}
{"timestamp":"2026-06-11T04:54:42.437746Z","level":"info","event":"\u001b[36m        [Глубина 4/4] https://www.tbank.ru/invest/help/educate/how-it-works/ways-to-invest/stocks/?card=q2","logger":"task.stdout"}
{"timestamp":"2026-06-11T04:54:43.441441Z","level":"info","event":"\u001b[33m⬇️  https://www.tbank.ru/invest/help/educate/how-it-works/ways-to-invest/stocks/?card=q2","logger":"task.stdout"}
{"timestamp":"2026-06-11T04:54:44.183807Z","level":"info","event":"\u001b[32m✅ 800233 байт","logger":"task.stdout"}
{"timestamp":"2026-06-11T04:54:44.248577Z","level":"info","event":"\u001b[32m   288 параграфов, 19183 символов","logger":"task.stdout"}
{"timestamp":"2026-06-11T04:54:44.250124Z","level":"info","event":"\u001b[36m💾 317_что_такое_акции.json","logger":"task.stdout"}
{"timestamp":"2026-06-11T04:54:44.250389Z","level":"info","event":"\u001b[32m✅ Статья #317: Что такое акции","logger":"task.stdout"}
{"timestamp":"2026-06-11T04:54:44.250480Z","level":"info","event":"","logger":"task.stdout"}
{"timestamp":"2026-06-11T04:54:44.250585Z","level":"info","event":"\u001b[36m        [Глубина 4/4] https://www.tbank.ru/invest/help/educate/how-it-works/ways-to-invest/stocks/?card=q3","logger":"task.stdout"}
{"timestamp":"2026-06-11T04:54:45.252258Z","level":"info","event":"\u001b[33m⬇️  https://www.tbank.ru/invest/help/educate/how-it-works/ways-to-invest/stocks/?card=q3","logger":"task.stdout"}
{"timestamp":"2026-06-11T04:54:46.235198Z","level":"info","event":"\u001b[32m✅ 800227 байт","logger":"task.stdout"}
{"timestamp":"2026-06-11T04:54:46.516180Z","level":"info","event":"\u001b[32m   288 параграфов, 19183 символов","logger":"task.stdout"}
{"timestamp":"2026-06-11T04:54:46.520090Z","level":"info","event":"\u001b[36m💾 318_что_такое_акции.json","logger":"task.stdout"}
{"timestamp":"2026-06-11T04:54:46.521505Z","level":"info","event":"\u001b[32m✅ Статья #318: Что такое акции","logger":"task.stdout"}
{"timestamp":"2026-06-11T04:54:46.521802Z","level":"info","event":"","logger":"task.stdout"}
{"timestamp":"2026-06-11T04:54:46.521924Z","level":"info","event":"\u001b[32m================================================================================","logger":"task.stdout"}
{"timestamp":"2026-06-11T04:54:46.522131Z","level":"info","event":"\u001b[32m✅ ПАРСИНГ ЗАВЕРШЕН за 604.4 сек (10.1 мин)","logger":"task.stdout"}
{"timestamp":"2026-06-11T04:54:46.522210Z","level":"info","event":"\u001b[32m================================================================================\u001b[0m","logger":"task.stdout"}
{"timestamp":"2026-06-11T04:54:46.522359Z","level":"info","event":"","logger":"task.stdout"}
{"timestamp":"2026-06-11T04:54:46.522999Z","level":"info","event":"\u001b[36m================================================================================","logger":"task.stdout"}
{"timestamp":"2026-06-11T04:54:46.523066Z","level":"info","event":"\u001b[36m📊 СТАТИСТИКА ПАРСИНГА","logger":"task.stdout"}
{"timestamp":"2026-06-11T04:54:46.523177Z","level":"info","event":"\u001b[36m================================================================================\u001b[0m","logger":"task.stdout"}
{"timestamp":"2026-06-11T04:54:46.523343Z","level":"info","event":"","logger":"task.stdout"}
{"timestamp":"2026-06-11T04:54:46.523413Z","level":"info","event":"\u001b[32mЗапросы: 318/318","logger":"task.stdout"}
{"timestamp":"2026-06-11T04:54:46.524086Z","level":"info","event":"\u001b[34mСсылки: 500 найдено, 318 посещено","logger":"task.stdout"}
{"timestamp":"2026-06-11T04:54:46.524390Z","level":"info","event":"\u001b[35mСтатьи: 318 (6,716,419 символов)","logger":"task.stdout"}
{"timestamp":"2026-06-11T04:54:46.524455Z","level":"info","event":"\u001b[36m================================================================================","logger":"task.stdout"}
{"timestamp":"2026-06-11T04:54:46.524683Z","level":"info","event":"","logger":"task.stdout"}
{"timestamp":"2026-06-11T04:54:46.524906Z","level":"error","event":"\r                                                          \u001b[A\rПрогресс парсинга: 0стр [10:04, ?стр/s]","logger":"task.stderr"}
{"timestamp":"2026-06-11T04:54:46.747584Z","level":"info","event":"\u001b[32m💾 all_articles.json (17385.1 KB, 318 статей)","logger":"task.stdout"}
{"timestamp":"2026-06-11T04:54:46.750775Z","level":"info","event":"","logger":"task.stdout"}
{"timestamp":"2026-06-11T04:54:46.751168Z","level":"info","event":"\u001b[33m🧹 ЭТАП 2: ОЧИСТКА","logger":"task.stdout"}
{"timestamp":"2026-06-11T04:54:46.751398Z","level":"info","event":"","logger":"task.stdout"}
{"timestamp":"2026-06-11T04:54:46.751897Z","level":"info","event":"","logger":"task.stdout"}
{"timestamp":"2026-06-11T04:54:46.753187Z","level":"info","event":"\u001b[36m================================================================================","logger":"task.stdout"}
{"timestamp":"2026-06-11T04:54:46.753691Z","level":"info","event":"\u001b[36m🧹 ШАГ 1: УДАЛЕНИЕ ДУБЛИКАТОВ","logger":"task.stdout"}
{"timestamp":"2026-06-11T04:54:46.753835Z","level":"info","event":"\u001b[36m================================================================================\u001b[0m","logger":"task.stdout"}
{"timestamp":"2026-06-11T04:54:46.753921Z","level":"info","event":"","logger":"task.stdout"}
{"timestamp":"2026-06-11T04:54:46.830364Z","level":"info","event":"\u001b[31m✓ Удален дубликат: 015_что_такое_фонды_etf_и_бпиф.json","logger":"task.stdout"}
{"timestamp":"2026-06-11T04:54:46.857897Z","level":"info","event":"\u001b[31m✓ Удален дубликат: 022_полезное_для_инвесторов.json","logger":"task.stdout"}
{"timestamp":"2026-06-11T04:54:46.864680Z","level":"info","event":"\u001b[31m✓ Удален дубликат: 008_купонный_доход_по_облигациям.json","logger":"task.stdout"}
{"timestamp":"2026-06-11T04:54:46.869197Z","level":"info","event":"\u001b[31m✓ Удален дубликат: 011_дивидендный_доход_по_акциям.json","logger":"task.stdout"}
{"timestamp":"2026-06-11T04:54:46.882912Z","level":"info","event":"\u001b[31m✓ Удален дубликат: 024_что_такое_офз.json","logger":"task.stdout"}
{"timestamp":"2026-06-11T04:54:46.886202Z","level":"info","event":"\u001b[31m✓ Удален дубликат: 004_что_такое_ликвидность.json","logger":"task.stdout"}
{"timestamp":"2026-06-11T04:54:46.897583Z","level":"info","event":"\u001b[31m✓ Удален дубликат: 008_риск_манипуляций_на_бирже.json","logger":"task.stdout"}
{"timestamp":"2026-06-11T04:54:46.906556Z","level":"info","event":"\u001b[31m✓ Удален дубликат: 010_что_такое_акции.json","logger":"task.stdout"}
{"timestamp":"2026-06-11T04:54:46.916594Z","level":"info","event":"\u001b[31m✓ Удален дубликат: 006_фундаментальный_анализ_ценных_бумаг.json","logger":"task.stdout"}
{"timestamp":"2026-06-11T04:54:46.917899Z","level":"info","event":"\u001b[31m✓ Удален дубликат: 012_как_начать_торговать_на_бирже.json","logger":"task.stdout"}
{"timestamp":"2026-06-11T04:54:46.944838Z","level":"info","event":"\u001b[31m✓ Удален дубликат: 015_сбалансированный_портфель_и_минимизация_рисков.json","logger":"task.stdout"}
{"timestamp":"2026-06-11T04:54:46.959829Z","level":"info","event":"\u001b[31m✓ Удален дубликат: 024_размещение_и_выкуп_акций.json","logger":"task.stdout"}
{"timestamp":"2026-06-11T04:54:46.963019Z","level":"info","event":"\u001b[31m✓ Удален дубликат: 016_как_заработать_на_облигациях.json","logger":"task.stdout"}
{"timestamp":"2026-06-11T04:54:46.966730Z","level":"info","event":"\u001b[31m✓ Удален дубликат: 025_что_такое_облигации.json","logger":"task.stdout"}
{"timestamp":"2026-06-11T04:54:46.983749Z","level":"info","event":"\u001b[31m✓ Удален дубликат: 017_режимы_торгов.json","logger":"task.stdout"}
{"timestamp":"2026-06-11T04:54:47.009040Z","level":"info","event":"\u001b[31m✓ Удален дубликат: 023_особенности_инвестирования_на_бирже.json","logger":"task.stdout"}
{"timestamp":"2026-06-11T04:54:47.012008Z","level":"info","event":"\u001b[31m✓ Удален дубликат: 013_советы_начинающим_инвесторам.json","logger":"task.stdout"}
{"timestamp":"2026-06-11T04:54:47.013661Z","level":"info","event":"\u001b[31m✓ Удален дубликат: 028_как_покупать_и_продавать_ценные_бумаги_и_валюту.json","logger":"task.stdout"}
{"timestamp":"2026-06-11T04:54:47.015821Z","level":"info","event":"\u001b[31m✓ Удален дубликат: 031_участники_рынка_ценных_бумаг.json","logger":"task.stdout"}
{"timestamp":"2026-06-11T04:54:47.021166Z","level":"info","event":"\u001b[31m✓ Удален дубликат: 317_что_такое_акции.json","logger":"task.stdout"}
{"timestamp":"2026-06-11T04:54:47.045129Z","level":"info","event":"","logger":"task.stdout"}
{"timestamp":"2026-06-11T04:54:47.045473Z","level":"info","event":"\u001b[32mУдалено дубликатов: 20","logger":"task.stdout"}
{"timestamp":"2026-06-11T04:54:47.045569Z","level":"info","event":"","logger":"task.stdout"}
{"timestamp":"2026-06-11T04:54:47.045675Z","level":"info","event":"\u001b[36m================================================================================","logger":"task.stdout"}
{"timestamp":"2026-06-11T04:54:47.045723Z","level":"info","event":"\u001b[36m🔄 ШАГ 2: СОЗДАНИЕ ФАЙЛОВ БЕЗ НУМЕРАЦИИ","logger":"task.stdout"}
{"timestamp":"2026-06-11T04:54:47.045789Z","level":"info","event":"\u001b[36m================================================================================\u001b[0m","logger":"task.stdout"}
{"timestamp":"2026-06-11T04:54:47.045871Z","level":"info","event":"","logger":"task.stdout"}
{"timestamp":"2026-06-11T04:54:47.049709Z","level":"info","event":"\u001b[32m✓ Создан: как_пополнить_брокерский_счет.json","logger":"task.stdout"}
{"timestamp":"2026-06-11T04:54:47.050565Z","level":"info","event":"\u001b[32m✓ Создан: как_перевести_бумаги_в_тинвестиции.json","logger":"task.stdout"}
{"timestamp":"2026-06-11T04:54:47.051534Z","level":"info","event":"\u001b[32m✓ Создан: как_получать_отчеты_и_справки.json","logger":"task.stdout"}
{"timestamp":"2026-06-11T04:54:47.053039Z","level":"info","event":"\u001b[32m✓ Создан: сбалансированный_портфель_и_минимизация_рисков.json","logger":"task.stdout"}
{"timestamp":"2026-06-11T04:54:47.053905Z","level":"info","event":"\u001b[32m✓ Создан: что_такое_акции.json","logger":"task.stdout"}
{"timestamp":"2026-06-11T04:54:47.055023Z","level":"info","event":"\u001b[32m✓ Создан: размещение_и_выкуп_акций.json","logger":"task.stdout"}
{"timestamp":"2026-06-11T04:54:47.056208Z","level":"info","event":"\u001b[32m✓ Создан: фундаментальный_анализ_ценных_бумаг.json","logger":"task.stdout"}
{"timestamp":"2026-06-11T04:54:47.057941Z","level":"info","event":"\u001b[32m✓ Создан: что_такое_фонды_etf_и_бпиф.json","logger":"task.stdout"}
{"timestamp":"2026-06-11T04:54:47.058782Z","level":"info","event":"\u001b[32m✓ Создан: как_торговать_опционами.json","logger":"task.stdout"}
{"timestamp":"2026-06-11T04:54:47.059830Z","level":"info","event":"\u001b[32m✓ Создан: как_посмотреть_доходность_счета.json","logger":"task.stdout"}
{"timestamp":"2026-06-11T04:54:47.060887Z","level":"info","event":"\u001b[32m✓ Создан: типы_купонов_по_облигациям.json","logger":"task.stdout"}
{"timestamp":"2026-06-11T04:54:47.063281Z","level":"info","event":"\u001b[32m✓ Создан: как_выставлять_биржевые_заявки.json","logger":"task.stdout"}
{"timestamp":"2026-06-11T04:54:47.065616Z","level":"info","event":"\u001b[32m✓ Создан: как_устроена_биржа_опционов.json","logger":"task.stdout"}
{"timestamp":"2026-06-11T04:54:47.067432Z","level":"info","event":"\u001b[32m✓ Создан: виды_бирж.json","logger":"task.stdout"}
{"timestamp":"2026-06-11T04:54:47.068560Z","level":"info","event":"\u001b[32m✓ Создан: как_работает_фондовый_рынок.json","logger":"task.stdout"}
{"timestamp":"2026-06-11T04:54:47.069375Z","level":"info","event":"\u001b[32m✓ Создан: терминал_т_инвестиций.json","logger":"task.stdout"}
{"timestamp":"2026-06-11T04:54:47.070871Z","level":"info","event":"\u001b[32m✓ Создан: эмиссионные_ценные_бумаги_виды_и_признаки.json","logger":"task.stdout"}
{"timestamp":"2026-06-11T04:54:47.072528Z","level":"info","event":"\u001b[32m✓ Создан: участники_рынка_ценных_бумаг.json","logger":"task.stdout"}
{"timestamp":"2026-06-11T04:54:47.073499Z","level":"info","event":"\u001b[32m✓ Создан: что_такое_ликвидность.json","logger":"task.stdout"}
{"timestamp":"2026-06-11T04:54:47.074528Z","level":"info","event":"\u001b[32m✓ Создан: как_читать_налоговый_отчет_от_т_инвестиций.json","logger":"task.stdout"}
{"timestamp":"2026-06-11T04:54:47.076219Z","level":"info","event":"\u001b[32m✓ Создан: купонный_доход_по_облигациям.json","logger":"task.stdout"}
{"timestamp":"2026-06-11T04:54:47.077853Z","level":"info","event":"\u001b[32m✓ Создан: полезное_для_инвесторов.json","logger":"task.stdout"}
{"timestamp":"2026-06-11T04:54:47.079098Z","level":"info","event":"\u001b[32m✓ Создан: как_работает_автоследование_в_т_инвестициях.json","logger":"task.stdout"}
{"timestamp":"2026-06-11T04:54:47.081495Z","level":"info","event":"\u001b[32m✓ Создан: дивидендный_доход_по_акциям.json","logger":"task.stdout"}
{"timestamp":"2026-06-11T04:54:47.082836Z","level":"info","event":"\u001b[32m✓ Создан: как_скачать_документы_для_подачи_в_налоговые_органы_и_не_только.json","logger":"task.stdout"}
{"timestamp":"2026-06-11T04:54:47.083610Z","level":"info","event":"\u001b[32m✓ Создан: секреты_диверсификации.json","logger":"task.stdout"}
{"timestamp":"2026-06-11T04:54:47.084990Z","level":"info","event":"\u001b[32m✓ Создан: как_вывести_деньги_с_брокерского_счета.json","logger":"task.stdout"}
{"timestamp":"2026-06-11T04:54:47.086157Z","level":"info","event":"\u001b[32m✓ Создан: как_работают_неоактивы.json","logger":"task.stdout"}
{"timestamp":"2026-06-11T04:54:47.087060Z","level":"info","event":"\u001b[32m✓ Создан: режимы_торгов.json","logger":"task.stdout"}
{"timestamp":"2026-06-11T04:54:47.087748Z","level":"info","event":"\u001b[32m✓ Создан: инвестиционные_счета.json","logger":"task.stdout"}
{"timestamp":"2026-06-11T04:54:47.088908Z","level":"info","event":"\u001b[32m✓ Создан: как_покупать_и_продавать_драгоценные_металлы.json","logger":"task.stdout"}
{"timestamp":"2026-06-11T04:54:47.090024Z","level":"info","event":"\u001b[32m✓ Создан: что_такое_офз.json","logger":"task.stdout"}
{"timestamp":"2026-06-11T04:54:47.091404Z","level":"info","event":"\u001b[32m✓ Создан: как_покупать_и_продавать_ценные_бумаги_и_валюту.json","logger":"task.stdout"}
{"timestamp":"2026-06-11T04:54:47.092545Z","level":"info","event":"\u001b[32m✓ Создан: какие_документы_нужны_при_подаче_декларации_3_ндфл.json","logger":"task.stdout"}
{"timestamp":"2026-06-11T04:54:47.094228Z","level":"info","event":"\u001b[32m✓ Создан: продажа_заблокированных_иностранных_бумаг_в_тинвестициях.json","logger":"task.stdout"}
{"timestamp":"2026-06-11T04:54:47.095546Z","level":"info","event":"\u001b[32m✓ Создан: налог_на_материальную_выгоду_для_инвесторов.json","logger":"task.stdout"}
{"timestamp":"2026-06-11T04:54:47.097027Z","level":"info","event":"\u001b[32m✓ Создан: как_заключать_сделки_в_терминале.json","logger":"task.stdout"}
{"timestamp":"2026-06-11T04:54:47.098648Z","level":"info","event":"\u001b[32m✓ Создан: нужно_ли_закрывать_брокерский_счет.json","logger":"task.stdout"}
{"timestamp":"2026-06-11T04:54:47.099477Z","level":"info","event":"\u001b[32m✓ Создан: как_начать_торговать_на_бирже.json","logger":"task.stdout"}
{"timestamp":"2026-06-11T04:54:47.100574Z","level":"info","event":"\u001b[32m✓ Создан: налогообложение_для_налоговых_нерезидентов.json","logger":"task.stdout"}
{"timestamp":"2026-06-11T04:54:47.101449Z","level":"info","event":"\u001b[32m✓ Создан: что_такое_биржа.json","logger":"task.stdout"}
{"timestamp":"2026-06-11T04:54:47.102427Z","level":"info","event":"\u001b[32m✓ Создан: фонды_жилой_недвижимости_от_ткапитала.json","logger":"task.stdout"}
{"timestamp":"2026-06-11T04:54:47.103393Z","level":"info","event":"\u001b[32m✓ Создан: как_устроен_терминал.json","logger":"task.stdout"}
{"timestamp":"2026-06-11T04:54:47.104298Z","level":"info","event":"\u001b[32m✓ Создан: наследование_ценных_бумаг.json","logger":"task.stdout"}
{"timestamp":"2026-06-11T04:54:47.105730Z","level":"info","event":"\u001b[32m✓ Создан: подарочные_акции.json","logger":"task.stdout"}
{"timestamp":"2026-06-11T04:54:47.108774Z","level":"info","event":"\u001b[32m✓ Создан: как_работает_срочный_рынок.json","logger":"task.stdout"}
{"timestamp":"2026-06-11T04:54:47.110222Z","level":"info","event":"\u001b[32m✓ Создан: налог_на_доход_от_торговли_ценными_бумагами.json","logger":"task.stdout"}
{"timestamp":"2026-06-11T04:54:47.111185Z","level":"info","event":"\u001b[32m✓ Создан: вопросы_налогообложения_для_инвесторов.json","logger":"task.stdout"}
{"timestamp":"2026-06-11T04:54:47.112724Z","level":"info","event":"\u001b[32m✓ Создан: ответственность_за_нарушение_налогового_законодательства.json","logger":"task.stdout"}
{"timestamp":"2026-06-11T04:54:47.113901Z","level":"info","event":"\u001b[32m✓ Создан: как_устроена_маржинальная_торговля.json","logger":"task.stdout"}
{"timestamp":"2026-06-11T04:54:47.114831Z","level":"info","event":"\u001b[32m✓ Создан: что_происходит_на_бирже_важная_информация_для_клиентов_тинвестиций.json","logger":"task.stdout"}
{"timestamp":"2026-06-11T04:54:47.115701Z","level":"info","event":"\u001b[32m✓ Создан: сальдирование_финансовых_результатов_на_счетах_у_разных_брокеров_и_перенос_убытков_прошлых_лет.json","logger":"task.stdout"}
{"timestamp":"2026-06-11T04:54:47.117131Z","level":"info","event":"\u001b[32m✓ Создан: как_открыть_брокерский_счет.json","logger":"task.stdout"}
{"timestamp":"2026-06-11T04:54:47.118601Z","level":"info","event":"\u001b[32m✓ Создан: главное_про_самостоятельную_уплату_налогов_и_декларацию_3_ндфл.json","logger":"task.stdout"}
{"timestamp":"2026-06-11T04:54:47.120992Z","level":"info","event":"\u001b[32m✓ Создан: как_торговать_в_шорт.json","logger":"task.stdout"}
{"timestamp":"2026-06-11T04:54:47.122361Z","level":"info","event":"\u001b[32m✓ Создан: виртуальные_подарочные_акции_от_тинвестиций.json","logger":"task.stdout"}
{"timestamp":"2026-06-11T04:54:47.125060Z","level":"info","event":"\u001b[32m✓ Создан: как_устроен_фьючерсный_рынок.json","logger":"task.stdout"}
{"timestamp":"2026-06-11T04:54:47.126273Z","level":"info","event":"\u001b[32m✓ Создан: как_работает_рынок_ценных_бумаг.json","logger":"task.stdout"}
{"timestamp":"2026-06-11T04:54:47.127091Z","level":"info","event":"\u001b[32m✓ Создан: риск_манипуляций_на_бирже.json","logger":"task.stdout"}
{"timestamp":"2026-06-11T04:54:47.128333Z","level":"info","event":"\u001b[32m✓ Создан: подключить_маржинальную_торговлю.json","logger":"task.stdout"}
{"timestamp":"2026-06-11T04:54:47.129385Z","level":"info","event":"\u001b[32m✓ Создан: зачем_нужна_маржинальная_торговля.json","logger":"task.stdout"}
{"timestamp":"2026-06-11T04:54:47.130165Z","level":"info","event":"\u001b[32m✓ Создан: во_что_можно_инвестировать.json","logger":"task.stdout"}
{"timestamp":"2026-06-11T04:54:47.130985Z","level":"info","event":"\u001b[32m✓ Создан: депозитарные_переводы.json","logger":"task.stdout"}
{"timestamp":"2026-06-11T04:54:47.132138Z","level":"info","event":"\u001b[32m✓ Создан: льгота_на_долгосрочное_владение_ценными_бумагами_лдв.json","logger":"task.stdout"}
{"timestamp":"2026-06-11T04:54:47.133809Z","level":"info","event":"\u001b[32m✓ Создан: особенности_инвестирования_на_бирже.json","logger":"task.stdout"}
{"timestamp":"2026-06-11T04:54:47.135180Z","level":"info","event":"\u001b[32m✓ Создан: налоги_при_выводе_денег_с_брокерского_счета.json","logger":"task.stdout"}
{"timestamp":"2026-06-11T04:54:47.136429Z","level":"info","event":"\u001b[32m✓ Создан: трейдинг_и_технический_анализ.json","logger":"task.stdout"}
{"timestamp":"2026-06-11T04:54:47.137715Z","level":"info","event":"\u001b[32m✓ Создан: как_читать_брокерский_отчет_от_т_инвестиций.json","logger":"task.stdout"}
{"timestamp":"2026-06-11T04:54:47.139043Z","level":"info","event":"\u001b[32m✓ Создан: сервисы_т_инвестиций.json","logger":"task.stdout"}
{"timestamp":"2026-06-11T04:54:47.140668Z","level":"info","event":"\u001b[32m✓ Создан: как_заполнить_поручение_на_депозитарный_перевод.json","logger":"task.stdout"}
{"timestamp":"2026-06-11T04:54:47.141466Z","level":"info","event":"\u001b[32m✓ Создан: открыть_брокерский_счет.json","logger":"task.stdout"}
{"timestamp":"2026-06-11T04:54:47.143026Z","level":"info","event":"\u001b[32m✓ Создан: как_пользоваться_терминалом.json","logger":"task.stdout"}
{"timestamp":"2026-06-11T04:54:47.147106Z","level":"info","event":"\u001b[32m✓ Создан: фьючерсы_и_опционы.json","logger":"task.stdout"}
{"timestamp":"2026-06-11T04:54:47.150059Z","level":"info","event":"\u001b[32m✓ Создан: удержание_налога_с_инвестиций_по_итогам_года.json","logger":"task.stdout"}
{"timestamp":"2026-06-11T04:54:47.151303Z","level":"info","event":"\u001b[32m✓ Создан: срочный_рынок.json","logger":"task.stdout"}
{"timestamp":"2026-06-11T04:54:47.152496Z","level":"info","event":"\u001b[32m✓ Создан: документы_для_учета_бумаг_при_депозитарном_переводе_в_тбанк.json","logger":"task.stdout"}
{"timestamp":"2026-06-11T04:54:47.154403Z","level":"info","event":"\u001b[32m✓ Создан: об_управляющей_компании_ткапитал.json","logger":"task.stdout"}
{"timestamp":"2026-06-11T04:54:47.156832Z","level":"info","event":"\u001b[32m✓ Создан: как_в_терминале_выбрать_активы_для_биржевой_торговли.json","logger":"task.stdout"}
{"timestamp":"2026-06-11T04:54:47.161635Z","level":"info","event":"\u001b[32m✓ Создан: особенности_налогообложения_иис.json","logger":"task.stdout"}
{"timestamp":"2026-06-11T04:54:47.164032Z","level":"info","event":"\u001b[32m✓ Создан: какие_налоги_нужно_платить_по_инвесткопилке.json","logger":"task.stdout"}
{"timestamp":"2026-06-11T04:54:47.165213Z","level":"info","event":"\u001b[32m✓ Создан: мобильное_приложениеt_инвестиции.json","logger":"task.stdout"}
{"timestamp":"2026-06-11T04:54:47.166237Z","level":"info","event":"\u001b[32m✓ Создан: брокерский_счет.json","logger":"task.stdout"}
{"timestamp":"2026-06-11T04:54:47.168288Z","level":"info","event":"\u001b[32m✓ Создан: как_подключить_и_отключить_автоследование_в_т_инвестициях.json","logger":"task.stdout"}
{"timestamp":"2026-06-11T04:54:47.169304Z","level":"info","event":"\u001b[32m✓ Создан: как_торговать_в_лонг.json","logger":"task.stdout"}
{"timestamp":"2026-06-11T04:54:47.171410Z","level":"info","event":"\u001b[32m✓ Создан: внебиржевые_торги_заблокированными_бумагами_с_хранением_в_нрд.json","logger":"task.stdout"}
{"timestamp":"2026-06-11T04:54:47.172932Z","level":"info","event":"\u001b[32m✓ Создан: как_торговать_фьючерсами.json","logger":"task.stdout"}
{"timestamp":"2026-06-11T04:54:47.173954Z","level":"info","event":"\u001b[32m✓ Создан: что_такое_брокерский_счет.json","logger":"task.stdout"}
{"timestamp":"2026-06-11T04:54:47.175870Z","level":"info","event":"\u001b[32m✓ Создан: обособление_российских_бумаг_после_депозитарного_перевода.json","logger":"task.stdout"}
{"timestamp":"2026-06-11T04:54:47.180130Z","level":"info","event":"\u001b[32m✓ Создан: маржинальный_вывод.json","logger":"task.stdout"}
{"timestamp":"2026-06-11T04:54:47.183004Z","level":"info","event":"\u001b[32m✓ Создан: налоги_с_дивидендов_по_иностранным_акциям.json","logger":"task.stdout"}
{"timestamp":"2026-06-11T04:54:47.184732Z","level":"info","event":"\u001b[32m✓ Создан: отчеты_и_справки.json","logger":"task.stdout"}
{"timestamp":"2026-06-11T04:54:47.186755Z","level":"info","event":"\u001b[32m✓ Создан: как_заполнить_декларацию_3_ндфл_по_инвестициям.json","logger":"task.stdout"}
{"timestamp":"2026-06-11T04:54:47.188210Z","level":"info","event":"\u001b[32m✓ Создан: как_выбрать_стратегию_инвестирования.json","logger":"task.stdout"}
{"timestamp":"2026-06-11T04:54:47.190339Z","level":"info","event":"\u001b[32m✓ Создан: как_заработать_на_облигациях.json","logger":"task.stdout"}
{"timestamp":"2026-06-11T04:54:47.191728Z","level":"info","event":"\u001b[32m✓ Создан: что_такое_облигации.json","logger":"task.stdout"}
{"timestamp":"2026-06-11T04:54:47.193386Z","level":"info","event":"\u001b[32m✓ Создан: как_пригласить_друга_в_т_инвестиции_и_получить_подарочную_акцию.json","logger":"task.stdout"}
{"timestamp":"2026-06-11T04:54:47.194919Z","level":"info","event":"\u001b[32m✓ Создан: личный_кабинет_налогоплательщика_и_как_им_пользоваться.json","logger":"task.stdout"}
{"timestamp":"2026-06-11T04:54:47.196260Z","level":"info","event":"\u001b[32m✓ Создан: тарифы_для_брокерского_счета_и_иис.json","logger":"task.stdout"}
{"timestamp":"2026-06-11T04:54:47.197905Z","level":"info","event":"\u001b[32m✓ Создан: как_загрузить_готовую_декларацию_3_ндфл_в_форматеxml.json","logger":"task.stdout"}
{"timestamp":"2026-06-11T04:54:47.200051Z","level":"info","event":"\u001b[32m✓ Создан: зачем_нужен_статус_квалифицированного_инвестора.json","logger":"task.stdout"}
{"timestamp":"2026-06-11T04:54:47.202545Z","level":"info","event":"\u001b[32m✓ Создан: торговать_на_бирже.json","logger":"task.stdout"}
{"timestamp":"2026-06-11T04:54:47.205739Z","level":"info","event":"\u001b[32m✓ Создан: как_встать_на_учет_в_налоговом_органе.json","logger":"task.stdout"}
{"timestamp":"2026-06-11T04:54:47.207594Z","level":"info","event":"\u001b[32m✓ Создан: торги_фондами_т_капитала.json","logger":"task.stdout"}
{"timestamp":"2026-06-11T04:54:47.208480Z","level":"info","event":"\u001b[32m✓ Создан: как_рассчитывается_вариационная_маржа.json","logger":"task.stdout"}
{"timestamp":"2026-06-11T04:54:47.209883Z","level":"info","event":"\u001b[32m✓ Создан: форма_w8ben_и_для_чего_она_нужна.json","logger":"task.stdout"}
{"timestamp":"2026-06-11T04:54:47.212134Z","level":"info","event":"\u001b[32m✓ Создан: советы_начинающим_инвесторам.json","logger":"task.stdout"}
{"timestamp":"2026-06-11T04:54:47.214205Z","level":"info","event":"\u001b[32m✓ Создан: фонды_т_капитала.json","logger":"task.stdout"}
{"timestamp":"2026-06-11T04:54:47.217276Z","level":"info","event":"\u001b[32m✓ Создан: ветер_перемен_что_делать_инвестору.json","logger":"task.stdout"}
{"timestamp":"2026-06-11T04:54:47.219270Z","level":"info","event":"\u001b[32m✓ Создан: случаи_когда_брокер_удерживает_налог_автоматически.json","logger":"task.stdout"}
{"timestamp":"2026-06-11T04:54:47.221406Z","level":"info","event":"\u001b[32m✓ Создан: как_заработать_на_акциях.json","logger":"task.stdout"}
{"timestamp":"2026-06-11T04:54:47.222492Z","level":"info","event":"\u001b[32m✓ Создан: тпомощь_инвестиции.json","logger":"task.stdout"}
{"timestamp":"2026-06-11T04:54:47.223753Z","level":"info","event":"\u001b[32m✓ Создан: как_вложить_деньги_в_фонды_т_капитала.json","logger":"task.stdout"}
{"timestamp":"2026-06-11T04:54:47.225350Z","level":"info","event":"\u001b[32m✓ Создан: как_получить_статус_квалифицированного_инвестора.json","logger":"task.stdout"}
{"timestamp":"2026-06-11T04:54:47.225635Z","level":"info","event":"","logger":"task.stdout"}
{"timestamp":"2026-06-11T04:54:47.225716Z","level":"info","event":"\u001b[32mСоздано файлов без нумерации: 113","logger":"task.stdout"}
{"timestamp":"2026-06-11T04:54:47.225809Z","level":"info","event":"","logger":"task.stdout"}
{"timestamp":"2026-06-11T04:54:47.226026Z","level":"info","event":"\u001b[36m================================================================================","logger":"task.stdout"}
{"timestamp":"2026-06-11T04:54:47.226089Z","level":"info","event":"\u001b[36m🗑️  ШАГ 3: УДАЛЕНИЕ ПРОНУМЕРОВАННЫХ ФАЙЛОВ","logger":"task.stdout"}
{"timestamp":"2026-06-11T04:54:47.226185Z","level":"info","event":"\u001b[36m================================================================================\u001b[0m","logger":"task.stdout"}
{"timestamp":"2026-06-11T04:54:47.226329Z","level":"info","event":"","logger":"task.stdout"}
{"timestamp":"2026-06-11T04:54:47.228144Z","level":"info","event":"\u001b[31m✓ Удален: 093_как_пополнить_брокерский_счет.json","logger":"task.stdout"}
{"timestamp":"2026-06-11T04:54:47.228741Z","level":"info","event":"\u001b[31m✓ Удален: 279_как_перевести_бумаги_в_тинвестиции.json","logger":"task.stdout"}
{"timestamp":"2026-06-11T04:54:47.228920Z","level":"info","event":"\u001b[31m✓ Удален: 229_как_получать_отчеты_и_справки.json","logger":"task.stdout"}
{"timestamp":"2026-06-11T04:54:47.229107Z","level":"info","event":"\u001b[31m✓ Удален: 202_сбалансированный_портфель_и_минимизация_рисков.json","logger":"task.stdout"}
{"timestamp":"2026-06-11T04:54:47.229249Z","level":"info","event":"\u001b[31m✓ Удален: 009_что_такое_акции.json","logger":"task.stdout"}
{"timestamp":"2026-06-11T04:54:47.229428Z","level":"info","event":"\u001b[31m✓ Удален: 002_размещение_и_выкуп_акций.json","logger":"task.stdout"}
{"timestamp":"2026-06-11T04:54:47.229608Z","level":"info","event":"\u001b[31m✓ Удален: 071_фундаментальный_анализ_ценных_бумаг.json","logger":"task.stdout"}
{"timestamp":"2026-06-11T04:54:47.229800Z","level":"info","event":"\u001b[31m✓ Удален: 080_как_пополнить_брокерский_счет.json","logger":"task.stdout"}
{"timestamp":"2026-06-11T04:54:47.230388Z","level":"info","event":"\u001b[31m✓ Удален: 018_что_такое_фонды_etf_и_бпиф.json","logger":"task.stdout"}
{"timestamp":"2026-06-11T04:54:47.230673Z","level":"info","event":"\u001b[31m✓ Удален: 186_как_торговать_опционами.json","logger":"task.stdout"}
{"timestamp":"2026-06-11T04:54:47.230925Z","level":"info","event":"\u001b[31m✓ Удален: 044_как_посмотреть_доходность_счета.json","logger":"task.stdout"}
{"timestamp":"2026-06-11T04:54:47.231195Z","level":"info","event":"\u001b[31m✓ Удален: 020_типы_купонов_по_облигациям.json","logger":"task.stdout"}
{"timestamp":"2026-06-11T04:54:47.231438Z","level":"info","event":"\u001b[31m✓ Удален: 109_как_выставлять_биржевые_заявки.json","logger":"task.stdout"}
{"timestamp":"2026-06-11T04:54:47.231617Z","level":"info","event":"\u001b[31m✓ Удален: 306_как_устроена_биржа_опционов.json","logger":"task.stdout"}
{"timestamp":"2026-06-11T04:54:47.231766Z","level":"info","event":"\u001b[31m✓ Удален: 004_виды_бирж.json","logger":"task.stdout"}
{"timestamp":"2026-06-11T04:54:47.232050Z","level":"info","event":"\u001b[31m✓ Удален: 243_как_работает_фондовый_рынок.json","logger":"task.stdout"}
{"timestamp":"2026-06-11T04:54:47.232205Z","level":"info","event":"\u001b[31m✓ Удален: 185_терминал_т_инвестиций.json","logger":"task.stdout"}
{"timestamp":"2026-06-11T04:54:47.232450Z","level":"info","event":"\u001b[31m✓ Удален: 246_эмиссионные_ценные_бумаги_виды_и_признаки.json","logger":"task.stdout"}
{"timestamp":"2026-06-11T04:54:47.233161Z","level":"info","event":"\u001b[31m✓ Удален: 301_участники_рынка_ценных_бумаг.json","logger":"task.stdout"}
{"timestamp":"2026-06-11T04:54:47.234072Z","level":"info","event":"\u001b[31m✓ Удален: 005_что_такое_ликвидность.json","logger":"task.stdout"}
{"timestamp":"2026-06-11T04:54:47.234708Z","level":"info","event":"\u001b[31m✓ Удален: 213_как_читать_налоговый_отчет_от_т_инвестиций.json","logger":"task.stdout"}
{"timestamp":"2026-06-11T04:54:47.234869Z","level":"info","event":"\u001b[31m✓ Удален: 009_купонный_доход_по_облигациям.json","logger":"task.stdout"}
{"timestamp":"2026-06-11T04:54:47.235072Z","level":"info","event":"\u001b[31m✓ Удален: 200_сбалансированный_портфель_и_минимизация_рисков.json","logger":"task.stdout"}
{"timestamp":"2026-06-11T04:54:47.235407Z","level":"info","event":"\u001b[31m✓ Удален: 027_полезное_для_инвесторов.json","logger":"task.stdout"}
{"timestamp":"2026-06-11T04:54:47.235729Z","level":"info","event":"\u001b[31m✓ Удален: 067_как_работает_автоследование_в_т_инвестициях.json","logger":"task.stdout"}
{"timestamp":"2026-06-11T04:54:47.236348Z","level":"info","event":"\u001b[31m✓ Удален: 003_что_такое_акции.json","logger":"task.stdout"}
{"timestamp":"2026-06-11T04:54:47.237432Z","level":"info","event":"\u001b[31m✓ Удален: 072_дивидендный_доход_по_акциям.json","logger":"task.stdout"}
{"timestamp":"2026-06-11T04:54:47.237642Z","level":"info","event":"\u001b[31m✓ Удален: 196_сбалансированный_портфель_и_минимизация_рисков.json","logger":"task.stdout"}
{"timestamp":"2026-06-11T04:54:47.238250Z","level":"info","event":"\u001b[31m✓ Удален: 234_как_скачать_документы_для_подачи_в_налоговые_органы_и_не_только.json","logger":"task.stdout"}
{"timestamp":"2026-06-11T04:54:47.238478Z","level":"info","event":"\u001b[31m✓ Удален: 203_секреты_диверсификации.json","logger":"task.stdout"}
{"timestamp":"2026-06-11T04:54:47.238822Z","level":"info","event":"\u001b[31m✓ Удален: 026_терминал_т_инвестиций.json","logger":"task.stdout"}
{"timestamp":"2026-06-11T04:54:47.240196Z","level":"info","event":"\u001b[31m✓ Удален: 096_как_вывести_деньги_с_брокерского_счета.json","logger":"task.stdout"}
{"timestamp":"2026-06-11T04:54:47.240328Z","level":"info","event":"\u001b[31m✓ Удален: 175_как_работают_неоактивы.json","logger":"task.stdout"}
{"timestamp":"2026-06-11T04:54:47.241807Z","level":"info","event":"\u001b[31m✓ Удален: 314_что_такое_акции.json","logger":"task.stdout"}
{"timestamp":"2026-06-11T04:54:47.242361Z","level":"info","event":"\u001b[31m✓ Удален: 195_режимы_торгов.json","logger":"task.stdout"}
{"timestamp":"2026-06-11T04:54:47.242617Z","level":"info","event":"\u001b[31m✓ Удален: 088_инвестиционные_счета.json","logger":"task.stdout"}
{"timestamp":"2026-06-11T04:54:47.242914Z","level":"info","event":"\u001b[31m✓ Удален: 120_как_покупать_и_продавать_драгоценные_металлы.json","logger":"task.stdout"}
{"timestamp":"2026-06-11T04:54:47.243052Z","level":"info","event":"\u001b[31m✓ Удален: 280_как_перевести_бумаги_в_тинвестиции.json","logger":"task.stdout"}
{"timestamp":"2026-06-11T04:54:47.243494Z","level":"info","event":"\u001b[31m✓ Удален: 022_что_такое_офз.json","logger":"task.stdout"}
{"timestamp":"2026-06-11T04:54:47.243706Z","level":"info","event":"\u001b[31m✓ Удален: 176_как_торговать_опционами.json","logger":"task.stdout"}
{"timestamp":"2026-06-11T04:54:47.243936Z","level":"info","event":"\u001b[31m✓ Удален: 311_что_такое_акции.json","logger":"task.stdout"}
{"timestamp":"2026-06-11T04:54:47.244209Z","level":"info","event":"\u001b[31m✓ Удален: 178_как_торговать_опционами.json","logger":"task.stdout"}
{"timestamp":"2026-06-11T04:54:47.244788Z","level":"info","event":"\u001b[31m✓ Удален: 110_как_покупать_и_продавать_ценные_бумаги_и_валюту.json","logger":"task.stdout"}
{"timestamp":"2026-06-11T04:54:47.244975Z","level":"info","event":"\u001b[31m✓ Удален: 262_какие_документы_нужны_при_подаче_декларации_3_ндфл.json","logger":"task.stdout"}
{"timestamp":"2026-06-11T04:54:47.245637Z","level":"info","event":"\u001b[31m✓ Удален: 070_фундаментальный_анализ_ценных_бумаг.json","logger":"task.stdout"}
{"timestamp":"2026-06-11T04:54:47.246308Z","level":"info","event":"\u001b[31m✓ Удален: 214_как_получать_отчеты_и_справки.json","logger":"task.stdout"}
{"timestamp":"2026-06-11T04:54:47.246714Z","level":"info","event":"\u001b[31m✓ Удален: 129_продажа_заблокированных_иностранных_бумаг_в_тинвестициях.json","logger":"task.stdout"}
{"timestamp":"2026-06-11T04:54:47.247045Z","level":"info","event":"\u001b[31m✓ Удален: 212_как_получать_отчеты_и_справки.json","logger":"task.stdout"}
{"timestamp":"2026-06-11T04:54:47.248024Z","level":"info","event":"\u001b[31m✓ Удален: 119_как_выставлять_биржевые_заявки.json","logger":"task.stdout"}
{"timestamp":"2026-06-11T04:54:47.248447Z","level":"info","event":"\u001b[31m✓ Удален: 145_налог_на_материальную_выгоду_для_инвесторов.json","logger":"task.stdout"}
{"timestamp":"2026-06-11T04:54:47.248815Z","level":"info","event":"\u001b[31m✓ Удален: 290_эмиссионные_ценные_бумаги_виды_и_признаки.json","logger":"task.stdout"}
{"timestamp":"2026-06-11T04:54:47.248958Z","level":"info","event":"\u001b[31m✓ Удален: 087_дивидендный_доход_по_акциям.json","logger":"task.stdout"}
{"timestamp":"2026-06-11T04:54:47.249248Z","level":"info","event":"\u001b[31m✓ Удален: 223_как_читать_налоговый_отчет_от_т_инвестиций.json","logger":"task.stdout"}
{"timestamp":"2026-06-11T04:54:47.249958Z","level":"info","event":"\u001b[31m✓ Удален: 166_как_заключать_сделки_в_терминале.json","logger":"task.stdout"}
{"timestamp":"2026-06-11T04:54:47.252949Z","level":"info","event":"\u001b[31m✓ Удален: 097_как_выставлять_биржевые_заявки.json","logger":"task.stdout"}
{"timestamp":"2026-06-11T04:54:47.253958Z","level":"info","event":"\u001b[31m✓ Удален: 303_что_такое_акции.json","logger":"task.stdout"}
{"timestamp":"2026-06-11T04:54:47.254525Z","level":"info","event":"\u001b[31m✓ Удален: 220_как_скачать_документы_для_подачи_в_налоговые_органы_и_не_только.json","logger":"task.stdout"}
{"timestamp":"2026-06-11T04:54:47.255113Z","level":"info","event":"\u001b[31m✓ Удален: 090_нужно_ли_закрывать_брокерский_счет.json","logger":"task.stdout"}
{"timestamp":"2026-06-11T04:54:47.255538Z","level":"info","event":"\u001b[31m✓ Удален: 039_как_начать_торговать_на_бирже.json","logger":"task.stdout"}
{"timestamp":"2026-06-11T04:54:47.256347Z","level":"info","event":"\u001b[31m✓ Удален: 255_налогообложение_для_налоговых_нерезидентов.json","logger":"task.stdout"}
{"timestamp":"2026-06-11T04:54:47.256680Z","level":"info","event":"\u001b[31m✓ Удален: 010_что_такое_биржа.json","logger":"task.stdout"}
{"timestamp":"2026-06-11T04:54:47.256956Z","level":"info","event":"\u001b[31m✓ Удален: 003_фундаментальный_анализ_ценных_бумаг.json","logger":"task.stdout"}
{"timestamp":"2026-06-11T04:54:47.257253Z","level":"info","event":"\u001b[31m✓ Удален: 012_дивидендный_доход_по_акциям.json","logger":"task.stdout"}
{"timestamp":"2026-06-11T04:54:47.257560Z","level":"info","event":"\u001b[31m✓ Удален: 144_фонды_жилой_недвижимости_от_ткапитала.json","logger":"task.stdout"}
{"timestamp":"2026-06-11T04:54:47.257664Z","level":"info","event":"\u001b[31m✓ Удален: 105_как_выставлять_биржевые_заявки.json","logger":"task.stdout"}
{"timestamp":"2026-06-11T04:54:47.257902Z","level":"info","event":"\u001b[31m✓ Удален: 040_как_устроен_терминал.json","logger":"task.stdout"}
{"timestamp":"2026-06-11T04:54:47.258173Z","level":"info","event":"\u001b[31m✓ Удален: 267_наследование_ценных_бумаг.json","logger":"task.stdout"}
{"timestamp":"2026-06-11T04:54:47.258558Z","level":"info","event":"\u001b[31m✓ Удален: 135_подарочные_акции.json","logger":"task.stdout"}
{"timestamp":"2026-06-11T04:54:47.258678Z","level":"info","event":"\u001b[31m✓ Удален: 293_как_работает_срочный_рынок.json","logger":"task.stdout"}
{"timestamp":"2026-06-11T04:54:47.259284Z","level":"info","event":"\u001b[31m✓ Удален: 099_как_вывести_деньги_с_брокерского_счета.json","logger":"task.stdout"}
{"timestamp":"2026-06-11T04:54:47.260001Z","level":"info","event":"\u001b[31m✓ Удален: 236_как_получать_отчеты_и_справки.json","logger":"task.stdout"}
{"timestamp":"2026-06-11T04:54:47.262175Z","level":"info","event":"\u001b[31m✓ Удален: 274_наследование_ценных_бумаг.json","logger":"task.stdout"}
{"timestamp":"2026-06-11T04:54:47.262753Z","level":"info","event":"\u001b[31m✓ Удален: 247_налог_на_доход_от_торговли_ценными_бумагами.json","logger":"task.stdout"}
{"timestamp":"2026-06-11T04:54:47.263034Z","level":"info","event":"\u001b[31m✓ Удален: 261_вопросы_налогообложения_для_инвесторов.json","logger":"task.stdout"}
{"timestamp":"2026-06-11T04:54:47.263298Z","level":"info","event":"\u001b[31m✓ Удален: 239_как_читать_налоговый_отчет_от_т_инвестиций.json","logger":"task.stdout"}
{"timestamp":"2026-06-11T04:54:47.263448Z","level":"info","event":"\u001b[31m✓ Удален: 107_как_покупать_и_продавать_ценные_бумаги_и_валюту.json","logger":"task.stdout"}
{"timestamp":"2026-06-11T04:54:47.263627Z","level":"info","event":"\u001b[31m✓ Удален: 300_как_перевести_бумаги_в_тинвестиции.json","logger":"task.stdout"}
{"timestamp":"2026-06-11T04:54:47.263823Z","level":"info","event":"\u001b[31m✓ Удален: 101_как_вывести_деньги_с_брокерского_счета.json","logger":"task.stdout"}
{"timestamp":"2026-06-11T04:54:47.263990Z","level":"info","event":"\u001b[31m✓ Удален: 254_ответственность_за_нарушение_налогового_законодательства.json","logger":"task.stdout"}
{"timestamp":"2026-06-11T04:54:47.264394Z","level":"info","event":"\u001b[31m✓ Удален: 021_что_такое_ликвидность.json","logger":"task.stdout"}
{"timestamp":"2026-06-11T04:54:47.264765Z","level":"info","event":"\u001b[31m✓ Удален: 170_как_устроена_маржинальная_торговля.json","logger":"task.stdout"}
{"timestamp":"2026-06-11T04:54:47.264998Z","level":"info","event":"\u001b[31m✓ Удален: 272_наследование_ценных_бумаг.json","logger":"task.stdout"}
{"timestamp":"2026-06-11T04:54:47.265476Z","level":"info","event":"\u001b[31m✓ Удален: 098_как_выставлять_биржевые_заявки.json","logger":"task.stdout"}
{"timestamp":"2026-06-11T04:54:47.265688Z","level":"info","event":"\u001b[31m✓ Удален: 121_как_выставлять_биржевые_заявки.json","logger":"task.stdout"}
{"timestamp":"2026-06-11T04:54:47.265902Z","level":"info","event":"\u001b[31m✓ Удален: 018_виды_бирж.json","logger":"task.stdout"}
{"timestamp":"2026-06-11T04:54:47.266188Z","level":"info","event":"\u001b[31m✓ Удален: 123_что_происходит_на_бирже_важная_информация_для_клиентов_тинвестиций.json","logger":"task.stdout"}
{"timestamp":"2026-06-11T04:54:47.266414Z","level":"info","event":"\u001b[31m✓ Удален: 206_как_работает_фондовый_рынок.json","logger":"task.stdout"}
{"timestamp":"2026-06-11T04:54:47.266679Z","level":"info","event":"\u001b[31m✓ Удален: 315_что_такое_акции.json","logger":"task.stdout"}
{"timestamp":"2026-06-11T04:54:47.266902Z","level":"info","event":"\u001b[31m✓ Удален: 248_сальдирование_финансовых_результатов_на_счетах_у_разных_брокеров_и_перенос_убытков_прошлых_лет.json","logger":"task.stdout"}
{"timestamp":"2026-06-11T04:54:47.267483Z","level":"info","event":"\u001b[31m✓ Удален: 011_как_начать_торговать_на_бирже.json","logger":"task.stdout"}
{"timestamp":"2026-06-11T04:54:47.267790Z","level":"info","event":"\u001b[31m✓ Удален: 078_как_открыть_брокерский_счет.json","logger":"task.stdout"}
{"timestamp":"2026-06-11T04:54:47.267868Z","level":"info","event":"\u001b[31m✓ Удален: 265_главное_про_самостоятельную_уплату_налогов_и_декларацию_3_ндфл.json","logger":"task.stdout"}
{"timestamp":"2026-06-11T04:54:47.267949Z","level":"info","event":"\u001b[31m✓ Удален: 171_как_торговать_в_шорт.json","logger":"task.stdout"}
{"timestamp":"2026-06-11T04:54:47.268204Z","level":"info","event":"\u001b[31m✓ Удален: 131_виртуальные_подарочные_акции_от_тинвестиций.json","logger":"task.stdout"}
{"timestamp":"2026-06-11T04:54:47.268400Z","level":"info","event":"\u001b[31m✓ Удален: 173_как_торговать_опционами.json","logger":"task.stdout"}
{"timestamp":"2026-06-11T04:54:47.268566Z","level":"info","event":"\u001b[31m✓ Удален: 292_эмиссионные_ценные_бумаги_виды_и_признаки.json","logger":"task.stdout"}
{"timestamp":"2026-06-11T04:54:47.268700Z","level":"info","event":"\u001b[31m✓ Удален: 081_как_выставлять_биржевые_заявки.json","logger":"task.stdout"}
{"timestamp":"2026-06-11T04:54:47.268793Z","level":"info","event":"\u001b[31m✓ Удален: 058_как_покупать_и_продавать_ценные_бумаги_и_валюту.json","logger":"task.stdout"}
{"timestamp":"2026-06-11T04:54:47.268937Z","level":"info","event":"\u001b[31m✓ Удален: 309_как_устроена_биржа_опционов.json","logger":"task.stdout"}
{"timestamp":"2026-06-11T04:54:47.269032Z","level":"info","event":"\u001b[31m✓ Удален: 313_дивидендный_доход_по_акциям.json","logger":"task.stdout"}
{"timestamp":"2026-06-11T04:54:47.269167Z","level":"info","event":"\u001b[31m✓ Удален: 147_фонды_жилой_недвижимости_от_ткапитала.json","logger":"task.stdout"}
{"timestamp":"2026-06-11T04:54:47.269285Z","level":"info","event":"\u001b[31m✓ Удален: 287_эмиссионные_ценные_бумаги_виды_и_признаки.json","logger":"task.stdout"}
{"timestamp":"2026-06-11T04:54:47.269956Z","level":"info","event":"\u001b[31m✓ Удален: 007_как_устроен_фьючерсный_рынок.json","logger":"task.stdout"}
{"timestamp":"2026-06-11T04:54:47.270194Z","level":"info","event":"\u001b[31m✓ Удален: 068_как_работает_рынок_ценных_бумаг.json","logger":"task.stdout"}
{"timestamp":"2026-06-11T04:54:47.270409Z","level":"info","event":"\u001b[31m✓ Удален: 216_как_скачать_документы_для_подачи_в_налоговые_органы_и_не_только.json","logger":"task.stdout"}
{"timestamp":"2026-06-11T04:54:47.270626Z","level":"info","event":"\u001b[31m✓ Удален: 017_риск_манипуляций_на_бирже.json","logger":"task.stdout"}
{"timestamp":"2026-06-11T04:54:47.271028Z","level":"info","event":"\u001b[31m✓ Удален: 242_как_работает_фондовый_рынок.json","logger":"task.stdout"}
{"timestamp":"2026-06-11T04:54:47.271229Z","level":"info","event":"\u001b[31m✓ Удален: 036_что_такое_ликвидность.json","logger":"task.stdout"}
{"timestamp":"2026-06-11T04:54:47.271432Z","level":"info","event":"\u001b[31m✓ Удален: 161_подключить_маржинальную_торговлю.json","logger":"task.stdout"}
{"timestamp":"2026-06-11T04:54:47.271528Z","level":"info","event":"\u001b[31m✓ Удален: 172_зачем_нужна_маржинальная_торговля.json","logger":"task.stdout"}
{"timestamp":"2026-06-11T04:54:47.271705Z","level":"info","event":"\u001b[31m✓ Удален: 201_во_что_можно_инвестировать.json","logger":"task.stdout"}
{"timestamp":"2026-06-11T04:54:47.271855Z","level":"info","event":"\u001b[31m✓ Удален: 142_фонды_жилой_недвижимости_от_ткапитала.json","logger":"task.stdout"}
{"timestamp":"2026-06-11T04:54:47.272151Z","level":"info","event":"\u001b[31m✓ Удален: 282_депозитарные_переводы.json","logger":"task.stdout"}
{"timestamp":"2026-06-11T04:54:47.272228Z","level":"info","event":"\u001b[31m✓ Удален: 268_льгота_на_долгосрочное_владение_ценными_бумагами_лдв.json","logger":"task.stdout"}
{"timestamp":"2026-06-11T04:54:47.272355Z","level":"info","event":"\u001b[31m✓ Удален: 207_как_получать_отчеты_и_справки.json","logger":"task.stdout"}
{"timestamp":"2026-06-11T04:54:47.272843Z","level":"info","event":"\u001b[31m✓ Удален: 256_особенности_инвестирования_на_бирже.json","logger":"task.stdout"}
{"timestamp":"2026-06-11T04:54:47.273106Z","level":"info","event":"\u001b[31m✓ Удален: 020_что_такое_ликвидность.json","logger":"task.stdout"}
{"timestamp":"2026-06-11T04:54:47.273398Z","level":"info","event":"\u001b[31m✓ Удален: 249_налоги_при_выводе_денег_с_брокерского_счета.json","logger":"task.stdout"}
{"timestamp":"2026-06-11T04:54:47.273733Z","level":"info","event":"\u001b[31m✓ Удален: 215_как_получать_отчеты_и_справки.json","logger":"task.stdout"}
{"timestamp":"2026-06-11T04:54:47.273943Z","level":"info","event":"\u001b[31m✓ Удален: 113_как_выставлять_биржевые_заявки.json","logger":"task.stdout"}
{"timestamp":"2026-06-11T04:54:47.274082Z","level":"info","event":"\u001b[31m✓ Удален: 052_трейдинг_и_технический_анализ.json","logger":"task.stdout"}
{"timestamp":"2026-06-11T04:54:47.274180Z","level":"info","event":"\u001b[31m✓ Удален: 027_участники_рынка_ценных_бумаг.json","logger":"task.stdout"}
{"timestamp":"2026-06-11T04:54:47.274594Z","level":"info","event":"\u001b[31m✓ Удален: 219_как_читать_брокерский_отчет_от_т_инвестиций.json","logger":"task.stdout"}
{"timestamp":"2026-06-11T04:54:47.274681Z","level":"info","event":"\u001b[31m✓ Удален: 108_как_вывести_деньги_с_брокерского_счета.json","logger":"task.stdout"}
{"timestamp":"2026-06-11T04:54:47.275069Z","level":"info","event":"\u001b[31m✓ Удален: 139_сервисы_т_инвестиций.json","logger":"task.stdout"}
{"timestamp":"2026-06-11T04:54:47.275267Z","level":"info","event":"\u001b[31m✓ Удален: 034_как_работает_срочный_рынок.json","logger":"task.stdout"}
{"timestamp":"2026-06-11T04:54:47.275687Z","level":"info","event":"\u001b[31m✓ Удален: 193_режимы_торгов.json","logger":"task.stdout"}
{"timestamp":"2026-06-11T04:54:47.275903Z","level":"info","event":"\u001b[31m✓ Удален: 269_как_заполнить_поручение_на_депозитарный_перевод.json","logger":"task.stdout"}
{"timestamp":"2026-06-11T04:54:47.276405Z","level":"info","event":"\u001b[31m✓ Удален: 089_открыть_брокерский_счет.json","logger":"task.stdout"}
{"timestamp":"2026-06-11T04:54:47.276658Z","level":"info","event":"\u001b[31m✓ Удален: 059_как_начать_торговать_на_бирже.json","logger":"task.stdout"}
{"timestamp":"2026-06-11T04:54:47.277043Z","level":"info","event":"\u001b[31m✓ Удален: 150_фонды_жилой_недвижимости_от_ткапитала.json","logger":"task.stdout"}
{"timestamp":"2026-06-11T04:54:47.277519Z","level":"info","event":"\u001b[31m✓ Удален: 228_как_читать_брокерский_отчет_от_т_инвестиций.json","logger":"task.stdout"}
{"timestamp":"2026-06-11T04:54:47.277685Z","level":"info","event":"\u001b[31m✓ Удален: 016_как_пользоваться_терминалом.json","logger":"task.stdout"}
{"timestamp":"2026-06-11T04:54:47.277993Z","level":"info","event":"\u001b[31m✓ Удален: 025_как_работает_фондовый_рынок.json","logger":"task.stdout"}
{"timestamp":"2026-06-11T04:54:47.278126Z","level":"info","event":"\u001b[31m✓ Удален: 281_наследование_ценных_бумаг.json","logger":"task.stdout"}
{"timestamp":"2026-06-11T04:54:47.278615Z","level":"info","event":"\u001b[31m✓ Удален: 104_как_покупать_и_продавать_драгоценные_металлы.json","logger":"task.stdout"}
{"timestamp":"2026-06-11T04:54:47.278836Z","level":"info","event":"\u001b[31m✓ Удален: 305_как_устроена_биржа_опционов.json","logger":"task.stdout"}
{"timestamp":"2026-06-11T04:54:47.279031Z","level":"info","event":"\u001b[31m✓ Удален: 014_виды_бирж.json","logger":"task.stdout"}
{"timestamp":"2026-06-11T04:54:47.279147Z","level":"info","event":"\u001b[31m✓ Удален: 038_как_начать_торговать_на_бирже.json","logger":"task.stdout"}
{"timestamp":"2026-06-11T04:54:47.279615Z","level":"info","event":"\u001b[31m✓ Удален: 189_фьючерсы_и_опционы.json","logger":"task.stdout"}
{"timestamp":"2026-06-11T04:54:47.279840Z","level":"info","event":"\u001b[31m✓ Удален: 260_удержание_налога_с_инвестиций_по_итогам_года.json","logger":"task.stdout"}
{"timestamp":"2026-06-11T04:54:47.280015Z","level":"info","event":"\u001b[31m✓ Удален: 181_срочный_рынок.json","logger":"task.stdout"}
{"timestamp":"2026-06-11T04:54:47.280218Z","level":"info","event":"\u001b[31m✓ Удален: 095_как_покупать_и_продавать_драгоценные_металлы.json","logger":"task.stdout"}
{"timestamp":"2026-06-11T04:54:47.280352Z","level":"info","event":"\u001b[31m✓ Удален: 278_документы_для_учета_бумаг_при_депозитарном_переводе_в_тбанк.json","logger":"task.stdout"}
{"timestamp":"2026-06-11T04:54:47.280642Z","level":"info","event":"\u001b[31m✓ Удален: 103_как_выставлять_биржевые_заявки.json","logger":"task.stdout"}
{"timestamp":"2026-06-11T04:54:47.280755Z","level":"info","event":"\u001b[31m✓ Удален: 237_как_получать_отчеты_и_справки.json","logger":"task.stdout"}
{"timestamp":"2026-06-11T04:54:47.280905Z","level":"info","event":"\u001b[31m✓ Удален: 222_как_скачать_документы_для_подачи_в_налоговые_органы_и_не_только.json","logger":"task.stdout"}
{"timestamp":"2026-06-11T04:54:47.281082Z","level":"info","event":"\u001b[31m✓ Удален: 273_наследование_ценных_бумаг.json","logger":"task.stdout"}
{"timestamp":"2026-06-11T04:54:47.281259Z","level":"info","event":"\u001b[31m✓ Удален: 210_как_читать_брокерский_отчет_от_т_инвестиций.json","logger":"task.stdout"}
{"timestamp":"2026-06-11T04:54:47.281450Z","level":"info","event":"\u001b[31m✓ Удален: 238_как_читать_брокерский_отчет_от_т_инвестиций.json","logger":"task.stdout"}
{"timestamp":"2026-06-11T04:54:47.281578Z","level":"info","event":"\u001b[31m✓ Удален: 054_об_управляющей_компании_ткапитал.json","logger":"task.stdout"}
{"timestamp":"2026-06-11T04:54:47.281693Z","level":"info","event":"\u001b[31m✓ Удален: 014_как_в_терминале_выбрать_активы_для_биржевой_торговли.json","logger":"task.stdout"}
{"timestamp":"2026-06-11T04:54:47.281790Z","level":"info","event":"\u001b[31m✓ Удален: 198_сбалансированный_портфель_и_минимизация_рисков.json","logger":"task.stdout"}
{"timestamp":"2026-06-11T04:54:47.281976Z","level":"info","event":"\u001b[31m✓ Удален: 294_что_такое_акции.json","logger":"task.stdout"}
{"timestamp":"2026-06-11T04:54:47.282162Z","level":"info","event":"\u001b[31m✓ Удален: 275_наследование_ценных_бумаг.json","logger":"task.stdout"}
{"timestamp":"2026-06-11T04:54:47.282353Z","level":"info","event":"\u001b[31m✓ Удален: 085_особенности_налогообложения_иис.json","logger":"task.stdout"}
{"timestamp":"2026-06-11T04:54:47.282461Z","level":"info","event":"\u001b[31m✓ Удален: 221_как_читать_брокерский_отчет_от_т_инвестиций.json","logger":"task.stdout"}
{"timestamp":"2026-06-11T04:54:47.282845Z","level":"info","event":"\u001b[31m✓ Удален: 263_какие_налоги_нужно_платить_по_инвесткопилке.json","logger":"task.stdout"}
{"timestamp":"2026-06-11T04:54:47.282940Z","level":"info","event":"\u001b[31m✓ Удален: 179_как_устроена_биржа_опционов.json","logger":"task.stdout"}
{"timestamp":"2026-06-11T04:54:47.283352Z","level":"info","event":"\u001b[31m✓ Удален: 245_эмиссионные_ценные_бумаги_виды_и_признаки.json","logger":"task.stdout"}
{"timestamp":"2026-06-11T04:54:47.283445Z","level":"info","event":"\u001b[31m✓ Удален: 062_мобильное_приложениеt_инвестиции.json","logger":"task.stdout"}
{"timestamp":"2026-06-11T04:54:47.283589Z","level":"info","event":"\u001b[31m✓ Удален: 241_как_получать_отчеты_и_справки.json","logger":"task.stdout"}
{"timestamp":"2026-06-11T04:54:47.283724Z","level":"info","event":"\u001b[31m✓ Удален: 055_фундаментальный_анализ_ценных_бумаг.json","logger":"task.stdout"}
{"timestamp":"2026-06-11T04:54:47.284024Z","level":"info","event":"\u001b[31m✓ Удален: 140_фонды_жилой_недвижимости_от_ткапитала.json","logger":"task.stdout"}
{"timestamp":"2026-06-11T04:54:47.284225Z","level":"info","event":"\u001b[31m✓ Удален: 091_брокерский_счет.json","logger":"task.stdout"}
{"timestamp":"2026-06-11T04:54:47.284453Z","level":"info","event":"\u001b[31m✓ Удален: 310_как_устроена_биржа_опционов.json","logger":"task.stdout"}
{"timestamp":"2026-06-11T04:54:47.284583Z","level":"info","event":"\u001b[31m✓ Удален: 063_мобильное_приложениеt_инвестиции.json","logger":"task.stdout"}
{"timestamp":"2026-06-11T04:54:47.284794Z","level":"info","event":"\u001b[31m✓ Удален: 100_как_вывести_деньги_с_брокерского_счета.json","logger":"task.stdout"}
{"timestamp":"2026-06-11T04:54:47.284922Z","level":"info","event":"\u001b[31m✓ Удален: 061_как_начать_торговать_на_бирже.json","logger":"task.stdout"}
{"timestamp":"2026-06-11T04:54:47.285053Z","level":"info","event":"\u001b[31m✓ Удален: 049_как_подключить_и_отключить_автоследование_в_т_инвестициях.json","logger":"task.stdout"}
{"timestamp":"2026-06-11T04:54:47.285147Z","level":"info","event":"\u001b[31m✓ Удален: 192_режимы_торгов.json","logger":"task.stdout"}
{"timestamp":"2026-06-11T04:54:47.285349Z","level":"info","event":"\u001b[31m✓ Удален: 159_как_торговать_в_лонг.json","logger":"task.stdout"}
{"timestamp":"2026-06-11T04:54:47.285484Z","level":"info","event":"\u001b[31m✓ Удален: 032_виды_бирж.json","logger":"task.stdout"}
{"timestamp":"2026-06-11T04:54:47.285581Z","level":"info","event":"\u001b[31m✓ Удален: 134_виртуальные_подарочные_акции_от_тинвестиций.json","logger":"task.stdout"}
{"timestamp":"2026-06-11T04:54:47.285680Z","level":"info","event":"\u001b[31m✓ Удален: 002_режимы_торгов.json","logger":"task.stdout"}
{"timestamp":"2026-06-11T04:54:47.285843Z","level":"info","event":"\u001b[31m✓ Удален: 102_как_покупать_и_продавать_драгоценные_металлы.json","logger":"task.stdout"}
{"timestamp":"2026-06-11T04:54:47.286396Z","level":"info","event":"\u001b[31m✓ Удален: 125_внебиржевые_торги_заблокированными_бумагами_с_хранением_в_нрд.json","logger":"task.stdout"}
{"timestamp":"2026-06-11T04:54:47.286461Z","level":"info","event":"\u001b[31m✓ Удален: 028_виды_бирж.json","logger":"task.stdout"}
{"timestamp":"2026-06-11T04:54:47.286628Z","level":"info","event":"\u001b[31m✓ Удален: 154_как_устроена_маржинальная_торговля.json","logger":"task.stdout"}
{"timestamp":"2026-06-11T04:54:47.287088Z","level":"info","event":"\u001b[31m✓ Удален: 019_особенности_инвестирования_на_бирже.json","logger":"task.stdout"}
{"timestamp":"2026-06-11T04:54:47.287263Z","level":"info","event":"\u001b[31m✓ Удален: 194_дивидендный_доход_по_акциям.json","logger":"task.stdout"}
{"timestamp":"2026-06-11T04:54:47.287547Z","level":"info","event":"\u001b[31m✓ Удален: 118_как_покупать_и_продавать_драгоценные_металлы.json","logger":"task.stdout"}
{"timestamp":"2026-06-11T04:54:47.287771Z","level":"info","event":"\u001b[31m✓ Удален: 013_сбалансированный_портфель_и_минимизация_рисков.json","logger":"task.stdout"}
{"timestamp":"2026-06-11T04:54:47.288077Z","level":"info","event":"\u001b[31m✓ Удален: 190_как_устроена_биржа_опционов.json","logger":"task.stdout"}
{"timestamp":"2026-06-11T04:54:47.288498Z","level":"info","event":"\u001b[31m✓ Удален: 299_участники_рынка_ценных_бумаг.json","logger":"task.stdout"}
{"timestamp":"2026-06-11T04:54:47.288882Z","level":"info","event":"\u001b[31m✓ Удален: 205_особенности_инвестирования_на_бирже.json","logger":"task.stdout"}
{"timestamp":"2026-06-11T04:54:47.289239Z","level":"info","event":"\u001b[31m✓ Удален: 231_как_читать_налоговый_отчет_от_т_инвестиций.json","logger":"task.stdout"}
{"timestamp":"2026-06-11T04:54:47.289472Z","level":"info","event":"\u001b[31m✓ Удален: 066_дивидендный_доход_по_акциям.json","logger":"task.stdout"}
{"timestamp":"2026-06-11T04:54:47.289727Z","level":"info","event":"\u001b[31m✓ Удален: 050_эмиссионные_ценные_бумаги_виды_и_признаки.json","logger":"task.stdout"}
{"timestamp":"2026-06-11T04:54:47.289832Z","level":"info","event":"\u001b[31m✓ Удален: 259_как_торговать_фьючерсами.json","logger":"task.stdout"}
{"timestamp":"2026-06-11T04:54:47.290068Z","level":"info","event":"\u001b[31m✓ Удален: 026_что_такое_брокерский_счет.json","logger":"task.stdout"}
{"timestamp":"2026-06-11T04:54:47.290385Z","level":"info","event":"\u001b[31m✓ Удален: 174_налог_на_доход_от_торговли_ценными_бумагами.json","logger":"task.stdout"}
{"timestamp":"2026-06-11T04:54:47.290673Z","level":"info","event":"\u001b[31m✓ Удален: 043_как_начать_торговать_на_бирже.json","logger":"task.stdout"}
{"timestamp":"2026-06-11T04:54:47.290871Z","level":"info","event":"\u001b[31m✓ Удален: 277_обособление_российских_бумаг_после_депозитарного_перевода.json","logger":"task.stdout"}
{"timestamp":"2026-06-11T04:54:47.291062Z","level":"info","event":"\u001b[31m✓ Удален: 286_эмиссионные_ценные_бумаги_виды_и_признаки.json","logger":"task.stdout"}
{"timestamp":"2026-06-11T04:54:47.291236Z","level":"info","event":"\u001b[31m✓ Удален: 276_наследование_ценных_бумаг.json","logger":"task.stdout"}
{"timestamp":"2026-06-11T04:54:47.291384Z","level":"info","event":"\u001b[31m✓ Удален: 162_маржинальный_вывод.json","logger":"task.stdout"}
{"timestamp":"2026-06-11T04:54:47.291510Z","level":"info","event":"\u001b[31m✓ Удален: 048_как_начать_торговать_на_бирже.json","logger":"task.stdout"}
{"timestamp":"2026-06-11T04:54:47.291629Z","level":"info","event":"\u001b[31m✓ Удален: 137_виртуальные_подарочные_акции_от_тинвестиций.json","logger":"task.stdout"}
{"timestamp":"2026-06-11T04:54:47.291758Z","level":"info","event":"\u001b[31m✓ Удален: 252_налоги_с_дивидендов_по_иностранным_акциям.json","logger":"task.stdout"}
{"timestamp":"2026-06-11T04:54:47.291883Z","level":"info","event":"\u001b[31m✓ Удален: 208_отчеты_и_справки.json","logger":"task.stdout"}
{"timestamp":"2026-06-11T04:54:47.292223Z","level":"info","event":"\u001b[31m✓ Удален: 155_сбалансированный_портфель_и_минимизация_рисков.json","logger":"task.stdout"}
{"timestamp":"2026-06-11T04:54:47.292301Z","level":"info","event":"\u001b[31m✓ Удален: 209_как_получать_отчеты_и_справки.json","logger":"task.stdout"}
{"timestamp":"2026-06-11T04:54:47.292462Z","level":"info","event":"\u001b[31m✓ Удален: 264_как_заполнить_декларацию_3_ндфл_по_инвестициям.json","logger":"task.stdout"}
{"timestamp":"2026-06-11T04:54:47.292618Z","level":"info","event":"\u001b[31m✓ Удален: 041_как_выбрать_стратегию_инвестирования.json","logger":"task.stdout"}
{"timestamp":"2026-06-11T04:54:47.292779Z","level":"info","event":"\u001b[31m✓ Удален: 199_сбалансированный_портфель_и_минимизация_рисков.json","logger":"task.stdout"}
{"timestamp":"2026-06-11T04:54:47.293000Z","level":"info","event":"\u001b[31m✓ Удален: 051_как_начать_торговать_на_бирже.json","logger":"task.stdout"}
{"timestamp":"2026-06-11T04:54:47.293211Z","level":"info","event":"\u001b[31m✓ Удален: 270_наследование_ценных_бумаг.json","logger":"task.stdout"}
{"timestamp":"2026-06-11T04:54:47.293370Z","level":"info","event":"\u001b[31m✓ Удален: 029_виды_бирж.json","logger":"task.stdout"}
{"timestamp":"2026-06-11T04:54:47.293649Z","level":"info","event":"\u001b[31m✓ Удален: 163_как_устроена_маржинальная_торговля.json","logger":"task.stdout"}
{"timestamp":"2026-06-11T04:54:47.294055Z","level":"info","event":"\u001b[31m✓ Удален: 156_как_устроена_маржинальная_торговля.json","logger":"task.stdout"}
{"timestamp":"2026-06-11T04:54:47.294292Z","level":"info","event":"\u001b[31m✓ Удален: 158_как_устроена_маржинальная_торговля.json","logger":"task.stdout"}
{"timestamp":"2026-06-11T04:54:47.294709Z","level":"info","event":"\u001b[31m✓ Удален: 005_особенности_инвестирования_на_бирже.json","logger":"task.stdout"}
{"timestamp":"2026-06-11T04:54:47.294841Z","level":"info","event":"\u001b[31m✓ Удален: 296_участники_рынка_ценных_бумаг.json","logger":"task.stdout"}
{"timestamp":"2026-06-11T04:54:47.295049Z","level":"info","event":"\u001b[31m✓ Удален: 191_режимы_торгов.json","logger":"task.stdout"}
{"timestamp":"2026-06-11T04:54:47.295426Z","level":"info","event":"\u001b[31m✓ Удален: 007_как_заработать_на_облигациях.json","logger":"task.stdout"}
{"timestamp":"2026-06-11T04:54:47.295528Z","level":"info","event":"\u001b[31m✓ Удален: 232_как_читать_налоговый_отчет_от_т_инвестиций.json","logger":"task.stdout"}
{"timestamp":"2026-06-11T04:54:47.295662Z","level":"info","event":"\u001b[31m✓ Удален: 021_что_такое_облигации.json","logger":"task.stdout"}
{"timestamp":"2026-06-11T04:54:47.295817Z","level":"info","event":"\u001b[31m✓ Удален: 157_как_устроена_маржинальная_торговля.json","logger":"task.stdout"}
{"timestamp":"2026-06-11T04:54:47.295946Z","level":"info","event":"\u001b[31m✓ Удален: 132_как_пригласить_друга_в_т_инвестиции_и_получить_подарочную_акцию.json","logger":"task.stdout"}
{"timestamp":"2026-06-11T04:54:47.296054Z","level":"info","event":"\u001b[31m✓ Удален: 117_как_выставлять_биржевые_заявки.json","logger":"task.stdout"}
{"timestamp":"2026-06-11T04:54:47.296189Z","level":"info","event":"\u001b[31m✓ Удален: 057_как_пополнить_брокерский_счет.json","logger":"task.stdout"}
{"timestamp":"2026-06-11T04:54:47.296311Z","level":"info","event":"\u001b[31m✓ Удален: 033_виды_бирж.json","logger":"task.stdout"}
{"timestamp":"2026-06-11T04:54:47.296416Z","level":"info","event":"\u001b[31m✓ Удален: 224_как_читать_брокерский_отчет_от_т_инвестиций.json","logger":"task.stdout"}
{"timestamp":"2026-06-11T04:54:47.296547Z","level":"info","event":"\u001b[31m✓ Удален: 307_как_устроена_биржа_опционов.json","logger":"task.stdout"}
{"timestamp":"2026-06-11T04:54:47.296643Z","level":"info","event":"\u001b[31m✓ Удален: 312_особенности_инвестирования_на_бирже.json","logger":"task.stdout"}
{"timestamp":"2026-06-11T04:54:47.296831Z","level":"info","event":"\u001b[31m✓ Удален: 244_как_работает_фондовый_рынок.json","logger":"task.stdout"}
{"timestamp":"2026-06-11T04:54:47.296955Z","level":"info","event":"\u001b[31m✓ Удален: 128_продажа_заблокированных_иностранных_бумаг_в_тинвестициях.json","logger":"task.stdout"}
{"timestamp":"2026-06-11T04:54:47.297097Z","level":"info","event":"\u001b[31m✓ Удален: 136_виртуальные_подарочные_акции_от_тинвестиций.json","logger":"task.stdout"}
{"timestamp":"2026-06-11T04:54:47.297256Z","level":"info","event":"\u001b[31m✓ Удален: 258_личный_кабинет_налогоплательщика_и_как_им_пользоваться.json","logger":"task.stdout"}
{"timestamp":"2026-06-11T04:54:47.297435Z","level":"info","event":"\u001b[31m✓ Удален: 182_как_торговать_опционами.json","logger":"task.stdout"}
{"timestamp":"2026-06-11T04:54:47.297690Z","level":"info","event":"\u001b[31m✓ Удален: 253_налоги_при_выводе_денег_с_брокерского_счета.json","logger":"task.stdout"}
{"timestamp":"2026-06-11T04:54:47.297866Z","level":"info","event":"\u001b[31m✓ Удален: 240_как_получать_отчеты_и_справки.json","logger":"task.stdout"}
{"timestamp":"2026-06-11T04:54:47.298068Z","level":"info","event":"\u001b[31m✓ Удален: 045_фундаментальный_анализ_ценных_бумаг.json","logger":"task.stdout"}
{"timestamp":"2026-06-11T04:54:47.298644Z","level":"info","event":"\u001b[31m✓ Удален: 076_тарифы_для_брокерского_счета_и_иис.json","logger":"task.stdout"}
{"timestamp":"2026-06-11T04:54:47.298920Z","level":"info","event":"\u001b[31m✓ Удален: 197_сбалансированный_портфель_и_минимизация_рисков.json","logger":"task.stdout"}
{"timestamp":"2026-06-11T04:54:47.299014Z","level":"info","event":"\u001b[31m✓ Удален: 225_как_читать_налоговый_отчет_от_т_инвестиций.json","logger":"task.stdout"}
{"timestamp":"2026-06-11T04:54:47.299129Z","level":"info","event":"\u001b[31m✓ Удален: 250_как_загрузить_готовую_декларацию_3_ндфл_в_форматеxml.json","logger":"task.stdout"}
{"timestamp":"2026-06-11T04:54:47.299238Z","level":"info","event":"\u001b[31m✓ Удален: 164_зачем_нужен_статус_квалифицированного_инвестора.json","logger":"task.stdout"}
{"timestamp":"2026-06-11T04:54:47.299440Z","level":"info","event":"\u001b[31m✓ Удален: 284_эмиссионные_ценные_бумаги_виды_и_признаки.json","logger":"task.stdout"}
{"timestamp":"2026-06-11T04:54:47.299688Z","level":"info","event":"\u001b[31m✓ Удален: 133_как_пригласить_друга_в_т_инвестиции_и_получить_подарочную_акцию.json","logger":"task.stdout"}
{"timestamp":"2026-06-11T04:54:47.299842Z","level":"info","event":"\u001b[31m✓ Удален: 289_эмиссионные_ценные_бумаги_виды_и_признаки.json","logger":"task.stdout"}
{"timestamp":"2026-06-11T04:54:47.300122Z","level":"info","event":"\u001b[31m✓ Удален: 092_торговать_на_бирже.json","logger":"task.stdout"}
{"timestamp":"2026-06-11T04:54:47.300292Z","level":"info","event":"\u001b[31m✓ Удален: 257_как_встать_на_учет_в_налоговом_органе.json","logger":"task.stdout"}
{"timestamp":"2026-06-11T04:54:47.300540Z","level":"info","event":"\u001b[31m✓ Удален: 130_торги_фондами_т_капитала.json","logger":"task.stdout"}
{"timestamp":"2026-06-11T04:54:47.300756Z","level":"info","event":"\u001b[31m✓ Удален: 183_как_рассчитывается_вариационная_маржа.json","logger":"task.stdout"}
{"timestamp":"2026-06-11T04:54:47.300858Z","level":"info","event":"\u001b[31m✓ Удален: 124_форма_w8ben_и_для_чего_она_нужна.json","logger":"task.stdout"}
{"timestamp":"2026-06-11T04:54:47.301039Z","level":"info","event":"\u001b[31m✓ Удален: 153_как_устроена_маржинальная_торговля.json","logger":"task.stdout"}
{"timestamp":"2026-06-11T04:54:47.301152Z","level":"info","event":"\u001b[31m✓ Удален: 291_эмиссионные_ценные_бумаги_виды_и_признаки.json","logger":"task.stdout"}
{"timestamp":"2026-06-11T04:54:47.301266Z","level":"info","event":"\u001b[31m✓ Удален: 019_как_работает_срочный_рынок.json","logger":"task.stdout"}
{"timestamp":"2026-06-11T04:54:47.301362Z","level":"info","event":"\u001b[31m✓ Удален: 060_как_начать_торговать_на_бирже.json","logger":"task.stdout"}
{"timestamp":"2026-06-11T04:54:47.301693Z","level":"info","event":"\u001b[31m✓ Удален: 094_как_пополнить_брокерский_счет.json","logger":"task.stdout"}
{"timestamp":"2026-06-11T04:54:47.301814Z","level":"info","event":"\u001b[31m✓ Удален: 251_льгота_на_долгосрочное_владение_ценными_бумагами_лдв.json","logger":"task.stdout"}
{"timestamp":"2026-06-11T04:54:47.301990Z","level":"info","event":"\u001b[31m✓ Удален: 295_участники_рынка_ценных_бумаг.json","logger":"task.stdout"}
{"timestamp":"2026-06-11T04:54:47.302177Z","level":"info","event":"\u001b[31m✓ Удален: 111_как_покупать_и_продавать_ценные_бумаги_и_валюту.json","logger":"task.stdout"}
{"timestamp":"2026-06-11T04:54:47.302350Z","level":"info","event":"\u001b[31m✓ Удален: 233_как_получать_отчеты_и_справки.json","logger":"task.stdout"}
{"timestamp":"2026-06-11T04:54:47.302596Z","level":"info","event":"\u001b[31m✓ Удален: 180_как_устроен_фьючерсный_рынок.json","logger":"task.stdout"}
{"timestamp":"2026-06-11T04:54:47.303000Z","level":"info","event":"\u001b[31m✓ Удален: 298_участники_рынка_ценных_бумаг.json","logger":"task.stdout"}
{"timestamp":"2026-06-11T04:54:47.303314Z","level":"info","event":"\u001b[31m✓ Удален: 112_как_выставлять_биржевые_заявки.json","logger":"task.stdout"}
{"timestamp":"2026-06-11T04:54:47.303482Z","level":"info","event":"\u001b[31m✓ Удален: 069_как_в_терминале_выбрать_активы_для_биржевой_торговли.json","logger":"task.stdout"}
{"timestamp":"2026-06-11T04:54:47.303669Z","level":"info","event":"\u001b[31m✓ Удален: 184_как_торговать_опционами.json","logger":"task.stdout"}
{"timestamp":"2026-06-11T04:54:47.303886Z","level":"info","event":"\u001b[31m✓ Удален: 168_как_торговать_в_шорт.json","logger":"task.stdout"}
{"timestamp":"2026-06-11T04:54:47.304088Z","level":"info","event":"\u001b[31m✓ Удален: 056_как_начать_торговать_на_бирже.json","logger":"task.stdout"}
{"timestamp":"2026-06-11T04:54:47.304264Z","level":"info","event":"\u001b[31m✓ Удален: 047_советы_начинающим_инвесторам.json","logger":"task.stdout"}
{"timestamp":"2026-06-11T04:54:47.304502Z","level":"info","event":"\u001b[31m✓ Удален: 148_фонды_т_капитала.json","logger":"task.stdout"}
{"timestamp":"2026-06-11T04:54:47.304617Z","level":"info","event":"\u001b[31m✓ Удален: 169_как_устроена_маржинальная_торговля.json","logger":"task.stdout"}
{"timestamp":"2026-06-11T04:54:47.304706Z","level":"info","event":"\u001b[31m✓ Удален: 167_как_устроена_маржинальная_торговля.json","logger":"task.stdout"}
{"timestamp":"2026-06-11T04:54:47.304864Z","level":"info","event":"\u001b[31m✓ Удален: 152_как_устроена_маржинальная_торговля.json","logger":"task.stdout"}
{"timestamp":"2026-06-11T04:54:47.304980Z","level":"info","event":"\u001b[31m✓ Удален: 160_как_торговать_в_шорт.json","logger":"task.stdout"}
{"timestamp":"2026-06-11T04:54:47.305076Z","level":"info","event":"\u001b[31m✓ Удален: 053_как_покупать_и_продавать_ценные_бумаги_и_валюту.json","logger":"task.stdout"}
{"timestamp":"2026-06-11T04:54:47.305206Z","level":"info","event":"\u001b[31m✓ Удален: 149_фонды_жилой_недвижимости_от_ткапитала.json","logger":"task.stdout"}
{"timestamp":"2026-06-11T04:54:47.305983Z","level":"info","event":"\u001b[31m✓ Удален: 079_купонный_доход_по_облигациям.json","logger":"task.stdout"}
{"timestamp":"2026-06-11T04:54:47.306145Z","level":"info","event":"\u001b[31m✓ Удален: 127_внебиржевые_торги_заблокированными_бумагами_с_хранением_в_нрд.json","logger":"task.stdout"}
{"timestamp":"2026-06-11T04:54:47.306456Z","level":"info","event":"\u001b[31m✓ Удален: 204_ветер_перемен_что_делать_инвестору.json","logger":"task.stdout"}
{"timestamp":"2026-06-11T04:54:47.306776Z","level":"info","event":"\u001b[31m✓ Удален: 217_как_читать_налоговый_отчет_от_т_инвестиций.json","logger":"task.stdout"}
{"timestamp":"2026-06-11T04:54:47.306979Z","level":"info","event":"\u001b[31m✓ Удален: 304_как_устроена_биржа_опционов.json","logger":"task.stdout"}
{"timestamp":"2026-06-11T04:54:47.307292Z","level":"info","event":"\u001b[31m✓ Удален: 077_тарифы_для_брокерского_счета_и_иис.json","logger":"task.stdout"}
{"timestamp":"2026-06-11T04:54:47.307633Z","level":"info","event":"\u001b[31m✓ Удален: 122_как_покупать_и_продавать_ценные_бумаги_и_валюту.json","logger":"task.stdout"}
{"timestamp":"2026-06-11T04:54:47.307739Z","level":"info","event":"\u001b[31m✓ Удален: 084_как_покупать_и_продавать_драгоценные_металлы.json","logger":"task.stdout"}
{"timestamp":"2026-06-11T04:54:47.307872Z","level":"info","event":"\u001b[31m✓ Удален: 271_наследование_ценных_бумаг.json","logger":"task.stdout"}
{"timestamp":"2026-06-11T04:54:47.308006Z","level":"info","event":"\u001b[31m✓ Удален: 075_тарифы_для_брокерского_счета_и_иис.json","logger":"task.stdout"}
{"timestamp":"2026-06-11T04:54:47.308269Z","level":"info","event":"\u001b[31m✓ Удален: 042_как_начать_торговать_на_бирже.json","logger":"task.stdout"}
{"timestamp":"2026-06-11T04:54:47.308338Z","level":"info","event":"\u001b[31m✓ Удален: 266_случаи_когда_брокер_удерживает_налог_автоматически.json","logger":"task.stdout"}
{"timestamp":"2026-06-11T04:54:47.308450Z","level":"info","event":"\u001b[31m✓ Удален: 187_как_торговать_опционами.json","logger":"task.stdout"}
{"timestamp":"2026-06-11T04:54:47.308533Z","level":"info","event":"\u001b[31m✓ Удален: 083_тарифы_для_брокерского_счета_и_иис.json","logger":"task.stdout"}
{"timestamp":"2026-06-11T04:54:47.308637Z","level":"info","event":"\u001b[31m✓ Удален: 046_как_пользоваться_терминалом.json","logger":"task.stdout"}
{"timestamp":"2026-06-11T04:54:47.308739Z","level":"info","event":"\u001b[31m✓ Удален: 230_как_читать_брокерский_отчет_от_т_инвестиций.json","logger":"task.stdout"}
{"timestamp":"2026-06-11T04:54:47.308868Z","level":"info","event":"\u001b[31m✓ Удален: 114_как_покупать_и_продавать_драгоценные_металлы.json","logger":"task.stdout"}
{"timestamp":"2026-06-11T04:54:47.308999Z","level":"info","event":"\u001b[31m✓ Удален: 037_виды_бирж.json","logger":"task.stdout"}
{"timestamp":"2026-06-11T04:54:47.309121Z","level":"info","event":"\u001b[31m✓ Удален: 226_как_читать_налоговый_отчет_от_т_инвестиций.json","logger":"task.stdout"}
{"timestamp":"2026-06-11T04:54:47.309262Z","level":"info","event":"\u001b[31m✓ Удален: 165_как_устроена_маржинальная_торговля.json","logger":"task.stdout"}
{"timestamp":"2026-06-11T04:54:47.309357Z","level":"info","event":"\u001b[31m✓ Удален: 218_как_читать_брокерский_отчет_от_т_инвестиций.json","logger":"task.stdout"}
{"timestamp":"2026-06-11T04:54:47.309524Z","level":"info","event":"\u001b[31m✓ Удален: 316_купонный_доход_по_облигациям.json","logger":"task.stdout"}
{"timestamp":"2026-06-11T04:54:47.309657Z","level":"info","event":"\u001b[31m✓ Удален: 064_фундаментальный_анализ_ценных_бумаг.json","logger":"task.stdout"}
{"timestamp":"2026-06-11T04:54:47.309896Z","level":"info","event":"\u001b[31m✓ Удален: 001_как_работает_рынок_ценных_бумаг.json","logger":"task.stdout"}
{"timestamp":"2026-06-11T04:54:47.310365Z","level":"info","event":"\u001b[31m✓ Удален: 035_эмиссионные_ценные_бумаги_виды_и_признаки.json","logger":"task.stdout"}
{"timestamp":"2026-06-11T04:54:47.310765Z","level":"info","event":"\u001b[31m✓ Удален: 006_как_заработать_на_акциях.json","logger":"task.stdout"}
{"timestamp":"2026-06-11T04:54:47.311007Z","level":"info","event":"\u001b[31m✓ Удален: 030_тпомощь_инвестиции.json","logger":"task.stdout"}
{"timestamp":"2026-06-11T04:54:47.311351Z","level":"info","event":"\u001b[31m✓ Удален: 143_как_вложить_деньги_в_фонды_т_капитала.json","logger":"task.stdout"}
{"timestamp":"2026-06-11T04:54:47.311772Z","level":"info","event":"\u001b[31m✓ Удален: 235_как_получать_отчеты_и_справки.json","logger":"task.stdout"}
{"timestamp":"2026-06-11T04:54:47.312136Z","level":"info","event":"\u001b[31m✓ Удален: 177_как_торговать_опционами.json","logger":"task.stdout"}
{"timestamp":"2026-06-11T04:54:47.312311Z","level":"info","event":"\u001b[31m✓ Удален: 106_как_вывести_деньги_с_брокерского_счета.json","logger":"task.stdout"}
{"timestamp":"2026-06-11T04:54:47.312421Z","level":"info","event":"\u001b[31m✓ Удален: 318_что_такое_акции.json","logger":"task.stdout"}
{"timestamp":"2026-06-11T04:54:47.312559Z","level":"info","event":"\u001b[31m✓ Удален: 016_что_такое_ликвидность.json","logger":"task.stdout"}
{"timestamp":"2026-06-11T04:54:47.312795Z","level":"info","event":"\u001b[31m✓ Удален: 023_что_такое_ликвидность.json","logger":"task.stdout"}
{"timestamp":"2026-06-11T04:54:47.312858Z","level":"info","event":"\u001b[31m✓ Удален: 151_как_устроена_маржинальная_торговля.json","logger":"task.stdout"}
{"timestamp":"2026-06-11T04:54:47.312950Z","level":"info","event":"\u001b[31m✓ Удален: 297_участники_рынка_ценных_бумаг.json","logger":"task.stdout"}
{"timestamp":"2026-06-11T04:54:47.313082Z","level":"info","event":"\u001b[31m✓ Удален: 116_как_пополнить_брокерский_счет.json","logger":"task.stdout"}
{"timestamp":"2026-06-11T04:54:47.313204Z","level":"info","event":"\u001b[31m✓ Удален: 065_фундаментальный_анализ_ценных_бумаг.json","logger":"task.stdout"}
{"timestamp":"2026-06-11T04:54:47.313301Z","level":"info","event":"\u001b[31m✓ Удален: 141_об_управляющей_компании_ткапитал.json","logger":"task.stdout"}
{"timestamp":"2026-06-11T04:54:47.313419Z","level":"info","event":"\u001b[31m✓ Удален: 146_фонды_жилой_недвижимости_от_ткапитала.json","logger":"task.stdout"}
{"timestamp":"2026-06-11T04:54:47.313573Z","level":"info","event":"\u001b[31m✓ Удален: 308_как_устроена_биржа_опционов.json","logger":"task.stdout"}
{"timestamp":"2026-06-11T04:54:47.313764Z","level":"info","event":"\u001b[31m✓ Удален: 283_наследование_ценных_бумаг.json","logger":"task.stdout"}
{"timestamp":"2026-06-11T04:54:47.313846Z","level":"info","event":"\u001b[31m✓ Удален: 302_что_такое_брокерский_счет.json","logger":"task.stdout"}
{"timestamp":"2026-06-11T04:54:47.314013Z","level":"info","event":"\u001b[31m✓ Удален: 082_тарифы_для_брокерского_счета_и_иис.json","logger":"task.stdout"}
{"timestamp":"2026-06-11T04:54:47.314100Z","level":"info","event":"\u001b[31m✓ Удален: 126_торги_фондами_т_капитала.json","logger":"task.stdout"}
{"timestamp":"2026-06-11T04:54:47.314198Z","level":"info","event":"\u001b[31m✓ Удален: 073_как_покупать_и_продавать_ценные_бумаги_и_валюту.json","logger":"task.stdout"}
{"timestamp":"2026-06-11T04:54:47.314406Z","level":"info","event":"\u001b[31m✓ Удален: 227_как_получать_отчеты_и_справки.json","logger":"task.stdout"}
{"timestamp":"2026-06-11T04:54:47.314768Z","level":"info","event":"\u001b[31m✓ Удален: 211_как_читать_брокерский_отчет_от_т_инвестиций.json","logger":"task.stdout"}
{"timestamp":"2026-06-11T04:54:47.315005Z","level":"info","event":"\u001b[31m✓ Удален: 074_тарифы_для_брокерского_счета_и_иис.json","logger":"task.stdout"}
{"timestamp":"2026-06-11T04:54:47.315258Z","level":"info","event":"\u001b[31m✓ Удален: 285_особенности_инвестирования_на_бирже.json","logger":"task.stdout"}
{"timestamp":"2026-06-11T04:54:47.315412Z","level":"info","event":"\u001b[31m✓ Удален: 086_как_вывести_деньги_с_брокерского_счета.json","logger":"task.stdout"}
{"timestamp":"2026-06-11T04:54:47.315571Z","level":"info","event":"\u001b[31m✓ Удален: 188_как_торговать_фьючерсами.json","logger":"task.stdout"}
{"timestamp":"2026-06-11T04:54:47.315836Z","level":"info","event":"\u001b[31m✓ Удален: 138_виртуальные_подарочные_акции_от_тинвестиций.json","logger":"task.stdout"}
{"timestamp":"2026-06-11T04:54:47.316782Z","level":"info","event":"\u001b[31m✓ Удален: 288_как_получить_статус_квалифицированного_инвестора.json","logger":"task.stdout"}
{"timestamp":"2026-06-11T04:54:47.316912Z","level":"info","event":"\u001b[31m✓ Удален: 115_как_покупать_и_продавать_драгоценные_металлы.json","logger":"task.stdout"}
{"timestamp":"2026-06-11T04:54:47.317001Z","level":"info","event":"","logger":"task.stdout"}
{"timestamp":"2026-06-11T04:54:47.317269Z","level":"info","event":"\u001b[32mУдалено пронумерованных файлов: 326","logger":"task.stdout"}
{"timestamp":"2026-06-11T04:54:47.317341Z","level":"info","event":"","logger":"task.stdout"}
{"timestamp":"2026-06-11T04:54:47.317458Z","level":"info","event":"\u001b[36m================================================================================","logger":"task.stdout"}
{"timestamp":"2026-06-11T04:54:47.317582Z","level":"info","event":"\u001b[36m🗑️  ШАГ 4: УДАЛЕНИЕ ЧЕКПОИНТОВ","logger":"task.stdout"}
{"timestamp":"2026-06-11T04:54:47.317646Z","level":"info","event":"\u001b[36m================================================================================\u001b[0m","logger":"task.stdout"}
{"timestamp":"2026-06-11T04:54:47.317722Z","level":"info","event":"","logger":"task.stdout"}
{"timestamp":"2026-06-11T04:54:47.318069Z","level":"info","event":"\u001b[32m✓ Удален: checkpoint_110_articles.json","logger":"task.stdout"}
{"timestamp":"2026-06-11T04:54:47.318463Z","level":"info","event":"\u001b[32m✓ Удален: checkpoint_190_articles.json","logger":"task.stdout"}
{"timestamp":"2026-06-11T04:54:47.318662Z","level":"info","event":"\u001b[32m✓ Удален: checkpoint_70_articles.json","logger":"task.stdout"}
{"timestamp":"2026-06-11T04:54:47.318895Z","level":"info","event":"\u001b[32m✓ Удален: checkpoint_80_articles.json","logger":"task.stdout"}
{"timestamp":"2026-06-11T04:54:47.319247Z","level":"info","event":"\u001b[32m✓ Удален: checkpoint_160_articles.json","logger":"task.stdout"}
{"timestamp":"2026-06-11T04:54:47.319456Z","level":"info","event":"\u001b[32m✓ Удален: checkpoint_10_articles.json","logger":"task.stdout"}
{"timestamp":"2026-06-11T04:54:47.319670Z","level":"info","event":"\u001b[32m✓ Удален: checkpoint_90_articles.json","logger":"task.stdout"}
{"timestamp":"2026-06-11T04:54:47.320052Z","level":"info","event":"\u001b[32m✓ Удален: checkpoint_170_articles.json","logger":"task.stdout"}
{"timestamp":"2026-06-11T04:54:47.320281Z","level":"info","event":"\u001b[32m✓ Удален: checkpoint_180_articles.json","logger":"task.stdout"}
{"timestamp":"2026-06-11T04:54:47.320491Z","level":"info","event":"\u001b[32m✓ Удален: checkpoint_60_articles.json","logger":"task.stdout"}
{"timestamp":"2026-06-11T04:54:47.321067Z","level":"info","event":"\u001b[32m✓ Удален: checkpoint_100_articles.json","logger":"task.stdout"}
{"timestamp":"2026-06-11T04:54:47.321204Z","level":"info","event":"\u001b[32m✓ Удален: checkpoint_40_articles.json","logger":"task.stdout"}
{"timestamp":"2026-06-11T04:54:47.321317Z","level":"info","event":"\u001b[32m✓ Удален: checkpoint_120_articles.json","logger":"task.stdout"}
{"timestamp":"2026-06-11T04:54:47.321637Z","level":"info","event":"\u001b[32m✓ Удален: checkpoint_30_articles.json","logger":"task.stdout"}
{"timestamp":"2026-06-11T04:54:47.321858Z","level":"info","event":"\u001b[32m✓ Удален: checkpoint_150_articles.json","logger":"task.stdout"}
{"timestamp":"2026-06-11T04:54:47.322133Z","level":"info","event":"\u001b[32m✓ Удален: checkpoint_140_articles.json","logger":"task.stdout"}
{"timestamp":"2026-06-11T04:54:47.322361Z","level":"info","event":"\u001b[32m✓ Удален: checkpoint_20_articles.json","logger":"task.stdout"}
{"timestamp":"2026-06-11T04:54:47.322493Z","level":"info","event":"\u001b[32m✓ Удален: checkpoint_130_articles.json","logger":"task.stdout"}
{"timestamp":"2026-06-11T04:54:47.322700Z","level":"info","event":"\u001b[32m✓ Удален: checkpoint_50_articles.json","logger":"task.stdout"}
{"timestamp":"2026-06-11T04:54:47.322859Z","level":"info","event":"\u001b[32m✓ Удален: checkpoint_270_articles.json","logger":"task.stdout"}
{"timestamp":"2026-06-11T04:54:47.323002Z","level":"info","event":"\u001b[32m✓ Удален: checkpoint_200_articles.json","logger":"task.stdout"}
{"timestamp":"2026-06-11T04:54:47.323192Z","level":"info","event":"\u001b[32m✓ Удален: checkpoint_280_articles.json","logger":"task.stdout"}
{"timestamp":"2026-06-11T04:54:47.323319Z","level":"info","event":"\u001b[32m✓ Удален: checkpoint_290_articles.json","logger":"task.stdout"}
{"timestamp":"2026-06-11T04:54:47.323461Z","level":"info","event":"\u001b[32m✓ Удален: checkpoint_210_articles.json","logger":"task.stdout"}
{"timestamp":"2026-06-11T04:54:47.323579Z","level":"info","event":"\u001b[32m✓ Удален: checkpoint_260_articles.json","logger":"task.stdout"}
{"timestamp":"2026-06-11T04:54:47.323749Z","level":"info","event":"\u001b[32m✓ Удален: checkpoint_240_articles.json","logger":"task.stdout"}
{"timestamp":"2026-06-11T04:54:47.323856Z","level":"info","event":"\u001b[32m✓ Удален: checkpoint_310_articles.json","logger":"task.stdout"}
{"timestamp":"2026-06-11T04:54:47.324056Z","level":"info","event":"\u001b[32m✓ Удален: checkpoint_230_articles.json","logger":"task.stdout"}
{"timestamp":"2026-06-11T04:54:47.324193Z","level":"info","event":"\u001b[32m✓ Удален: checkpoint_220_articles.json","logger":"task.stdout"}
{"timestamp":"2026-06-11T04:54:47.324420Z","level":"info","event":"\u001b[32m✓ Удален: checkpoint_300_articles.json","logger":"task.stdout"}
{"timestamp":"2026-06-11T04:54:47.324851Z","level":"info","event":"\u001b[32m✓ Удален: checkpoint_250_articles.json","logger":"task.stdout"}
{"timestamp":"2026-06-11T04:54:47.324971Z","level":"info","event":"","logger":"task.stdout"}
{"timestamp":"2026-06-11T04:54:47.325048Z","level":"info","event":"\u001b[32mУдалено чекпоинтов: 31","logger":"task.stdout"}
{"timestamp":"2026-06-11T04:54:47.325279Z","level":"info","event":"","logger":"task.stdout"}
{"timestamp":"2026-06-11T04:54:47.325348Z","level":"info","event":"\u001b[36m================================================================================","logger":"task.stdout"}
{"timestamp":"2026-06-11T04:54:47.325471Z","level":"info","event":"\u001b[36m✅ ПРОВЕРКА РЕЗУЛЬТАТА","logger":"task.stdout"}
{"timestamp":"2026-06-11T04:54:47.325577Z","level":"info","event":"\u001b[36m================================================================================\u001b[0m","logger":"task.stdout"}
{"timestamp":"2026-06-11T04:54:47.325624Z","level":"info","event":"","logger":"task.stdout"}
{"timestamp":"2026-06-11T04:54:47.326410Z","level":"info","event":"\u001b[32mВсего файлов: 113","logger":"task.stdout"}
{"timestamp":"2026-06-11T04:54:47.329079Z","level":"info","event":"\u001b[32m✅ Пронумерованных файлов не осталось!","logger":"task.stdout"}
{"timestamp":"2026-06-11T04:54:47.329241Z","level":"info","event":"\u001b[32m✅ Все файлы имеют корректные названия!","logger":"task.stdout"}
{"timestamp":"2026-06-11T04:54:47.329342Z","level":"info","event":"","logger":"task.stdout"}
{"timestamp":"2026-06-11T04:54:47.329510Z","level":"info","event":"\u001b[36m================================================================================","logger":"task.stdout"}
{"timestamp":"2026-06-11T04:54:47.330307Z","level":"info","event":"","logger":"task.stdout"}
{"timestamp":"2026-06-11T04:54:47.330444Z","level":"info","event":"\u001b[36m================================================================================","logger":"task.stdout"}
{"timestamp":"2026-06-11T04:54:47.330529Z","level":"info","event":"\u001b[36m📊 ИТОГОВАЯ СТАТИСТИКА ОЧИСТКИ","logger":"task.stdout"}
{"timestamp":"2026-06-11T04:54:47.330734Z","level":"info","event":"\u001b[36m================================================================================\u001b[0m","logger":"task.stdout"}
{"timestamp":"2026-06-11T04:54:47.330859Z","level":"info","event":"","logger":"task.stdout"}
{"timestamp":"2026-06-11T04:54:47.330983Z","level":"info","event":"\u001b[32m  • Удалено дубликатов: 20","logger":"task.stdout"}
{"timestamp":"2026-06-11T04:54:47.331227Z","level":"info","event":"\u001b[32m  • Создано файлов без нумерации: 113","logger":"task.stdout"}
{"timestamp":"2026-06-11T04:54:47.331302Z","level":"info","event":"\u001b[32m  • Удалено пронумерованных: 326","logger":"task.stdout"}
{"timestamp":"2026-06-11T04:54:47.332992Z","level":"info","event":"\u001b[32m  • Удалено чекпоинтов: 31","logger":"task.stdout"}
{"timestamp":"2026-06-11T04:54:47.333166Z","level":"info","event":"","logger":"task.stdout"}
{"timestamp":"2026-06-11T04:54:47.333291Z","level":"info","event":"\u001b[36m================================================================================","logger":"task.stdout"}
{"timestamp":"2026-06-11T04:54:47.333405Z","level":"info","event":"","logger":"task.stdout"}
{"timestamp":"2026-06-11T04:54:47.333505Z","level":"info","event":"\u001b[32m================================================================================","logger":"task.stdout"}
{"timestamp":"2026-06-11T04:54:47.333728Z","level":"info","event":"\u001b[32m🎉 ВСЕ ЗАВЕРШЕНО!","logger":"task.stdout"}
{"timestamp":"2026-06-11T04:54:47.333834Z","level":"info","event":"\u001b[32m================================================================================\u001b[0m","logger":"task.stdout"}
{"timestamp":"2026-06-11T04:54:47.333973Z","level":"info","event":"","logger":"task.stdout"}
{"timestamp":"2026-06-11T04:54:47.335051Z","level":"info","event":"\u001b[36m📁 Директория: /opt/airflow/tbank_knowledge","logger":"task.stdout"}
{"timestamp":"2026-06-11T04:54:47.336192Z","level":"info","event":"\u001b[36m📚 Уникальных статей: 318","logger":"task.stdout"}
{"timestamp":"2026-06-11T04:54:47.337191Z","level":"info","event":"","logger":"task.stdout"}
{"timestamp":"2026-06-11T04:54:47.337509Z","level":"info","event":"Окончание парсинга","logger":"task.stdout"}
{"timestamp":"2026-06-11T04:54:47.340936Z","level":"info","event":"Done. Returned value was: {'status': 'success', 'timestamp': '2026-06-11 04:54:47.334993'}","run_id":"scheduled__2026-06-11T00:00:00+00:00","task_id":"run_tbank_parser","map_index":-1,"try_number":1,"dag_id":"daily_data_update","ti_id":"019eb4ff-06c8-70b8-b4b9-323f52a2602a","logger":"airflow.task.operators.airflow.providers.standard.operators.python.PythonOperator","filename":"python.py","lineno":233}
{"timestamp":"2026-06-11T04:54:47.344494Z","level":"info","event":"::group::Post Execute","run_id":"scheduled__2026-06-11T00:00:00+00:00","task_id":"run_tbank_parser","map_index":-1,"try_number":1,"dag_id":"daily_data_update","ti_id":"019eb4ff-06c8-70b8-b4b9-323f52a2602a","logger":"task","filename":"task_runner.py","lineno":1288}
{"timestamp":"2026-06-11T04:54:47.350504Z","level":"info","event":"Pushing xcom","ti":"RuntimeTaskInstance(id=UUID('019eb4ff-06c8-70b8-b4b9-323f52a2602a'), task_id='run_tbank_parser', dag_id='daily_data_update', run_id='scheduled__2026-06-11T00:00:00+00:00', try_number=1, dag_version_id=UUID('019eb4ff-04c9-71de-936c-5b8b73da6aeb'), map_index=-1, hostname='be6fcdf0ae27', context_carrier={'traceparent': '00-ce6bfdc90f9061fcd6a479e902d55667-530a11d2c94da6c4-01'}, task=<Task(PythonOperator): run_tbank_parser>, bundle_instance=LocalDagBundle(name=dags-folder), max_tries=1, start_date=datetime.datetime(2026, 6, 11, 4, 44, 41, 211486, tzinfo=datetime.timezone.utc), end_date=None, state=<TaskInstanceState.RUNNING: 'running'>, is_mapped=False, rendered_map_index=None, sentry_integration='')","run_id":"scheduled__2026-06-11T00:00:00+00:00","task_id":"run_tbank_parser","map_index":-1,"try_number":1,"dag_id":"daily_data_update","ti_id":"019eb4ff-06c8-70b8-b4b9-323f52a2602a","logger":"task","filename":"task_runner.py","lineno":1791}
{"timestamp":"2026-06-11T04:54:47.616809Z","level":"info","event":"Task instance in success state","logger":"task.stdout"}
{"timestamp":"2026-06-11T04:54:47.616983Z","level":"info","event":" Previous state of the Task instance: TaskInstanceState.RUNNING","logger":"task.stdout"}
{"timestamp":"2026-06-11T04:54:47.621766Z","level":"info","event":"Task operator:<Task(PythonOperator): run_tbank_parser>","logger":"task.stdout"}
{"timestamp":"2026-06-11T04:54:47.621755Z","level":"info","event":"::endgroup::","run_id":"scheduled__2026-06-11T00:00:00+00:00","task_id":"run_tbank_parser","map_index":-1,"try_number":1,"dag_id":"daily_data_update","ti_id":"019eb4ff-06c8-70b8-b4b9-323f52a2602a","logger":"task","filename":"task_runner.py","lineno":1896}
